{
    "atom_type": [
        "N",
        "Zr"
    ],
    "atoms_per_type": [
        4,
        8
    ],
    "coord_mode": "direct",
    "relaxed_basis": [
        [0.12468695, 0.2493739, 0.68715101],
        [0.37636574, 0.75273148, 0.563134],
        [0.62363426, 0.24726852, 0.436866],
        [0.87531305, 0.7506261, 0.31284899],
        [0.0, 0.0, 0.0],
        [0.25120163, 0.50240327, 0.87987067],
        [0.50542412, 0.01084825, 0.74744374],
        [0.74487876, 0.48975752, 0.62280067],
        [0.0, 0.0, 0.5],
        [0.25512124, 0.51024248, 0.37719933],
        [0.49457588, 0.98915175, 0.25255626],
        [0.74879837, 0.49759673, 0.12012933]
    ],
    "relaxed_energy": -115.61589904,
    "relaxed_forces": [
        [-0.04413582, 0.04413582, 0.07891868],
        [0.018863, -0.018863, 0.03006746],
        [-0.018863, 0.018863, -0.03006746],
        [0.04413582, -0.04413582, -0.07891868],
        [0.0, 0.0, 0.0],
        [-0.03538245, 0.03538245, 0.03971196],
        [-0.04058786, 0.04058786, -0.01935768],
        [-0.03458237, 0.03458237, 0.00581786],
        [0.0, -0.0, 0.0],
        [0.03458237, -0.03458237, -0.00581786],
        [0.04058786, -0.04058786, 0.01935768],
        [0.03538245, -0.03538245, -0.03971196]
    ],
    "relaxed_lattice": [
        [2.30357338, 2.30357338, -0.0],
        [-4.60247836, 2.29890499, 2.28485245],
        [4.60329926, -4.60329926, 9.14664811]
    ]
}