{
    "atom_type": [
        "N",
        "Zr"
    ],
    "atoms_per_type": [
        4,
        8
    ],
    "coord_mode": "direct",
    "relaxed_basis": [
        [0.5, 0.50072619, 0.49989538],
        [0.5, 0.7489925, 0.99766082],
        [0.0, 0.87470855, 0.74912626],
        [0.5, 0.99879303, 0.50017444],
        [0.0, 0.99105559, 0.00099865],
        [0.5, 0.11403681, 0.74513115],
        [0.0, 0.24889134, 0.49802642],
        [0.5, 0.37394325, 0.25003507],
        [0.0, 0.50946422, 0.00492178],
        [0.5, 0.63817893, 0.75062274],
        [0.0, 0.7524792, 0.50452366],
        [0.5, 0.87373038, 0.24888361]
    ],
    "relaxed_energy": -115.78199879,
    "relaxed_forces": [
        [-0.01150774, 0.01150774, -0.03853694],
        [0.05458905, -0.05458905, -0.04830197],
        [-0.06551584, 0.06551584, 0.06855254],
        [0.00673562, -0.00673562, -0.05438732],
        [0.02804555, -0.02804555, 0.08787459],
        [-0.05776071, 0.05776071, -0.03912078],
        [-0.01073816, 0.01073816, -0.00962401],
        [0.04913636, -0.04913636, 0.00874409],
        [-0.01298881, 0.01298881, 0.10496185],
        [-0.01088624, 0.01088624, -0.06736035],
        [0.01373306, -0.01373306, -0.0733311],
        [0.01715786, -0.01715786, 0.06052941]
    ],
    "relaxed_lattice": [
        [2.31023727, 2.31023727, 0.0],
        [-4.59926635, 4.59926635, -0.01729447],
        [2.31699079, -2.31699079, 9.15373973]
    ]
}