{
    "atom_type": [
        "N",
        "Zr"
    ],
    "atoms_per_type": [
        2,
        7
    ],
    "coord_mode": "direct",
    "relaxed_basis": [
        [0.35693289, 0.35693289, 0.92920144],
        [0.50021001, 0.50021001, 0.49936996],
        [0.00106692, 0.00106692, 0.99679924],
        [0.14391496, 0.14391496, 0.56825501],
        [0.28477569, 0.28477569, 0.14567293],
        [0.4285714, 0.4285714, 0.7142857],
        [0.57236721, 0.57236721, 0.28289847],
        [0.71322784, 0.71322784, 0.86031649],
        [0.85607598, 0.85607598, 0.43177216]
    ],
    "relaxed_energy": -83.20067161,
    "relaxed_forces": [
        [-0.01229062, 0.01229062, 0.01229062],
        [0.01229062, -0.01229062, -0.01229062],
        [-0.02534822, 0.02534822, 0.02534822],
        [0.01198923, -0.01198923, -0.01198923],
        [-0.02496301, 0.02496301, 0.02496301],
        [-0.0, -0.0, 0.0],
        [0.02496301, -0.02496301, -0.02496301],
        [-0.01198923, 0.01198923, 0.01198923],
        [0.02534822, -0.02534822, -0.02534822]
    ],
    "relaxed_lattice": [
        [2.2999366, 0.0, 2.2999366],
        [2.2999366, 2.2999366, 0.0],
        [-9.14787794, 11.44781453, 11.44781453]
    ]
}