{
    "atom_type": [
        "N",
        "Zr"
    ],
    "atoms_per_type": [
        4,
        8
    ],
    "coord_mode": "direct",
    "relaxed_basis": [
        [0.5, 0.62436388, 0.37237974],
        [0.5, 0.87290274, 0.12445672],
        [0.0, 0.00073133, 0.49934157],
        [0.5, 0.12350338, 0.87508529],
        [0.0, 0.00094499, 0.99829128],
        [0.5, 0.11710648, 0.37639674],
        [0.0, 0.24531738, 0.7567595],
        [0.5, 0.37472111, 0.12598762],
        [0.0, 0.50623183, 0.49783104],
        [0.5, 0.6242187, 0.87474037],
        [0.0, 0.75316696, 0.25551982],
        [0.5, 0.88179122, 0.61821031]
    ],
    "relaxed_energy": -115.73357404,
    "relaxed_forces": [
        [-0.03940864, 0.03940864, 0.00240398],
        [0.00661163, -0.00661163, -0.0631788],
        [-0.05742819, 0.05742819, 0.0492194],
        [0.0746853, -0.0746853, 0.01342652],
        [0.03429622, -0.03429622, -0.02983943],
        [-0.02706868, 0.02706868, 0.04770126],
        [0.02994892, -0.02994892, 0.12858037],
        [0.06880288, -0.06880288, -0.0101498],
        [-0.03340528, 0.03340528, 0.07040212],
        [-0.01613328, 0.01613328, -0.09421918],
        [-0.0141785, 0.0141785, -0.07585918],
        [-0.02672237, 0.02672237, -0.03848726]
    ],
    "relaxed_lattice": [
        [2.31228615, 2.31228615, 0.0],
        [-4.63071547, 4.63071547, 4.53973509],
        [4.63057036, -4.63057036, 4.53952454]
    ]
}