{
    "atom_type": [
        "N",
        "Zr"
    ],
    "atoms_per_type": [
        3,
        8
    ],
    "coord_mode": "direct",
    "relaxed_basis": [
        [0.0, 0.62688583, 0.87629887],
        [0.5, 0.875, 0.125],
        [0.0, 0.12311417, 0.37370113],
        [0.0, 0.98653203, 0.00158525],
        [0.5, 0.00297662, 0.50015266],
        [0.5, 0.23864703, 0.25475454],
        [0.0, 0.25399033, 0.75019181],
        [0.0, 0.49600967, 0.49980819],
        [0.5, 0.51135297, 0.99524546],
        [0.5, 0.74702338, 0.74984734],
        [0.0, 0.76346797, 0.24841475]
    ],
    "relaxed_energy": -103.75541195,
    "relaxed_forces": [
        [0.04668079, 0.03614404, -0.04668079],
        [0.0, -0.0, -0.0],
        [-0.04668079, -0.03614404, 0.04668079],
        [0.03718342, -0.01975556, -0.03718342],
        [-0.06677953, 0.02283736, 0.06677953],
        [0.03254069, 0.00855935, -0.03254069],
        [-0.00639161, 0.04273509, 0.00639161],
        [0.00639161, -0.04273509, -0.00639161],
        [-0.03254069, -0.00855935, 0.03254069],
        [0.06677953, -0.02283736, -0.06677953],
        [-0.03718342, 0.01975556, 0.03718342]
    ],
    "relaxed_lattice": [
        [2.29919405, 0.0, 2.29919405],
        [2.26528332, 4.61972085, -2.26528332],
        [-6.85871562, 4.68297666, 6.85871562]
    ]
}