{
    "atom_type": [
        "N",
        "Zr"
    ],
    "atoms_per_type": [
        2,
        5
    ],
    "coord_mode": "direct",
    "relaxed_basis": [
        [0.99786755, 0.5025716, 0.5016933],
        [0.20213245, 0.8974284, 0.6983067],
        [0.9964666, 0.00421756, 0.00284925],
        [0.6, 0.2, 0.6],
        [0.2035334, 0.39578244, 0.19715075],
        [0.79585752, 0.6161655, 0.79211946],
        [0.40414248, 0.7838345, 0.40788054]
    ],
    "relaxed_energy": -66.27440133,
    "relaxed_forces": [
        [0.10781936, -0.10781936, -0.06345396],
        [-0.10781936, 0.10781936, 0.06345396],
        [-0.00645817, 0.00645817, 0.11396851],
        [0.0, -0.0, 0.0],
        [0.00645817, -0.00645817, -0.11396851],
        [-0.02933197, 0.02933197, 0.12506952],
        [0.02933197, -0.02933197, -0.12506952]
    ],
    "relaxed_lattice": [
        [2.30713726, 2.30713726, 0.0],
        [-2.29614704, 4.60328429, 2.26991708],
        [2.31595225, -0.00881499, 6.84725186]
    ]
}