{
    "atom_type": [
        "N",
        "Zr"
    ],
    "atoms_per_type": [
        2,
        8
    ],
    "coord_mode": "direct",
    "relaxed_basis": [
        [0.0, 0.5, 0.74657621],
        [0.5, 0.0, 0.87842379],
        [0.0, 0.0, 0.99934168],
        [0.5, 0.5, 0.13392992],
        [0.0, 0.0, 0.2491686],
        [0.5, 0.5, 0.3758314],
        [0.0, 0.0, 0.49107008],
        [0.5, 0.5, 0.62565832],
        [0.0, 0.0, 0.75770283],
        [0.5, 0.5, 0.86729717]
    ],
    "relaxed_energy": -91.82254731,
    "relaxed_forces": [
        [0.03392047, 0.0, -0.03392047],
        [-0.03392047, 0.0, 0.03392047],
        [-0.02623449, 0.0, 0.02623449],
        [-0.01905481, 0.0, 0.01905481],
        [0.01238693, 0.0, -0.01238693],
        [-0.01238693, 0.0, 0.01238693],
        [0.01905481, 0.0, -0.01905481],
        [0.02623449, 0.0, -0.02623449],
        [-0.00679255, 0.0, 0.00679255],
        [0.00679255, 0.0, -0.00679255]
    ],
    "relaxed_lattice": [
        [2.3046547, 0.0, 2.3046547],
        [0.0, 4.5356897, 0.0],
        [-9.1918407, 0.0, 9.1918407]
    ]
}