{
    "atom_type": [
        "N",
        "Zr"
    ],
    "atoms_per_type": [
        5,
        8
    ],
    "coord_mode": "direct",
    "relaxed_basis": [
        [0.5, 0.5, 0.24862265],
        [0.0, 0.0, 0.37511241],
        [0.5, 0.5, 0.5],
        [0.0, 0.0, 0.62488759],
        [0.5, 0.5, 0.75137735],
        [0.0, 0.0, 0.0],
        [0.5, 0.5, 0.12309172],
        [0.0, 0.0, 0.25189922],
        [0.5, 0.5, 0.37323481],
        [0.0, 0.0, 0.5],
        [0.5, 0.5, 0.62676519],
        [0.0, 0.0, 0.74810078],
        [0.5, 0.5, 0.87690828]
    ],
    "relaxed_energy": -127.47026651,
    "relaxed_forces": [
        [-0.0, -0.0, 0.19587813],
        [-0.0, 0.0, -0.06522632],
        [-0.0, 0.0, -0.0],
        [-0.0, 0.0, 0.06522632],
        [0.0, 0.0, -0.19587813],
        [-0.0, 0.0, -0.0],
        [0.0, -0.0, 0.02536748],
        [-0.0, 0.0, -0.07606239],
        [0.0, -0.0, 0.0922908],
        [-0.0, 0.0, -0.0],
        [0.0, -0.0, -0.0922908],
        [0.0, 0.0, 0.07606239],
        [0.0, 0.0, -0.02536748]
    ],
    "relaxed_lattice": [
        [2.30085895, 2.30085895, 0.0],
        [2.30085895, -2.30085895, 0.0],
        [0.0, 0.0, -18.28572222]
    ]
}