{
    "atom_type": [
        "N",
        "Zr"
    ],
    "atoms_per_type": [
        3,
        5
    ],
    "coord_mode": "direct",
    "relaxed_basis": [
        [0.50087843, 0.99653576, 0.00170739],
        [0.7, 0.2, 0.4],
        [0.89912157, 0.40346424, 0.79829261],
        [0.97784117, 0.02507915, 0.01923851],
        [0.2, 0.2, 0.4],
        [0.42215883, 0.37492085, 0.78076149],
        [0.61017398, 0.59853309, 0.18111895],
        [0.78982602, 0.80146691, 0.61888105]
    ],
    "relaxed_energy": -78.67530512,
    "relaxed_forces": [
        [-0.0, -0.00366538, -0.0085011],
        [-0.0, -0.0, -0.0],
        [0.0, 0.00366538, 0.0085011],
        [0.0, -0.01259809, 0.00977531],
        [-0.0, -0.0, -0.0],
        [-0.0, 0.01259809, -0.00977531],
        [-0.0, -0.00026057, -0.04017506],
        [0.0, 0.00026057, 0.04017506]
    ],
    "relaxed_lattice": [
        [4.56731569, 0.0, 0.0],
        [2.28365785, 4.59515215, 2.36719702],
        [2.28365785, -2.27481999, 4.68848899]
    ]
}