{
    "atom_type": [
        "N",
        "Zr"
    ],
    "atoms_per_type": [
        1,
        6
    ],
    "coord_mode": "direct",
    "relaxed_basis": [
        [0.5, 0.0, 0.8333333],
        [0.0, 0.0, 0.99411992],
        [0.5, 0.5, 0.17336665],
        [0.0, 0.0, 0.3333333],
        [0.5, 0.5, 0.49330005],
        [0.0, 0.0, 0.67254678],
        [0.5, 0.5, 0.8333333]
    ],
    "relaxed_energy": -62.9211146,
    "relaxed_forces": [
        [0.0, 0.0, 0.0],
        [0.06055233, 0.0, -0.06055233],
        [-0.03954141, 0.0, 0.03954141],
        [0.0, 0.0, -0.0],
        [0.03954141, 0.0, -0.03954141],
        [-0.06055233, 0.0, 0.06055233],
        [-0.0, 0.0, -0.0]
    ],
    "relaxed_lattice": [
        [2.29157816, 0.0, 2.29157816],
        [0.0, 4.58321787, 0.0],
        [-6.83960099, 0.0, 6.83960099]
    ]
}