{
    "atom_type": [
        "N",
        "Zr"
    ],
    "atoms_per_type": [
        5,
        8
    ],
    "coord_mode": "direct",
    "relaxed_basis": [
        [0.5, 0.50062499, 0.49937501],
        [0.0, 0.75, 0.75],
        [0.5, 0.99937501, 0.00062499],
        [0.0, 0.25, 0.75],
        [0.0, 0.25, 0.25],
        [0.0, 0.00576214, 0.99423786],
        [0.0, 0.0033915, 0.5033915],
        [0.5, 0.25, 0.25],
        [0.5, 0.25, 0.75],
        [0.0, 0.49423786, 0.50576214],
        [0.0, 0.4966085, 0.9966085],
        [0.5, 0.75, 0.75],
        [0.5, 0.75, 0.25]
    ],
    "relaxed_energy": -127.51559454,
    "relaxed_forces": [
        [0.0, -0.0, 0.08953509],
        [0.0, -0.0, -0.0],
        [0.0, -0.0, -0.08953509],
        [0.0, -0.0, -0.0],
        [0.0, -0.0, -0.0],
        [0.0, -0.0, -0.00485105],
        [0.0, -0.06272878, -0.0],
        [0.0, -0.0, -0.0],
        [0.0, -0.0, -0.0],
        [0.0, -0.0, 0.00485105],
        [0.0, 0.06272878, -0.0],
        [0.0, -0.0, -0.0],
        [0.0, -0.0, -0.0]
    ],
    "relaxed_lattice": [
        [-4.61727953, 0.0, 0.0],
        [0.0, 4.59134031, 4.5677378],
        [0.0, 4.59134031, -4.5677378]
    ]
}