{
    "atom_type": [
        "N",
        "Zr"
    ],
    "atoms_per_type": [
        4,
        8
    ],
    "coord_mode": "direct",
    "relaxed_basis": [
        [0.0, 0.0, 0.12321798],
        [0.0, 0.0, 0.37469229],
        [0.5, 0.5, 0.50030771],
        [0.5, 0.5, 0.75178202],
        [0.0, 0.0, 0.99866118],
        [0.5, 0.5, 0.1252483],
        [0.0, 0.0, 0.2485571],
        [0.5, 0.5, 0.37745447],
        [0.0, 0.0, 0.49754553],
        [0.5, 0.5, 0.6264429],
        [0.0, 0.0, 0.7497517],
        [0.5, 0.5, 0.87633882]
    ],
    "relaxed_energy": -115.6392872,
    "relaxed_forces": [
        [-0.0, -0.0, 0.12213178],
        [0.0, 0.0, -0.00694395],
        [-0.0, -0.0, 0.00694395],
        [-0.0, 0.0, -0.12213178],
        [0.0, 0.0, 0.12798366],
        [0.0, -0.0, -0.02440771],
        [0.0, 0.0, 0.16463169],
        [-0.0, -0.0, -0.17619275],
        [0.0, 0.0, 0.17619275],
        [-0.0, -0.0, -0.16463169],
        [-0.0, 0.0, 0.02440771],
        [-0.0, -0.0, -0.12798366]
    ],
    "relaxed_lattice": [
        [2.31058418, 2.31058418, 0.0],
        [2.31058418, -2.31058418, 0.0],
        [0.0, 0.0, -18.17667096]
    ]
}