{
    "atom_type": [
        "N",
        "Zr"
    ],
    "atoms_per_type": [
        2,
        8
    ],
    "coord_mode": "direct",
    "relaxed_basis": [
        [0.56235554, 0.18853068, 0.12471108],
        [0.93764446, 0.31146932, 0.87528892],
        [0.0020879, 0.01341311, 0.0041758],
        [0.12475329, 0.36957495, 0.24950658],
        [0.25, 0.75, 0.5],
        [0.37524671, 0.13042505, 0.75049342],
        [0.4979121, 0.48658689, 0.9958242],
        [0.62627482, 0.88071823, 0.25254965],
        [0.75, 0.25, 0.5],
        [0.87372518, 0.61928177, 0.74745035]
    ],
    "relaxed_energy": -91.71886053,
    "relaxed_forces": [
        [0.03125666, 0.07859487, 0.03125666],
        [-0.03125666, -0.07859487, -0.03125666],
        [0.01716684, 0.00970576, 0.01716684],
        [0.02407437, 0.01898733, 0.02407437],
        [-0.0, -0.0, -0.0],
        [-0.02407437, -0.01898733, -0.02407437],
        [-0.01716684, -0.00970576, -0.01716684],
        [0.03711629, -0.06979887, 0.03711629],
        [-0.0, 0.0, -0.0],
        [-0.03711629, 0.06979887, -0.03711629]
    ],
    "relaxed_lattice": [
        [2.29900572, 0.0, -2.29900572],
        [2.2676638, 4.57075255, 2.2676638],
        [4.58372598, -6.92011631, 6.8827317]
    ]
}