{
    "atom_type": [
        "N",
        "Zr"
    ],
    "atoms_per_type": [
        1,
        6
    ],
    "coord_mode": "direct",
    "relaxed_basis": [
        [0.5, 0.5, 0.5],
        [0.0, 0.0, 0.0],
        [0.5, 0.17103107, 0.66785298],
        [0.0, 0.33986466, 0.33841465],
        [0.5, 0.5, 0.0],
        [0.0, 0.66013534, 0.66158535],
        [0.5, 0.82896893, 0.33214702]
    ],
    "relaxed_energy": -62.80882891,
    "relaxed_forces": [
        [0.0, 0.0, -0.0],
        [0.0, 0.0, -0.0],
        [0.02246913, -0.03950773, 0.02246913],
        [-0.03919984, -0.01717294, -0.03919984],
        [0.0, 0.0, -0.0],
        [0.03919984, 0.01717294, 0.03919984],
        [-0.02246913, 0.03950773, -0.02246913]
    ],
    "relaxed_lattice": [
        [2.27581553, 0.0, -2.27581553],
        [2.26550379, 4.61564573, 2.26550379],
        [4.54847564, -4.63309285, 4.54847564]
    ]
}