{
    "atom_type": [
        "N",
        "Zr"
    ],
    "atoms_per_type": [
        5,
        8
    ],
    "coord_mode": "direct",
    "relaxed_basis": [
        [0.18816677, 0.06129691, 0.37633355],
        [0.43683323, 0.81370309, 0.87366645],
        [0.68798054, 0.56359489, 0.37596107],
        [0.8125, 0.9375, 0.625],
        [0.93701946, 0.31140511, 0.87403893],
        [0.99793705, 0.99985964, 0.9958741],
        [0.12745648, 0.37590324, 0.25491295],
        [0.24784486, 0.75630387, 0.49568972],
        [0.37715514, 0.11869613, 0.75431028],
        [0.49754352, 0.49909676, 0.99508705],
        [0.62706295, 0.87514036, 0.2541259],
        [0.7463191, 0.24150992, 0.49263819],
        [0.8786809, 0.63349008, 0.75736181]
    ],
    "relaxed_energy": -127.86971456,
    "relaxed_forces": [
        [-0.03735851, -0.00615483, -0.03735851],
        [0.03735851, 0.00615483, 0.03735851],
        [0.03306308, -0.03010926, 0.03306308],
        [-0.0, 0.0, -0.0],
        [-0.03306308, 0.03010926, -0.03306308],
        [0.01076189, 0.00125444, 0.01076189],
        [0.03026921, 0.00099253, 0.03026921],
        [0.00846846, -0.04386091, 0.00846846],
        [-0.00846846, 0.04386091, -0.00846846],
        [-0.03026921, -0.00099253, -0.03026921],
        [-0.01076189, -0.00125444, -0.01076189],
        [-0.00310074, 0.00170416, -0.00310074],
        [0.00310074, -0.00170416, 0.00310074]
    ],
    "relaxed_lattice": [
        [2.30808346, 0.0, -2.30808346],
        [2.30605396, 4.60243442, 2.30605396],
        [4.57467921, -6.86728999, 6.88276267]
    ]
}