{
    "atom_type": [
        "N",
        "Zr"
    ],
    "atoms_per_type": [
        5,
        8
    ],
    "coord_mode": "direct",
    "relaxed_basis": [
        [0.0, 0.74644061, 0.75],
        [0.5, 0.00017169, 0.49928426],
        [0.5, 0.00017169, 0.00071574],
        [0.0, 0.24995806, 0.75],
        [0.0, 0.24932476, 0.25],
        [0.0, 0.00642138, 0.99447285],
        [0.0, 0.00642138, 0.50552715],
        [0.5, 0.23981209, 0.25],
        [0.5, 0.23653312, 0.75],
        [0.0, 0.49673761, 0.50373905],
        [0.0, 0.49673761, 0.99626095],
        [0.5, 0.76338856, 0.75],
        [0.5, 0.75788146, 0.25]
    ],
    "relaxed_energy": -127.94909111,
    "relaxed_forces": [
        [0.0, -0.02603361, -0.02603361],
        [0.0, -0.03678171, -0.01147535],
        [0.0, -0.01147535, -0.03678171],
        [0.0, 0.03632366, 0.03632366],
        [0.0, 0.06823241, 0.06823241],
        [0.0, -0.00659526, -0.01667699],
        [0.0, -0.01667699, -0.00659526],
        [0.0, -0.05088512, -0.05088512],
        [0.0, 0.0069124, 0.0069124],
        [0.0, 0.014782, -0.00941905],
        [0.0, -0.00941905, 0.014782],
        [0.0, 0.01705754, 0.01705754],
        [0.0, 0.0145591, 0.0145591]
    ],
    "relaxed_lattice": [
        [-4.58460621, 0.0, 0.0],
        [0.0, 4.60340049, 4.60340049],
        [0.0, 4.61636891, -4.61636891]
    ]
}