{
    "atom_type": [
        "N",
        "Zr"
    ],
    "atoms_per_type": [
        5,
        8
    ],
    "coord_mode": "direct",
    "relaxed_basis": [
        [0.87355171, 0.74710342, 0.81109433],
        [0.12517685, 0.25035371, 0.68637368],
        [0.375, 0.75, 0.5625],
        [0.62482315, 0.24964629, 0.43862632],
        [0.87644829, 0.75289658, 0.31390567],
        [0.00227203, 0.00454405, 0.0008871],
        [0.25441336, 0.50882672, 0.87314852],
        [0.49712967, 0.99425933, 0.74991756],
        [0.74934305, 0.49868609, 0.62836367],
        [0.00065695, 0.00131391, 0.49663633],
        [0.25287033, 0.50574067, 0.37508244],
        [0.49558664, 0.99117328, 0.25185148],
        [0.74772797, 0.49545595, 0.1241129]
    ],
    "relaxed_energy": -127.53245538,
    "relaxed_forces": [
        [-0.03728633, 0.03728633, -0.01033149],
        [-0.00629197, 0.00629197, -0.02545521],
        [0.0, 0.0, -0.0],
        [0.00629197, -0.00629197, 0.02545521],
        [0.03728633, -0.03728633, 0.01033149],
        [-0.02459847, 0.02459847, 0.0187967],
        [-0.07700428, 0.07700428, -0.02084972],
        [-0.00225175, 0.00225175, -0.03284969],
        [-0.00524769, 0.00524769, 0.00611726],
        [0.00524769, -0.00524769, -0.00611726],
        [0.00225175, -0.00225175, 0.03284969],
        [0.07700428, -0.07700428, 0.02084972],
        [0.02459847, -0.02459847, -0.0187967]
    ],
    "relaxed_lattice": [
        [2.30109309, 2.30109309, -0.0],
        [-4.58843408, 2.287341, 2.28485289],
        [4.60964661, -4.60964661, 9.21672945]
    ]
}