{
    "atom_type": [
        "N",
        "Zr"
    ],
    "atoms_per_type": [
        4,
        8
    ],
    "coord_mode": "direct",
    "relaxed_basis": [
        [0.5, 0.0, 0.5],
        [0.62549887, 0.62549887, 0.75099774],
        [0.0, 0.5, 0.5],
        [0.37450113, 0.37450113, 0.24900226],
        [0.0, 0.0, 0.0],
        [0.37479528, 0.86556571, 0.740361],
        [0.73751847, 0.73751847, 0.5],
        [0.13443429, 0.62520472, 0.259639],
        [0.5, 0.5, 0.0],
        [0.86556571, 0.37479528, 0.740361],
        [0.26248153, 0.26248153, 0.5],
        [0.62520472, 0.13443429, 0.259639]
    ],
    "relaxed_energy": -116.07358416,
    "relaxed_forces": [
        [0.0, -0.0, -0.0],
        [0.0, -0.07092165, 0.07092165],
        [0.0, 0.0, -0.0],
        [0.0, 0.07092165, -0.07092165],
        [0.0, 0.0, -0.0],
        [-0.00539602, 0.03413858, -0.03413858],
        [0.0, 0.03722827, 0.03722827],
        [-0.00539602, -0.03413858, 0.03413858],
        [0.0, 0.0, -0.0],
        [0.00539602, 0.03413858, -0.03413858],
        [0.0, -0.03722827, -0.03722827],
        [0.00539602, -0.03413858, 0.03413858]
    ],
    "relaxed_lattice": [
        [4.61049726, 2.3023081, 2.3023081],
        [-4.61049726, 2.3023081, 2.3023081],
        [0.0, -6.89701255, 2.29239635]
    ]
}