{
    "atom_type": [
        "N",
        "Zr"
    ],
    "atoms_per_type": [
        1,
        6
    ],
    "coord_mode": "direct",
    "relaxed_basis": [
        [0.3333333, 0.75, 0.5833333],
        [0.99541722, 0.00412319, 0.00504238],
        [0.33442134, 0.49513945, 0.83601777],
        [0.67387159, 0.98639761, 0.66585931],
        [0.99279511, 0.51360239, 0.50080739],
        [0.33224526, 0.00486055, 0.33064883],
        [0.67124948, 0.49587681, 0.16162432]
    ],
    "relaxed_energy": -62.83310191,
    "relaxed_forces": [
        [-0.0, -0.0, -0.0],
        [0.0243093, 0.0243093, 0.05256411],
        [-0.07220178, -0.07220178, 0.04731458],
        [-0.11775438, -0.11775439, 0.06295714],
        [0.11775438, 0.11775439, -0.06295714],
        [0.07220178, 0.07220178, -0.04731458],
        [-0.0243093, -0.0243093, -0.05256411]
    ],
    "relaxed_lattice": [
        [2.29019885, -2.29019885, -0.0],
        [4.57105296, 2.28085412, -2.27144349],
        [4.59737959, 2.30718075, 6.89232967]
    ]
}