{
    "atom_type": [
        "N",
        "Zr"
    ],
    "atoms_per_type": [
        3,
        8
    ],
    "coord_mode": "direct",
    "relaxed_basis": [
        [0.0, 0.5, 0.5000179],
        [0.0, 0.5, 0.74827673],
        [0.5, 0.0, 0.8781701],
        [0.0, 0.0, 0.99800837],
        [0.5, 0.5, 0.13443964],
        [0.0, 0.0, 0.24317219],
        [0.5, 0.5, 0.37988162],
        [0.0, 0.0, 0.49516358],
        [0.5, 0.5, 0.62165639],
        [0.0, 0.0, 0.75913584],
        [0.5, 0.5, 0.86707762]
    ],
    "relaxed_energy": -103.92153152,
    "relaxed_forces": [
        [0.01613522, 0.0, -0.01613522],
        [0.01594904, 0.0, -0.01594904],
        [-0.02788334, 0.0, 0.02788334],
        [0.01572329, 0.0, -0.01572329],
        [-0.00690462, 0.0, 0.00690462],
        [-0.02803041, 0.0, 0.02803041],
        [0.00719047, 0.0, -0.00719047],
        [-0.01006029, 0.0, 0.01006029],
        [0.01428388, 0.0, -0.01428388],
        [-0.00757397, 0.0, 0.00757397],
        [0.01117072, 0.0, -0.01117072]
    ],
    "relaxed_lattice": [
        [2.31105424, 0.0, 2.31105424],
        [0.0, 4.54154262, 0.0],
        [-9.24242809, 0.0, 9.24242809]
    ]
}