{
    "atom_type": [
        "N",
        "Zr"
    ],
    "atoms_per_type": [
        5,
        7
    ],
    "coord_mode": "direct",
    "relaxed_basis": [
        [0.92727133, 0.85454277, 0.21348286],
        [0.64415717, 0.28831443, 0.07223144],
        [0.06862328, 0.13724646, 0.78439375],
        [0.7857143, 0.5714286, 0.6428571],
        [0.50280532, 0.00561064, 0.50132055],
        [0.01064587, 0.02129174, 0.00507659],
        [0.70619624, 0.41239247, 0.85278985],
        [0.4295347, 0.85906951, 0.7094656],
        [0.1418938, 0.28378769, 0.5762487],
        [0.86523236, 0.73046463, 0.43292445],
        [0.56078273, 0.12156536, 0.28063771],
        [0.2857143, 0.5714286, 0.1428571]
    ],
    "relaxed_energy": -119.6180584,
    "relaxed_forces": [
        [-0.02186249, -0.02186249, -0.0080024],
        [0.02186249, 0.02186249, 0.0080024],
        [-0.02551151, -0.02551151, 0.00573859],
        [-0.0, 0.0, 0.0],
        [0.02551151, 0.02551151, -0.00573859],
        [0.01040101, 0.01040101, -0.01178956],
        [-0.01567205, -0.01567205, -0.01934622],
        [-0.02054262, -0.02054262, 0.0656807],
        [0.02054262, 0.02054262, -0.0656807],
        [0.01567205, 0.01567205, 0.01934622],
        [-0.01040101, -0.01040101, 0.01178956],
        [-0.0, 0.0, -0.0]
    ],
    "relaxed_lattice": [
        [2.31215193, -2.31215193, 0.0],
        [2.31842661, 4.63057854, -2.27476757],
        [2.32776989, 2.32776989, 9.1329729]
    ]
}