{
    "atom_type": [
        "N",
        "Zr"
    ],
    "atoms_per_type": [
        5,
        8
    ],
    "coord_mode": "direct",
    "relaxed_basis": [
        [0.5, 0.62481262, 0.37554235],
        [0.0, 0.75001605, 0.74987727],
        [0.5, 0.875, 0.125],
        [0.0, 0.99998395, 0.50012273],
        [0.5, 0.12518738, 0.87445765],
        [0.0, 0.99460654, 0.99246089],
        [0.5, 0.1188921, 0.37548488],
        [0.0, 0.24335824, 0.75373928],
        [0.5, 0.375, 0.125],
        [0.0, 0.50664176, 0.49626072],
        [0.5, 0.6311079, 0.87451512],
        [0.0, 0.75539346, 0.25753911],
        [0.5, 0.875, 0.625]
    ],
    "relaxed_energy": -127.52030647,
    "relaxed_forces": [
        [-0.02376375, 0.02376375, -0.02775889],
        [0.04862978, -0.04862978, -0.13891011],
        [0.0, -0.0, -0.0],
        [-0.04862978, 0.04862978, 0.13891011],
        [0.02376375, -0.02376375, 0.02775889],
        [0.02765252, -0.02765252, 0.00539218],
        [0.01873435, -0.01873435, -0.06501728],
        [0.14000998, -0.14000998, -0.01266415],
        [0.0, -0.0, -0.0],
        [-0.14000998, 0.14000998, 0.01266415],
        [-0.01873435, 0.01873435, 0.06501728],
        [-0.02765252, 0.02765252, -0.00539218],
        [0.0, -0.0, -0.0]
    ],
    "relaxed_lattice": [
        [2.31102913, 2.31102913, 0.0],
        [-4.60745586, 4.60745586, 4.58229466],
        [4.61439077, -4.61439077, 4.59626436]
    ]
}