{
    "atom_type": [
        "N",
        "Zr"
    ],
    "atoms_per_type": [
        5,
        6
    ],
    "coord_mode": "direct",
    "relaxed_basis": [
        [0.0833573, 0.3332853, 0.75],
        [0.25153048, 0.99693904, 0.25],
        [0.4166667, 0.6666667, 0.75],
        [0.58180282, 0.33639426, 0.25],
        [0.749976, 4.8e-05, 0.75],
        [0.99977068, 0.01192646, 0.99536497],
        [0.17522072, 0.6666667, 0.5069722],
        [0.34503044, 0.32140684, 0.99536497],
        [0.48830286, 0.01192646, 0.50463503],
        [0.65811268, 0.6666667, 0.9930278],
        [0.83356262, 0.32140684, 0.50463503]
    ],
    "relaxed_energy": -110.86016666,
    "relaxed_forces": [
        [0.0, 0.06897248, 0.06897248],
        [-0.0, -0.02946779, -0.02946779],
        [0.0, 0.0, 0.0],
        [0.0, 0.02946779, 0.02946779],
        [-0.0, -0.06897248, -0.06897248],
        [0.06324027, -0.00401155, 0.05445471],
        [0.15004723, -0.02246835, 0.02246835],
        [0.06324027, -0.05445471, 0.00401155],
        [-0.06324027, 0.05445471, -0.00401155],
        [-0.15004723, 0.02246835, -0.02246835],
        [-0.06324027, 0.00401155, -0.05445471]
    ],
    "relaxed_lattice": [
        [4.61436668, 2.3056879, -2.3056879],
        [2.30718334, 4.60433106, 2.29864317],
        [4.60723358, -2.2985159, 2.2985159]
    ]
}