{
    "atom_type": [
        "N",
        "Zr"
    ],
    "atoms_per_type": [
        1,
        8
    ],
    "coord_mode": "direct",
    "relaxed_basis": [
        [0.0, 0.5, 0.0],
        [0.0, 0.0, 0.0],
        [0.5, 0.5, 0.0],
        [0.0, 0.5, 0.24557536],
        [0.5, 0.0, 0.25970665],
        [0.0, 0.0, 0.5],
        [0.5, 0.5, 0.5],
        [0.0, 0.5, 0.75442464],
        [0.5, 0.0, 0.74029335]
    ],
    "relaxed_energy": -80.02873455,
    "relaxed_forces": [
        [-0.0, 0.0, 0.0],
        [-0.0, 0.0, 0.0],
        [-0.0, 0.0, 0.0],
        [0.0, -0.0, -0.02701961],
        [-0.0, 0.0, 0.07529844],
        [-0.0, 0.0, 0.0],
        [-0.0, 0.0, 0.0],
        [-0.0, 0.0, 0.02701961],
        [-0.0, -0.0, -0.07529844]
    ],
    "relaxed_lattice": [
        [4.56104248, 0.0, 0.0],
        [0.0, 4.56104248, 0.0],
        [0.0, 0.0, 9.11391694]
    ]
}