{
    "atom_type": [
        "N",
        "Zr"
    ],
    "atoms_per_type": [
        3,
        4
    ],
    "coord_mode": "direct",
    "relaxed_basis": [
        [0.5, 0.0, 0.24985639],
        [0.0, 0.5, 0.5],
        [0.5, 0.0, 0.75014361],
        [0.0, 0.0, 0.0],
        [0.5, 0.5, 0.25987086],
        [0.0, 0.0, 0.5],
        [0.5, 0.5, 0.74012914]
    ],
    "relaxed_energy": -69.84117644,
    "relaxed_forces": [
        [0.05321962, 0.0, -0.05321962],
        [0.0, 0.0, 0.0],
        [-0.05321962, 0.0, 0.05321962],
        [0.0, 0.0, 0.0],
        [-0.05966272, -0.0, 0.05966272],
        [0.0, 0.0, 0.0],
        [0.05966272, 0.0, -0.05966272]
    ],
    "relaxed_lattice": [
        [2.29934455, 0.0, 2.29934455],
        [0.0, 4.60642908, 0.0],
        [-4.57131912, 0.0, 4.57131912]
    ]
}