{
    "atom_type": [
        "N",
        "Zr"
    ],
    "atoms_per_type": [
        3,
        8
    ],
    "coord_mode": "direct",
    "relaxed_basis": [
        [0.999828, 0.499828, 0.999656],
        [0.25, 0.75, 0.5],
        [0.500172, 0.000172, 0.000344],
        [0.0, 0.0, 0.0],
        [0.12677537, 0.62677537, 0.25355074],
        [0.25, 0.25, 0.5],
        [0.37322463, 0.87322463, 0.74644926],
        [0.5, 0.5, 0.0],
        [0.62384003, 0.12384003, 0.24768007],
        [0.75, 0.75, 0.5],
        [0.87615997, 0.37615997, 0.75231993]
    ],
    "relaxed_energy": -103.94977552,
    "relaxed_forces": [
        [-0.0, -0.0, 0.04026775],
        [-0.0, -0.0, 0.0],
        [0.0, 0.0, -0.04026775],
        [0.0, 0.0, 0.0],
        [-0.0, -0.0, 0.00756189],
        [-0.0, -0.0, 0.0],
        [0.0, 0.0, -0.00756189],
        [-0.0, -0.0, 0.0],
        [-0.0, -0.0, 0.01643552],
        [-0.0, -0.0, 0.0],
        [0.0, 0.0, -0.01643552]
    ],
    "relaxed_lattice": [
        [4.59731977, 0.0, 0.0],
        [0.0, 4.59731977, 0.0],
        [-2.29865989, -2.29865989, 9.07013658]
    ]
}