{
    "atom_type": [
        "N",
        "Zr"
    ],
    "atoms_per_type": [
        3,
        7
    ],
    "coord_mode": "direct",
    "relaxed_basis": [
        [0.78624519, 0.78624519, 0.57249038],
        [0.5, 0.5, 0.0],
        [0.21375481, 0.21375481, 0.42750962],
        [0.0, 0.0, 0.0],
        [0.85874136, 0.85874136, 0.71748262],
        [0.71535951, 0.71535951, 0.43071901],
        [0.5720179, 0.5720179, 0.1440357],
        [0.4279821, 0.4279821, 0.8559643],
        [0.28464049, 0.28464049, 0.56928099],
        [0.14125864, 0.14125864, 0.28251738]
    ],
    "relaxed_energy": -95.18258728,
    "relaxed_forces": [
        [-0.0, -0.0, 0.06786263],
        [-0.0, 0.0, 0.0],
        [0.0, -0.0, -0.06786263],
        [-0.0, -0.0, 0.0],
        [0.0, -0.0, 0.12563009],
        [0.0, -0.0, 0.15584212],
        [-0.0, -0.0, -0.03047724],
        [0.0, -0.0, 0.03047724],
        [0.0, -0.0, -0.15584212],
        [-0.0, -0.0, -0.12563009]
    ],
    "relaxed_lattice": [
        [2.30727615, -2.30727615, 0.0],
        [2.30727615, 2.30727615, 0.0],
        [-2.30727615, 0.0, 15.87948061]
    ]
}