{
    "atom_type": [
        "N",
        "Zr"
    ],
    "atoms_per_type": [
        5,
        7
    ],
    "coord_mode": "direct",
    "relaxed_basis": [
        [0.78663103, 0.57326206, 0.85713023],
        [0.357129, 0.7142579, 0.57226363],
        [0.9285714, 0.8571429, 0.2857143],
        [0.5000139, 2.78e-05, 0.99916497],
        [0.07051187, 0.14102364, 0.71429837],
        [0.99274839, 0.98549678, 0.00030115],
        [0.57021649, 0.14043287, 0.72525489],
        [0.14043702, 0.28087414, 0.43180311],
        [0.71670578, 0.43341156, 0.13962539],
        [0.28692641, 0.57385283, 0.84617371],
        [0.86439451, 0.72878892, 0.57112745],
        [0.4285714, 0.8571429, 0.2857143]
    ],
    "relaxed_energy": -119.43821283,
    "relaxed_forces": [
        [0.0, -0.03615034, -0.04798418],
        [-0.0, -0.00176624, -0.08821369],
        [-0.0, 0.0, -0.0],
        [0.0, 0.00176624, 0.08821369],
        [-0.0, 0.03615034, 0.04798418],
        [0.0, -0.01463683, 0.04237254],
        [-0.0, 0.10333132, 0.06408725],
        [-0.0, 0.0303429, 0.00398775],
        [0.0, -0.0303429, -0.00398775],
        [0.0, -0.10333132, -0.06408725],
        [-0.0, 0.01463683, -0.04237254],
        [-0.0, 0.0, -0.0]
    ],
    "relaxed_lattice": [
        [4.62061358, -0.0, 0.0],
        [-2.3103068, 4.58408562, -2.30132485],
        [0.0, 2.29074033, 6.90142536]
    ]
}