{
    "atom_type": [
        "N",
        "Zr"
    ],
    "atoms_per_type": [
        3,
        8
    ],
    "coord_mode": "direct",
    "relaxed_basis": [
        [0.5, 0.62632467, 0.37367533],
        [0.5, 0.875, 0.125],
        [0.5, 0.12367533, 0.87632467],
        [0.0, 0.00025803, 0.99974197],
        [0.5, 0.12428025, 0.37428025],
        [0.0, 0.24617744, 0.75382256],
        [0.5, 0.375, 0.125],
        [0.0, 0.50382256, 0.49617744],
        [0.5, 0.62571975, 0.87571975],
        [0.0, 0.74974197, 0.25025803],
        [0.5, 0.875, 0.625]
    ],
    "relaxed_energy": -103.6570732,
    "relaxed_forces": [
        [-0.05247745, 0.05247745, 0.0],
        [-0.0, 0.0, 0.0],
        [0.05247745, -0.05247745, 0.0],
        [0.0042009, -0.0042009, 0.0],
        [-0.0, 0.0, 0.12652289],
        [0.03836638, -0.03836638, 0.0],
        [-0.0, 0.0, -0.0],
        [-0.03836638, 0.03836638, 0.0],
        [-0.0, 0.0, -0.12652289],
        [-0.0042009, 0.0042009, 0.0],
        [-0.0, 0.0, -0.0]
    ],
    "relaxed_lattice": [
        [2.29886259, 2.29886259, 0.0],
        [-4.61743819, 4.61743819, 4.51335379],
        [4.61743819, -4.61743819, 4.51335379]
    ]
}