{
    "atom_type": [
        "N",
        "Zr"
    ],
    "atoms_per_type": [
        2,
        7
    ],
    "coord_mode": "direct",
    "relaxed_basis": [
        [0.2140745, 0.2140745, 0.35777651],
        [0.5002112, 0.5002112, 0.49936639],
        [6.914e-05, 6.914e-05, 0.99979257],
        [0.14280143, 0.14280143, 0.57159562],
        [0.28606882, 0.28606882, 0.14179354],
        [0.42821688, 0.42821688, 0.71534926],
        [0.57148427, 0.57148427, 0.28554728],
        [0.71421656, 0.71421656, 0.85735033],
        [0.8571429, 0.8571429, 0.4285714]
    ],
    "relaxed_energy": -83.12544419,
    "relaxed_forces": [
        [-0.02441848, 0.02441848, 0.02441848],
        [0.02441848, -0.02441848, -0.02441848],
        [0.02578785, -0.02578785, -0.02578785],
        [0.00477439, -0.00477439, -0.00477439],
        [0.0960291, -0.0960291, -0.0960291],
        [-0.0960291, 0.0960291, 0.0960291],
        [-0.00477439, 0.00477439, 0.00477439],
        [-0.02578785, 0.02578785, 0.02578785],
        [0.0, -0.0, 0.0]
    ],
    "relaxed_lattice": [
        [2.28422513, -0.0, 2.28422513],
        [2.28422513, 2.28422513, -0.0],
        [-9.17721685, 11.46144198, 11.46144198]
    ]
}