{
    "atom_type": [
        "N",
        "Zr"
    ],
    "atoms_per_type": [
        2,
        6
    ],
    "coord_mode": "direct",
    "relaxed_basis": [
        [0.3333333, 0.6666667, 0.58265908],
        [0.6666667, 0.3333333, 0.41734092],
        [0.0, 0.0, 0.0],
        [0.3333333, 0.6666667, 0.83441552],
        [0.6666667, 0.3333333, 0.66680917],
        [0.0, 0.0, 0.5],
        [0.3333333, 0.6666667, 0.33319083],
        [0.6666667, 0.3333333, 0.16558448]
    ],
    "relaxed_energy": -74.65263391,
    "relaxed_forces": [
        [-0.03423326, -0.03423326, -0.03423326],
        [0.03423326, 0.03423326, 0.03423326],
        [0.0, 0.0, -0.0],
        [0.08567268, 0.08567268, 0.08567268],
        [0.00205065, 0.00205065, 0.00205065],
        [0.0, 0.0, -0.0],
        [-0.00205065, -0.00205065, -0.00205065],
        [-0.08567268, -0.08567268, -0.08567268]
    ],
    "relaxed_lattice": [
        [2.28441592, 0.0, -2.28441592],
        [-2.28441592, 2.28441592, 0.0],
        [9.17767382, 9.17767382, 9.17767382]
    ]
}