{
    "atom_type": [
        "N",
        "Zr"
    ],
    "atoms_per_type": [
        3,
        7
    ],
    "coord_mode": "direct",
    "relaxed_basis": [
        [0.21785534, 0.92647059, 0.35443698],
        [0.35443698, 0.21785534, 0.92647059],
        [0.92647059, 0.35443698, 0.21785534],
        [0.01646638, 0.01646638, 0.01646638],
        [0.56577113, 0.1415084, 0.27130419],
        [0.1415084, 0.27130419, 0.56577113],
        [0.70360814, 0.43007746, 0.8725014],
        [0.27130419, 0.56577113, 0.1415084],
        [0.8725014, 0.70360814, 0.43007746],
        [0.43007746, 0.8725014, 0.70360814]
    ],
    "relaxed_energy": -95.35085647,
    "relaxed_forces": [
        [0.0232608, 0.0085965, -0.01362593],
        [0.0085965, -0.01362593, 0.0232608],
        [-0.01362593, 0.0232608, 0.0085965],
        [0.03484969, 0.03484969, 0.03484969],
        [0.03133259, -0.03840182, 0.01796821],
        [0.01796821, 0.03133259, -0.03840182],
        [-0.04635295, 0.00343164, -0.02105874],
        [-0.03840182, 0.01796821, 0.03133259],
        [0.00343164, -0.02105874, -0.04635295],
        [-0.02105874, -0.04635295, 0.00343164]
    ],
    "relaxed_lattice": [
        [2.2972206, -4.62089562, -2.31485689],
        [-4.62089562, -2.31485689, 2.2972206],
        [-2.31485689, 2.2972206, -4.62089562]
    ]
}