{
    "atom_type": [
        "N",
        "Zr"
    ],
    "atoms_per_type": [
        3,
        8
    ],
    "coord_mode": "direct",
    "relaxed_basis": [
        [0.5, 0.87239148, 0.12353167],
        [0.5, 0.12277558, 0.87517687],
        [0.0, 0.12459315, 0.37550817],
        [0.0, 0.00284398, 0.99691037],
        [0.5, 0.00428752, 0.49611734],
        [0.5, 0.23368782, 0.25792992],
        [0.0, 0.2515643, 0.76003187],
        [0.0, 0.50224982, 0.50637385],
        [0.5, 0.4996947, 0.99832792],
        [0.5, 0.75104448, 0.74342429],
        [0.0, 0.75986718, 0.24166773]
    ],
    "relaxed_energy": -103.71685512,
    "relaxed_forces": [
        [0.010419, 0.06008467, -0.010419],
        [-0.0037432, -0.04385326, 0.0037432],
        [-0.01573066, -0.0076952, 0.01573066],
        [-0.01363129, 0.0176513, 0.01363129],
        [0.00127224, -0.00138701, -0.00127224],
        [-0.01180741, 0.04804814, 0.01180741],
        [0.03139636, -0.02028372, -0.03139636],
        [0.02138533, 0.00106877, -0.02138533],
        [0.00034931, -0.01020697, -0.00034931],
        [-0.02240577, -0.00784959, 0.02240577],
        [0.00249609, -0.03557713, -0.00249609]
    ],
    "relaxed_lattice": [
        [2.32873248, 0.0, 2.32873248],
        [2.31478058, 4.49955711, -2.31478058],
        [-6.96710797, 4.52211244, 6.96710797]
    ]
}