{
    "atom_type": [
        "N",
        "Zr"
    ],
    "atoms_per_type": [
        3,
        8
    ],
    "coord_mode": "direct",
    "relaxed_basis": [
        [0.5, 0.25075921, 0.49752341],
        [0.0, 0.5, 0.25],
        [0.5, 0.74924079, 0.00247659],
        [0.0, 0.99296286, 0.99431855],
        [0.0, 0.00703714, 0.50568145],
        [0.5, 0.24831375, 0.74817956],
        [0.5, 0.25986229, 0.25660118],
        [0.0, 0.49167121, 0.49939891],
        [0.0, 0.50832879, 0.00060109],
        [0.5, 0.74013771, 0.24339882],
        [0.5, 0.75168625, 0.75182044]
    ],
    "relaxed_energy": -103.78731152,
    "relaxed_forces": [
        [0.00187752, -0.00187752, -0.01616261],
        [-0.0, 0.0, 0.0],
        [-0.00187752, 0.00187752, 0.01616261],
        [-0.05025094, 0.05025094, -0.08758738],
        [0.05025094, -0.05025094, 0.08758738],
        [-0.04173925, 0.04173925, -0.02199902],
        [0.0415326, -0.0415326, 0.02330786],
        [-0.05679247, 0.05679247, 0.01255839],
        [0.05679247, -0.05679247, -0.01255839],
        [-0.0415326, 0.0415326, -0.02330786],
        [0.04173925, -0.04173925, 0.02199902]
    ],
    "relaxed_lattice": [
        [2.30072949, 2.30072949, 0.0],
        [-4.5455496, 4.5455496, -0.03856536],
        [0.03817129, -0.03817129, 9.30155517]
    ]
}