{
    "atom_type": [
        "N",
        "Zr"
    ],
    "atoms_per_type": [
        5,
        8
    ],
    "coord_mode": "direct",
    "relaxed_basis": [
        [0.75, 0.25, 0.99785247],
        [0.25, 0.25, 0.75],
        [0.25, 0.75, 0.50214753],
        [0.75, 0.75, 0.25],
        [0.25, 0.25, 0.25],
        [0.99035082, 0.01977874, 0.00648161],
        [0.50964918, 0.48022126, 0.00648161],
        [0.48712196, 0.01287804, 0.75],
        [0.01287804, 0.48712196, 0.75],
        [0.01977874, 0.99035082, 0.49351839],
        [0.48022126, 0.50964918, 0.49351839],
        [0.50684238, 0.99315762, 0.25],
        [0.99315762, 0.50684238, 0.25]
    ],
    "relaxed_energy": -128.20717106,
    "relaxed_forces": [
        [-0.00694208, 0.00694208, 0.0],
        [0.0, -0.0, 0.0],
        [0.00694208, -0.00694208, 0.0],
        [0.0, -0.0, 0.0],
        [0.0, -0.0, 0.0],
        [0.0302929, 0.00788259, 0.02408235],
        [-0.00788259, -0.0302929, -0.02408235],
        [0.0, -0.0, 0.05117309],
        [0.0, -0.0, -0.05117309],
        [0.00788259, 0.0302929, -0.02408235],
        [-0.0302929, -0.00788259, 0.02408235],
        [0.0, -0.0, 0.01325571],
        [0.0, -0.0, -0.01325571]
    ],
    "relaxed_lattice": [
        [-2.28273416, -2.28273416, -4.70559026],
        [-2.28273416, -2.28273416, 4.70559026],
        [-4.58350073, 4.58350073, 0.0]
    ]
}