{
    "atom_type": [
        "N",
        "Zr"
    ],
    "atoms_per_type": [
        4,
        8
    ],
    "coord_mode": "direct",
    "relaxed_basis": [
        [0.68790152, 0.18471727, 0.43947968],
        [0.31270617, 0.81278449, 0.56180318],
        [0.56229383, 0.06221551, 0.81319682],
        [0.18709848, 0.69028273, 0.93552032],
        [0.00446835, 0.99885695, 0.99220634],
        [0.62980428, 0.62343487, 0.11695657],
        [0.24519572, 0.25156513, 0.25804343],
        [0.87053165, 0.87614305, 0.38279366],
        [0.50153915, 0.49923242, 0.49768927],
        [0.13029118, 0.11864072, 0.62077692],
        [0.74470882, 0.75635928, 0.75422308],
        [0.37346085, 0.37576758, 0.87731073]
    ],
    "relaxed_energy": -115.72593417,
    "relaxed_forces": [
        [-0.03845445, -0.05975202, 0.03845445],
        [0.00952604, -0.09220038, -0.00952604],
        [-0.00952604, 0.09220038, 0.00952604],
        [0.03845445, 0.05975202, -0.03845445],
        [0.05504978, 0.11476344, -0.05504978],
        [0.04799086, -0.08591192, -0.04799086],
        [-0.04799086, 0.08591192, 0.04799086],
        [-0.05504978, -0.11476344, 0.05504978],
        [-0.0373139, -0.036919, 0.0373139],
        [-0.03655845, 0.07534001, 0.03655845],
        [0.03655845, -0.07534001, -0.03655845],
        [0.0373139, 0.036919, -0.0373139]
    ],
    "relaxed_lattice": [
        [2.31727612, 0.0, 2.31727612],
        [2.34176059, 6.84785646, -0.02448447],
        [-4.59070918, 2.22700351, 6.9079853]
    ]
}