{
    "atom_type": [
        "N",
        "Zr"
    ],
    "atoms_per_type": [
        1,
        8
    ],
    "coord_mode": "direct",
    "relaxed_basis": [
        [0.25, 0.25, 0.25],
        [0.99912468, 0.99912468, 0.00144728],
        [0.50087532, 0.50087532, 0.00144728],
        [0.50797369, 0.99202631, 0.75],
        [0.99202631, 0.50797369, 0.75],
        [0.99912468, 0.99912468, 0.49855272],
        [0.50087532, 0.50087532, 0.49855272],
        [0.49367828, 0.00632172, 0.25],
        [0.00632172, 0.49367828, 0.25]
    ],
    "relaxed_energy": -79.86216203,
    "relaxed_forces": [
        [-0.0, -0.0, 0.0],
        [0.00041628, -0.00937291, 0.0],
        [0.00937291, -0.00041628, 0.0],
        [-0.0, -0.0, -0.0086555],
        [-0.0, -0.0, 0.0086555],
        [-0.00937291, 0.00041628, 0.0],
        [-0.00041628, 0.00937291, 0.0],
        [-0.0, -0.0, 0.02044116],
        [-0.0, -0.0, -0.02044116]
    ],
    "relaxed_lattice": [
        [-2.26941278, -2.26941278, -4.62033245],
        [-2.26941278, -2.26941278, 4.62033245],
        [-4.52961101, 4.52961101, 0.0]
    ]
}