{
    "atom_type": [
        "N",
        "Zr"
    ],
    "atoms_per_type": [
        7,
        8
    ],
    "coord_mode": "direct",
    "relaxed_basis": [
        [0.43791961, 0.9368789, 0.18728188],
        [0.06084354, 0.56406372, 0.31424921],
        [0.68861581, 0.1850595, 0.43770887],
        [0.3125, 0.8125, 0.5625],
        [0.93638419, 0.4399405, 0.68729113],
        [0.56415646, 0.06093628, 0.81075079],
        [0.18708039, 0.6881211, 0.93771812],
        [0.00461904, 0.99212271, 0.99863921],
        [0.62038096, 0.63287729, 0.12636079],
        [0.24779096, 0.24780297, 0.2566151],
        [0.8757303, 0.87626286, 0.37227654],
        [0.50211818, 0.49682205, 0.49894159],
        [0.12288182, 0.12817795, 0.62605841],
        [0.7492697, 0.74873714, 0.75272346],
        [0.37720904, 0.37719703, 0.8683849]
    ],
    "relaxed_energy": -151.42777143,
    "relaxed_forces": [
        [0.01386002, 0.03648498, -0.01386002],
        [-0.01326048, 0.01436506, 0.01326048],
        [-0.0235229, -0.01350619, 0.0235229],
        [0.0, 0.0, 0.0],
        [0.0235229, 0.01350619, -0.0235229],
        [0.01326048, -0.01436506, -0.01326048],
        [-0.01386002, -0.03648498, 0.01386002],
        [0.013818, -0.0639463, -0.013818],
        [-0.013818, 0.0639463, 0.013818],
        [-0.03593069, 0.01384817, 0.03593069],
        [0.01899727, -0.00104075, -0.01899727],
        [0.00677227, -0.02397127, -0.00677227],
        [-0.00677227, 0.02397127, 0.00677227],
        [-0.01899727, 0.00104075, 0.01899727],
        [0.03593069, -0.01384817, -0.03593069]
    ],
    "relaxed_lattice": [
        [2.30101563, 0.0, 2.30101563],
        [2.28872116, 6.90375224, 0.01229446],
        [-4.5951188, 2.31946084, 6.89613443]
    ]
}