{
    "atom_type": [
        "N",
        "Zr"
    ],
    "atoms_per_type": [
        3,
        6
    ],
    "coord_mode": "direct",
    "relaxed_basis": [
        [0.33334251, 0.25024948, 0.0830654],
        [0.99921601, 0.25139535, 0.75017263],
        [0.33391508, 0.74882566, 0.58334407],
        [0.98827536, 0.01996354, 0.00348574],
        [0.34407754, 0.48352879, 0.82831603],
        [0.67040515, 0.9952648, 0.663925],
        [0.98879617, 0.51447981, 0.50792784],
        [0.33405625, 0.99936493, 0.33252247],
        [0.67458253, 0.48692764, 0.16390741]
    ],
    "relaxed_energy": -87.02635048,
    "relaxed_forces": [
        [0.07567196, 0.07567196, 0.01265582],
        [-0.13239198, -0.13239198, 0.00854217],
        [0.09039773, 0.09039773, -0.02800033],
        [-0.05440799, -0.05440799, 0.11323206],
        [-0.03319548, -0.03319548, -0.02594834],
        [-0.0122115, -0.0122115, -0.00128983],
        [0.04390946, 0.04390946, -0.12478888],
        [0.01648879, 0.01648879, 0.02972884],
        [0.00573901, 0.00573901, 0.01586851]
    ],
    "relaxed_lattice": [
        [2.3312075, -2.3312075, -0.0],
        [4.62118931, 2.28998181, -2.26949299],
        [4.62698355, 2.29577606, 6.82590806]
    ]
}