{
    "atom_type": [
        "N",
        "Zr"
    ],
    "atoms_per_type": [
        1,
        5
    ],
    "coord_mode": "direct",
    "relaxed_basis": [
        [0.2, 0.9, 0.7],
        [0.99872968, 0.00064429, 0.00189634],
        [0.60701554, 0.18439814, 0.60157078],
        [0.2, 0.4, 0.2],
        [0.79298446, 0.61560186, 0.79842922],
        [0.40127032, 0.79935571, 0.39810366]
    ],
    "relaxed_energy": -54.29735553,
    "relaxed_forces": [
        [0.0, 0.0, -0.0],
        [-0.03211929, 0.03211929, 0.05757124],
        [0.08933589, -0.08933589, -0.02117412],
        [0.0, 0.0, -0.0],
        [-0.08933589, 0.08933589, 0.02117412],
        [0.03211929, -0.03211929, -0.05757124]
    ],
    "relaxed_lattice": [
        [2.29215469, 2.29215469, 0.0],
        [-2.26848349, 4.56063817, 2.25276387],
        [2.34428294, -0.05212825, 6.93707557]
    ]
}