{
    "atom_type": [
        "N",
        "Zr"
    ],
    "atoms_per_type": [
        5,
        7
    ],
    "coord_mode": "direct",
    "relaxed_basis": [
        [0.92831092, 0.92831092, 0.21506713],
        [0.07118162, 0.07118162, 0.78645524],
        [0.2142857, 0.2142857, 0.3571429],
        [0.35738988, 0.35738988, 0.92783046],
        [0.50026048, 0.50026048, 0.49921857],
        [0.00029559, 0.00029559, 0.99911324],
        [0.14351191, 0.14351191, 0.56946417],
        [0.28505949, 0.28505949, 0.14482153],
        [0.42827581, 0.42827581, 0.71517246],
        [0.57235419, 0.57235419, 0.28293753],
        [0.7142857, 0.7142857, 0.8571429],
        [0.85621731, 0.85621731, 0.43134817]
    ],
    "relaxed_energy": -118.96125996,
    "relaxed_forces": [
        [-0.04984952, 0.04984952, 0.04984952],
        [-0.05905875, 0.05905875, 0.05905875],
        [-0.0, -0.0, -0.0],
        [0.05905875, -0.05905875, -0.05905875],
        [0.04984952, -0.04984952, -0.04984952],
        [0.03238325, -0.03238325, -0.03238325],
        [0.03415181, -0.03415181, -0.03415181],
        [-0.03415181, 0.03415181, 0.03415181],
        [-0.03238325, 0.03238325, 0.03238325],
        [-0.04681837, 0.04681837, 0.04681837],
        [-0.0, -0.0, -0.0],
        [0.04681837, -0.04681837, -0.04681837]
    ],
    "relaxed_lattice": [
        [2.29304238, -0.0, 2.29304238],
        [2.29304238, 2.29304238, -0.0],
        [-9.21355719, 11.50659956, 11.50659956]
    ]
}