{
    "atom_type": [
        "N",
        "Zr"
    ],
    "atoms_per_type": [
        5,
        8
    ],
    "coord_mode": "direct",
    "relaxed_basis": [
        [0.62498111, 0.24996222, 0.93720583],
        [0.87476212, 0.74952424, 0.81340966],
        [0.37691676, 0.75383352, 0.56159524],
        [0.62427112, 0.24854225, 0.43733776],
        [0.87368295, 0.74736589, 0.31249861],
        [0.00842275, 0.0168455, 0.99533925],
        [0.24816226, 0.49632451, 0.87588059],
        [0.49071195, 0.9814239, 0.75553539],
        [0.75674852, 0.51349703, 0.62207473],
        [0.99736192, 0.99472383, 0.49487032],
        [0.25414474, 0.50828949, 0.37843594],
        [0.49487572, 0.98975144, 0.25365435],
        [0.74995809, 0.49991618, 0.12466233]
    ],
    "relaxed_energy": -127.99101685,
    "relaxed_forces": [
        [-0.02249499, 0.02249499, 0.0078085],
        [0.01289705, -0.01289705, 0.05073416],
        [-0.03812949, 0.03812949, 0.01768824],
        [-0.00324028, 0.00324028, -0.03426192],
        [0.03220303, -0.03220303, -0.01208043],
        [-0.04148785, 0.04148785, 0.05468451],
        [0.00040703, -0.00040703, -0.02933506],
        [0.07222878, -0.07222878, 0.01697663],
        [-0.03682972, 0.03682972, -0.00771956],
        [-0.01457566, 0.01457566, 0.05494018],
        [0.00393605, -0.00393605, -0.05585074],
        [0.02478576, -0.02478576, -0.06610366],
        [0.01030029, -0.01030029, 0.00251915]
    ],
    "relaxed_lattice": [
        [2.32250335, 2.32250335, -0.0],
        [-4.63779456, 2.31529121, 2.27074433],
        [4.64074817, -4.64074817, 9.09904898]
    ]
}