{
    "atom_type": [
        "N",
        "Zr"
    ],
    "atoms_per_type": [
        5,
        8
    ],
    "coord_mode": "direct",
    "relaxed_basis": [
        [0.43751937, 0.43751937, 0.68744189],
        [0.31228541, 0.31228541, 0.06314378],
        [0.06273386, 0.06273386, 0.81179843],
        [0.93766692, 0.93766692, 0.18699924],
        [0.81234029, 0.81234029, 0.56297914],
        [0.99964468, 0.99964468, 0.00106597],
        [0.87514319, 0.87514319, 0.37457042],
        [0.74919622, 0.74919622, 0.75241135],
        [0.62510854, 0.62510854, 0.12467437],
        [0.49947003, 0.49947003, 0.50158991],
        [0.37558239, 0.37558239, 0.87325282],
        [0.24999079, 0.24999079, 0.25002764],
        [0.12581832, 0.12581832, 0.62254504]
    ],
    "relaxed_energy": -127.44706405,
    "relaxed_forces": [
        [0.00922856, 0.00922856, -0.00922856],
        [-0.05738599, -0.05738599, 0.05738599],
        [0.05172498, 0.05172498, -0.05172498],
        [0.04475453, 0.04475453, -0.04475453],
        [-0.0263051, -0.0263051, 0.0263051],
        [-0.04987516, -0.04987516, 0.04987516],
        [0.02456971, 0.02456971, -0.02456971],
        [0.05096402, 0.05096402, -0.05096402],
        [-9.986e-05, -9.986e-05, 9.986e-05],
        [-0.04155312, -0.04155312, 0.04155312],
        [0.0205907, 0.0205907, -0.0205907],
        [0.00288509, 0.00288509, -0.00288509],
        [-0.02949837, -0.02949837, 0.02949837]
    ],
    "relaxed_lattice": [
        [2.29338384, 0.0, 2.29338384],
        [0.0, 2.29338384, 2.29338384],
        [-11.49439424, -11.49439424, 13.78777807]
    ]
}