{
    "atom_type": [
        "N",
        "Zr"
    ],
    "atoms_per_type": [
        3,
        8
    ],
    "coord_mode": "direct",
    "relaxed_basis": [
        [0.68518219, 0.19040925, 0.43922636],
        [0.9375, 0.4375, 0.6875],
        [0.18981781, 0.68459075, 0.93577364],
        [0.00017906, 0.99674835, 0.00289354],
        [0.62271661, 0.63347672, 0.12109007],
        [0.25228339, 0.24152328, 0.25390993],
        [0.87482094, 0.87825165, 0.37210646],
        [0.50099574, 0.49432064, 0.50368788],
        [0.12528473, 0.13338014, 0.6160504],
        [0.74971527, 0.74161986, 0.7589496],
        [0.37400426, 0.38067936, 0.87131212]
    ],
    "relaxed_energy": -103.76326242,
    "relaxed_forces": [
        [0.02291212, 0.05378419, -0.02291212],
        [0.0, 0.0, 0.0],
        [-0.02291212, -0.05378419, 0.02291212],
        [-0.00488142, -0.03297211, 0.00488142],
        [-0.01275667, 0.067027, 0.01275667],
        [0.01275667, -0.067027, -0.01275667],
        [0.00488142, 0.03297211, -0.00488142],
        [0.01978195, 0.04931007, -0.01978195],
        [-0.02230034, -0.00869778, 0.02230034],
        [0.02230034, 0.00869778, -0.02230034],
        [-0.01978195, -0.04931007, 0.01978195]
    ],
    "relaxed_lattice": [
        [2.31006883, 0.0, 2.31006883],
        [2.25714626, 6.92971546, 0.05292256],
        [-4.55879907, 2.37774159, 6.8688679]
    ]
}