{
    "atom_type": [
        "N",
        "Zr"
    ],
    "atoms_per_type": [
        1,
        4
    ],
    "coord_mode": "direct",
    "relaxed_basis": [
        [0.5, 0.5, 0.5],
        [0.0, 0.0, 0.0],
        [0.5, 0.5, 0.24836514],
        [0.0, 0.0, 0.5],
        [0.5, 0.5, 0.75163486]
    ],
    "relaxed_energy": -45.87839023,
    "relaxed_forces": [
        [0.0, -0.0, 0.0],
        [0.0, -0.0, 0.0],
        [-0.0, 0.0, 0.07206165],
        [0.0, -0.0, 0.0],
        [-0.0, 0.0, -0.07206165]
    ],
    "relaxed_lattice": [
        [2.29849133, 2.29849133, 0.0],
        [2.29849133, -2.29849133, 0.0],
        [0.0, 0.0, -9.05874314]
    ]
}