{
    "atom_type": [
        "N",
        "Zr"
    ],
    "atoms_per_type": [
        1,
        6
    ],
    "coord_mode": "direct",
    "relaxed_basis": [
        [0.25, 0.25, 0.5],
        [0.99652168, 0.00022, 0.99304336],
        [0.83076419, 0.16922212, 0.66152848],
        [0.66923581, 0.33077788, 0.33847152],
        [0.50347832, 0.49978, 0.00695664],
        [0.33399096, 0.6650892, 0.66798202],
        [0.16600904, 0.8349108, 0.33201798]
    ],
    "relaxed_energy": -62.8501465,
    "relaxed_forces": [
        [-0.0, 0.0, -0.0],
        [0.05420464, 0.00329458, -0.05420464],
        [0.03289138, 0.0276761, -0.03289138],
        [-0.03289138, -0.0276761, 0.03289138],
        [-0.05420464, -0.00329458, 0.05420464],
        [0.01284179, -0.01541271, -0.01284179],
        [-0.01284179, 0.01541271, 0.01284179]
    ],
    "relaxed_lattice": [
        [2.27682937, 0.0, 2.27682937],
        [2.28416178, 4.62467348, -2.28416178],
        [-6.82182968, 2.28524613, 4.54500031]
    ]
}