{
    "atom_type": [
        "N",
        "Zr"
    ],
    "atoms_per_type": [
        3,
        7
    ],
    "coord_mode": "direct",
    "relaxed_basis": [
        [0.42670576, 0.92670576, 0.85341162],
        [0.7142857, 0.2142857, 0.4285714],
        [0.00186564, 0.50186564, 0.00373128],
        [0.99543796, 0.99543796, 0.99087592],
        [0.14776302, 0.14776302, 0.29552615],
        [0.28080838, 0.28080838, 0.56161675],
        [0.43313344, 0.43313344, 0.86626698],
        [0.568741, 0.568741, 0.13748191],
        [0.7142857, 0.7142857, 0.4285714],
        [0.8598305, 0.8598305, 0.71966089]
    ],
    "relaxed_energy": -95.46481821,
    "relaxed_forces": [
        [-0.01935938, 0.0, -0.01935938],
        [-0.0, 0.0, -0.0],
        [0.01935938, -0.0, 0.01935938],
        [-0.02340005, 0.0, -0.02340005],
        [0.00156104, -0.0, 0.00156104],
        [-0.00156104, 0.0, -0.00156104],
        [0.02340005, -0.0, 0.02340005],
        [-0.00110685, 0.0, -0.00110685],
        [-0.0, 0.0, -0.0],
        [0.00110685, -0.0, 0.00110685]
    ],
    "relaxed_lattice": [
        [2.33808408, 0.0, -2.33808408],
        [-0.0, 4.55244255, -0.0],
        [6.92164336, -2.27622128, 9.25972744]
    ]
}