{
    "atom_type": [
        "N",
        "Zr"
    ],
    "atoms_per_type": [
        5,
        7
    ],
    "coord_mode": "direct",
    "relaxed_basis": [
        [0.92839718, 0.92839718, 0.85679446],
        [0.78588852, 0.78588852, 0.57177704],
        [0.50098214, 0.50098214, 0.00196429],
        [0.3571429, 0.3571429, 0.7142857],
        [0.21330356, 0.21330356, 0.42660711],
        [0.99885073, 0.99885073, 0.99770146],
        [0.8571429, 0.8571429, 0.7142857],
        [0.71543497, 0.71543497, 0.43086994],
        [0.57265077, 0.57265077, 0.14530145],
        [0.42948589, 0.42948589, 0.85897189],
        [0.28479981, 0.28479981, 0.56959961],
        [0.14163493, 0.14163493, 0.28326995]
    ],
    "relaxed_energy": -118.98084717,
    "relaxed_forces": [
        [-0.0, -0.0, -0.02321919],
        [0.0, 0.0, 0.02321919],
        [-0.0, -0.0, 0.0743743],
        [0.0, -0.0, 0.0],
        [0.0, -0.0, -0.0743743],
        [-0.0, -0.0, -0.10405701],
        [0.0, 0.0, 0.0],
        [0.0, -0.0, 0.10405701],
        [-0.0, -0.0, 0.07866934],
        [0.0, -0.0, 0.13157624],
        [-0.0, -0.0, -0.13157624],
        [0.0, -0.0, -0.07866934]
    ],
    "relaxed_lattice": [
        [2.29843858, -2.29843858, 0.0],
        [2.29843858, 2.29843858, 0.0],
        [-2.29843858, 0.0, 16.04017405]
    ]
}