{
    "atom_type": [
        "N",
        "Zr"
    ],
    "atoms_per_type": [
        2,
        8
    ],
    "coord_mode": "direct",
    "relaxed_basis": [
        [0.93648356, 0.43959131, 0.68744157],
        [0.18851644, 0.68540869, 0.93755843],
        [0.9984239, 0.99903057, 0.00412163],
        [0.62373645, 0.62920264, 0.12332446],
        [0.25444991, 0.24271385, 0.24838633],
        [0.87055009, 0.88228615, 0.37661367],
        [0.50126355, 0.49579736, 0.50167554],
        [0.1265761, 0.12596943, 0.62087837],
        [0.74906619, 0.74471536, 0.75715226],
        [0.37593381, 0.38028464, 0.86784774]
    ],
    "relaxed_energy": -91.7008626,
    "relaxed_forces": [
        [0.0228865, 0.07491541, -0.0228865],
        [-0.0228865, -0.07491541, 0.0228865],
        [0.00335993, 0.02032955, -0.00335993],
        [-0.01103387, 0.03325093, 0.01103387],
        [0.03206555, -0.0665703, -0.03206555],
        [-0.03206555, 0.0665703, 0.03206555],
        [0.01103387, -0.03325093, -0.01103387],
        [-0.00335993, -0.02032955, 0.00335993],
        [-0.06185934, -0.0668054, 0.06185934],
        [0.06185934, 0.0668054, -0.06185934]
    ],
    "relaxed_lattice": [
        [2.29291198, 0.0, 2.29291198],
        [2.28009273, 6.9152956, 0.01281924],
        [-4.55402098, 2.31602774, 6.84693295]
    ]
}