{
    "atom_type": [
        "N",
        "Zr"
    ],
    "atoms_per_type": [
        3,
        5
    ],
    "coord_mode": "direct",
    "relaxed_basis": [
        [0.6998169, 0.6998169, 0.39963379],
        [0.5, 0.5, 0.0],
        [0.3001831, 0.3001831, 0.60036621],
        [0.0, 0.0, 0.0],
        [0.79773189, 0.79773189, 0.59546378],
        [0.59896346, 0.59896346, 0.19792692],
        [0.40103654, 0.40103654, 0.80207308],
        [0.20226811, 0.20226811, 0.40453622]
    ],
    "relaxed_energy": -78.3871145,
    "relaxed_forces": [
        [-0.0, 0.0, -0.06655506],
        [-0.0, -0.0, -0.0],
        [0.0, 0.0, 0.06655506],
        [0.0, 0.0, -0.0],
        [0.0, 0.0, -0.07844281],
        [0.0, 0.0, -0.05353011],
        [-0.0, 0.0, 0.05353011],
        [-0.0, 0.0, 0.07844281]
    ],
    "relaxed_lattice": [
        [2.30249447, -2.30249447, 0.0],
        [2.30249447, 2.30249447, 0.0],
        [-2.30249447, 0.0, 11.42070643]
    ]
}