{
    "atom_type": [
        "N",
        "Zr"
    ],
    "atoms_per_type": [
        5,
        8
    ],
    "coord_mode": "direct",
    "relaxed_basis": [
        [0.75, 0.125, 0.6875],
        [0.74850139, 0.62732832, 0.93612266],
        [0.2501137, 0.37729306, 0.06173495],
        [0.2498863, 0.87270694, 0.31326505],
        [0.75149861, 0.62267168, 0.43887734],
        [0.00446429, 0.00802778, 0.00475309],
        [0.49698911, 0.72751459, 0.13116523],
        [0.00301089, 0.52248541, 0.24383477],
        [0.49553571, 0.24197222, 0.37024691],
        [0.99946513, 0.98512137, 0.50342416],
        [0.52253363, 0.76890209, 0.62461715],
        [0.97746637, 0.48109791, 0.75038285],
        [0.50053487, 0.26487863, 0.87157584]
    ],
    "relaxed_energy": -128.14606809,
    "relaxed_forces": [
        [0.0, 0.0, 0.0],
        [0.04568693, 0.01668829, 0.03588439],
        [-0.02344857, 0.02851454, -0.02078707],
        [0.02344857, -0.02851454, 0.02078707],
        [-0.04568693, -0.01668829, -0.03588439],
        [0.00270902, -0.01079006, 0.07237832],
        [0.00764902, -0.03082976, -0.01799852],
        [-0.00764902, 0.03082976, 0.01799852],
        [-0.00270902, 0.01079006, -0.07237832],
        [0.08814189, -0.01590136, -0.035203],
        [-0.06017514, 0.02261274, -0.00537213],
        [0.06017514, -0.02261274, 0.00537213],
        [-0.08814189, 0.01590136, 0.035203]
    ],
    "relaxed_lattice": [
        [2.32826627, 2.34125534, -4.57296711],
        [-2.32175148, 4.68134437, 2.28911629],
        [4.58517815, -0.00662509, 4.5332381]
    ]
}