{
    "atom_type": [
        "N",
        "Zr"
    ],
    "atoms_per_type": [
        4,
        8
    ],
    "coord_mode": "direct",
    "relaxed_basis": [
        [0.745004, 0.6316676, 0.93852735],
        [0.75304881, 0.12138149, 0.18890286],
        [0.25131477, 0.87215954, 0.31116979],
        [0.75285356, 0.62899338, 0.43533163],
        [0.99505731, 0.99934761, 0.01131873],
        [0.50651574, 0.7566746, 0.13353495],
        [0.98383396, 0.50807606, 0.24605602],
        [0.51232328, 0.24126045, 0.37340169],
        [0.01352674, 0.99748077, 0.49169312],
        [0.50568867, 0.73914559, 0.61763096],
        [0.9794285, 0.49569623, 0.74849891],
        [0.50140466, 0.25811667, 0.87893397]
    ],
    "relaxed_energy": -115.88338095,
    "relaxed_forces": [
        [0.00283816, -0.02352714, -0.0006737],
        [0.00953643, -0.01613064, 0.0004818],
        [-0.03061087, 0.01972759, -0.01058468],
        [0.01669514, 0.02571284, -0.00664374],
        [0.00112712, -0.01359696, 0.03923422],
        [-0.01529486, -0.01197674, -0.00730306],
        [-0.00483297, 0.0087724, 0.01988351],
        [0.02065969, 0.01192592, -0.00758115],
        [-0.00578786, -0.03056321, -0.00722998],
        [-0.0110754, 0.01876123, -0.03936988],
        [0.03314572, 0.0347635, 0.04214285],
        [-0.0164003, -0.02386878, -0.02235619]
    ],
    "relaxed_lattice": [
        [2.26997682, 2.26623791, -4.69775738],
        [-2.29840511, 4.56886826, 2.35293018],
        [4.58676292, -0.01016663, 4.7162669]
    ]
}