{
    "atom_type": [
        "N",
        "Zr"
    ],
    "atoms_per_type": [
        4,
        7
    ],
    "coord_mode": "direct",
    "relaxed_basis": [
        [0.85561361, 0.71122712, 0.07224369],
        [0.00152929, 0.00305858, 0.49918491],
        [0.14165851, 0.28331713, 0.92625204],
        [0.71548429, 0.43096857, 0.64517646],
        [0.99943682, 0.99887363, 0.99948478],
        [0.57429446, 0.14858881, 0.71029956],
        [0.14742638, 0.29485285, 0.4404991],
        [0.70971642, 0.41943285, 0.1309294],
        [0.28284844, 0.56569689, 0.86112904],
        [0.85770608, 0.71541207, 0.57194382],
        [0.4285714, 0.8571429, 0.2857143]
    ],
    "relaxed_energy": -107.35829024,
    "relaxed_forces": [
        [-0.03674322, -0.06068342, -0.03674322],
        [0.03674322, 0.06068342, 0.03674322],
        [-0.02017086, -0.04060213, -0.02017086],
        [0.02017086, 0.04060213, 0.02017086],
        [-0.03762217, -0.07154985, -0.03762217],
        [-0.09990126, -0.05763618, -0.09990126],
        [0.00957853, 0.12403018, 0.00957853],
        [-0.00957853, -0.12403018, -0.00957853],
        [0.09990126, 0.05763618, 0.09990126],
        [0.03762217, 0.07154985, 0.03762217],
        [-0.0, 0.0, 0.0]
    ],
    "relaxed_lattice": [
        [2.32385401, 0.0, -2.32385401],
        [-0.00240588, 6.78342077, 2.32144812],
        [4.62658794, -4.51847598, 4.62658794]
    ]
}