{
    "atom_type": [
        "N",
        "Zr"
    ],
    "atoms_per_type": [
        3,
        5
    ],
    "coord_mode": "direct",
    "relaxed_basis": [
        [0.9, 0.9, 0.8],
        [0.49992064, 0.49992064, 0.99984128],
        [0.30007936, 0.30007936, 0.60015872],
        [0.99931554, 0.99931554, 0.99863107],
        [0.80068446, 0.80068446, 0.60136893],
        [0.60117371, 0.60117371, 0.20234741],
        [0.4, 0.4, 0.8],
        [0.19882629, 0.19882629, 0.39765259]
    ],
    "relaxed_energy": -78.11045031,
    "relaxed_forces": [
        [-0.0, 0.0, -0.0],
        [-0.0, 0.0, 0.1104334],
        [0.0, 0.0, -0.1104334],
        [-0.0, 0.0, -0.14475182],
        [0.0, 0.0, 0.14475182],
        [0.0, 0.0, 0.1457768],
        [-0.0, -0.0, -0.0],
        [-0.0, 0.0, -0.1457768]
    ],
    "relaxed_lattice": [
        [2.29384201, -2.29384201, 0.0],
        [2.29384201, 2.29384201, 0.0],
        [-2.29384201, 0.0, 11.44474795]
    ]
}