{
    "atom_type": [
        "N",
        "Zr"
    ],
    "atoms_per_type": [
        4,
        8
    ],
    "coord_mode": "direct",
    "relaxed_basis": [
        [0.25491609, 0.87399822, 0.81533822],
        [0.24447181, 0.37670879, 0.06188903],
        [0.25021106, 0.87763183, 0.3102017],
        [0.75015392, 0.62532368, 0.43679154],
        [0.02428772, 0.01391399, 0.00615292],
        [0.48168506, 0.73721866, 0.12729859],
        [0.00070903, 0.50701073, 0.25076119],
        [0.50365684, 0.26103163, 0.37055821],
        [0.00476742, 0.9749263, 0.50233808],
        [0.49529964, 0.75416987, 0.61843492],
        [0.0005245, 0.50729865, 0.74819265],
        [0.48931692, 0.24076764, 0.87704295]
    ],
    "relaxed_energy": -115.99633698,
    "relaxed_forces": [
        [0.0197257, -0.00394425, -0.02005798],
        [0.01922269, -0.01625807, -0.01083339],
        [-0.01695722, -0.00774762, 0.04419652],
        [-0.00727722, 0.01011051, -0.01708985],
        [0.00303519, 0.0387875, 0.00463908],
        [0.01752374, -0.0214159, -0.00723702],
        [-0.03155876, 0.03517774, 0.03730473],
        [0.02226482, 0.0034621, -0.00488738],
        [-0.01500461, -0.01109596, -0.00972353],
        [-0.00268423, 0.00517239, 0.0119656],
        [-0.03107118, 0.00688017, -0.03149152],
        [0.0227811, -0.03912861, 0.00321475]
    ],
    "relaxed_lattice": [
        [2.31137005, 2.314851, -4.58167425],
        [-2.31993733, 4.66164859, 2.30225699],
        [4.60920305, -0.00035406, 4.57459062]
    ]
}