{
    "atom_type": [
        "N",
        "Zr"
    ],
    "atoms_per_type": [
        4,
        6
    ],
    "coord_mode": "direct",
    "relaxed_basis": [
        [0.5, 0.0, 0.0],
        [0.83194922, 0.66389853, 0.66705134],
        [0.5, 0.0, 0.5],
        [0.16805078, 0.33610147, 0.33294866],
        [0.0, 0.0, 0.0],
        [0.66327479, 0.32654948, 0.8279519],
        [0.34042537, 0.68085085, 0.6640495],
        [0.0, 0.0, 0.5],
        [0.65957463, 0.31914915, 0.3359505],
        [0.33672521, 0.67345052, 0.1720481]
    ],
    "relaxed_energy": -98.70630976,
    "relaxed_forces": [
        [0.0, 0.0, -0.0],
        [-0.0, -0.01993732, 0.03480296],
        [0.0, 0.0, -0.0],
        [0.0, 0.01993732, -0.03480296],
        [0.0, 0.0, -0.0],
        [0.0, -0.04803597, -0.00282102],
        [-0.0, 0.0586112, 0.03284423],
        [0.0, 0.0, -0.0],
        [0.0, -0.0586112, -0.03284423],
        [-0.0, 0.04803597, 0.00282102]
    ],
    "relaxed_lattice": [
        [4.60109388, -0.0, -0.0],
        [-2.30054695, 4.6030573, 2.31043591],
        [-0.0, -4.59060199, 4.59608279]
    ]
}