{
    "atom_type": [
        "N",
        "Zr"
    ],
    "atoms_per_type": [
        2,
        8
    ],
    "coord_mode": "direct",
    "relaxed_basis": [
        [0.62569724, 0.25139448, 0.43827824],
        [0.87430276, 0.74860552, 0.31172176],
        [0.00146631, 0.00293261, 0.99504737],
        [0.25, 0.5, 0.875],
        [0.49853369, 0.99706739, 0.75495263],
        [0.75360329, 0.50720658, 0.63158053],
        [0.00798905, 0.0159781, 0.49648455],
        [0.25, 0.5, 0.375],
        [0.49201095, 0.9840219, 0.25351545],
        [0.74639671, 0.49279342, 0.11841947]
    ],
    "relaxed_energy": -91.76473783,
    "relaxed_forces": [
        [0.00394748, -0.00394748, -0.02814668],
        [-0.00394748, 0.00394748, 0.02814668],
        [0.02654174, -0.02654174, 0.00893486],
        [-0.0, -0.0, 0.0],
        [-0.02654174, 0.02654174, -0.00893486],
        [-0.04817934, 0.04817934, 0.08016924],
        [-0.05705601, 0.05705601, -0.012855],
        [-0.0, -0.0, 0.0],
        [0.05705601, -0.05705601, 0.012855],
        [0.04817934, -0.04817934, -0.08016924]
    ],
    "relaxed_lattice": [
        [2.31419873, 2.31419873, -0.0],
        [-4.62183187, 2.30763314, 2.25368894],
        [4.60246226, -4.60246226, 8.96326614]
    ]
}