{
    "atom_type": [
        "N",
        "Zr"
    ],
    "atoms_per_type": [
        4,
        6
    ],
    "coord_mode": "direct",
    "relaxed_basis": [
        [0.8333333, 0.0, 0.6666667],
        [0.16779247, 0.0, 0.33558484],
        [0.3333333, 0.5, 0.6666667],
        [0.49887423, 0.0, 0.99774846],
        [0.0026819, 0.0, 0.00536379],
        [0.17284831, 0.5, 0.34569652],
        [0.3333333, 0.0, 0.6666667],
        [0.49381839, 0.5, 0.98763678],
        [0.6639848, 0.0, 0.32796951],
        [0.8333333, 0.5, 0.6666667]
    ],
    "relaxed_energy": -98.55781537,
    "relaxed_forces": [
        [0.0, 0.0, -0.0],
        [0.0, 0.0, -0.05470174],
        [-0.0, 0.0, -0.0],
        [-0.0, 0.0, 0.05470174],
        [-0.0, 0.0, 0.01064178],
        [-0.0, 0.0, 0.07876546],
        [-0.0, 0.0, -0.0],
        [0.0, 0.0, -0.07876546],
        [0.0, 0.0, -0.01064178],
        [-0.0, 0.0, -0.0]
    ],
    "relaxed_lattice": [
        [4.63962203, 0.0, -0.0],
        [0.0, 4.5311875, 0.0],
        [-2.31981102, 0.0, 6.94422448]
    ]
}