{
    "atom_type": [
        "N",
        "Zr"
    ],
    "atoms_per_type": [
        4,
        7
    ],
    "coord_mode": "direct",
    "relaxed_basis": [
        [0.99990952, 0.99981903, 0.49930216],
        [0.5707458, 0.1414915, 0.21495489],
        [0.1435399, 0.2870799, 0.92790221],
        [0.71437618, 0.42875237, 0.64355494],
        [0.00555679, 0.01111358, 0.00806225],
        [0.57520247, 0.15040484, 0.71290086],
        [0.13908323, 0.27816656, 0.42995624],
        [0.70872891, 0.41745782, 0.13479485],
        [0.2809744, 0.56194879, 0.84805064],
        [0.8571429, 0.7142857, 0.5714286],
        [0.4333113, 0.86662271, 0.29480656]
    ],
    "relaxed_energy": -107.291139,
    "relaxed_forces": [
        [0.03518174, -0.09124153, 0.03518174],
        [0.03016263, -0.1291082, 0.03016263],
        [-0.03016263, 0.1291082, -0.03016263],
        [-0.03518174, 0.09124153, -0.03518174],
        [0.01947145, -0.05375637, 0.01947145],
        [0.00174113, -0.08608002, 0.00174113],
        [-0.00174113, 0.08608002, -0.00174113],
        [-0.01947145, 0.05375637, -0.01947145],
        [-0.10775067, 0.10782514, -0.10775067],
        [0.0, -0.0, 0.0],
        [0.10775067, -0.10782514, 0.10775067]
    ],
    "relaxed_lattice": [
        [2.32370265, 0.0, -2.32370265],
        [-0.01697455, 6.83656114, 2.3067281],
        [4.61927504, -4.5710398, 4.61927504]
    ]
}