{
    "atom_type": [
        "N",
        "Zr"
    ],
    "atoms_per_type": [
        3,
        8
    ],
    "coord_mode": "direct",
    "relaxed_basis": [
        [0.87408982, 0.74817964, 0.81170311],
        [0.62366967, 0.24733933, 0.43870358],
        [0.87691136, 0.75382273, 0.31241552],
        [0.00275018, 0.00550036, 0.99937758],
        [0.25720232, 0.51440465, 0.87333757],
        [0.49125795, 0.9825159, 0.75333702],
        [0.75085201, 0.50170402, 0.6257759],
        [0.00636547, 0.01273094, 0.49310812],
        [0.24997576, 0.49995151, 0.37516615],
        [0.49493935, 0.98987869, 0.25539424],
        [0.74698611, 0.49397222, 0.12418121]
    ],
    "relaxed_energy": -103.77916106,
    "relaxed_forces": [
        [0.00055096, -0.00055096, 0.01560923],
        [-0.05405934, 0.05405934, 0.03625181],
        [0.05889198, -0.05889198, -0.06891904],
        [-0.03031617, 0.03031617, 0.1531228],
        [0.01063371, -0.01063371, 0.02240583],
        [-0.00987205, 0.00987205, -0.05503057],
        [-0.03927455, 0.03927455, -0.02740186],
        [-0.01613299, 0.01613299, 0.11425132],
        [-0.01249398, 0.01249398, -0.0065683],
        [0.02426671, -0.02426671, -0.07522217],
        [0.06780571, -0.06780571, -0.10849906]
    ],
    "relaxed_lattice": [
        [2.32125203, 2.32125203, -0.0],
        [-4.59562637, 2.27437434, 2.27562587],
        [4.59004759, -4.59004759, 9.13243948]
    ]
}