{
    "atom_type": [
        "N",
        "Zr"
    ],
    "atoms_per_type": [
        2,
        8
    ],
    "coord_mode": "direct",
    "relaxed_basis": [
        [0.0, 0.0, 0.37472936],
        [0.5, 0.5, 0.75027064],
        [0.0, 0.0, 0.00020814],
        [0.5, 0.5, 0.12479186],
        [0.0, 0.0, 0.24947153],
        [0.5, 0.5, 0.37526437],
        [0.0, 0.0, 0.50049194],
        [0.5, 0.5, 0.62450806],
        [0.0, 0.0, 0.74973563],
        [0.5, 0.5, 0.87552847]
    ],
    "relaxed_energy": -91.66508253,
    "relaxed_forces": [
        [0.0, 0.0, 0.05927054],
        [-0.0, -0.0, -0.05927054],
        [0.0, 0.0, -0.03742198],
        [-0.0, -0.0, 0.03742198],
        [0.0, 0.0, 0.07018927],
        [-0.0, -0.0, -0.05107792],
        [0.0, 0.0, -0.05203557],
        [0.0, -0.0, 0.05203557],
        [0.0, 0.0, 0.05107792],
        [-0.0, -0.0, -0.07018927]
    ],
    "relaxed_lattice": [
        [2.29739188, 2.29739188, 0.0],
        [2.29739188, -2.29739188, 0.0],
        [0.0, 0.0, -18.12779589]
    ]
}