{
    "atom_type": [
        "N",
        "Zr"
    ],
    "atoms_per_type": [
        4,
        8
    ],
    "coord_mode": "direct",
    "relaxed_basis": [
        [0.0, 0.625875, 0.75],
        [0.5, 0.74835263, 0.49670525],
        [0.5, 0.00164737, 0.00329475],
        [0.0, 0.124125, 0.75],
        [0.0, 0.99524784, 0.99049567],
        [0.5, 0.10855467, 0.75],
        [0.0, 0.25689264, 0.51378528],
        [0.5, 0.375, 0.25],
        [0.0, 0.49310736, 0.98621472],
        [0.5, 0.64144533, 0.75],
        [0.0, 0.75475216, 0.50950433],
        [0.5, 0.875, 0.25]
    ],
    "relaxed_energy": -116.01395855,
    "relaxed_forces": [
        [0.0, 0.005352, -0.005352],
        [0.0, -0.00862567, -0.00862567],
        [0.0, 0.00862567, 0.00862567],
        [0.0, -0.005352, 0.005352],
        [0.0, 0.02022491, 0.02022491],
        [0.0, -0.00983554, 0.00983554],
        [0.0, 0.03332183, 0.03332183],
        [0.0, 0.0, 0.0],
        [0.0, -0.03332183, -0.03332183],
        [0.0, 0.00983554, -0.00983554],
        [0.0, -0.02022491, -0.02022491],
        [0.0, 0.0, 0.0]
    ],
    "relaxed_lattice": [
        [4.57053911, 0.0, 0.0],
        [0.0, 4.63269715, -4.63269715],
        [0.0, 2.3074908, 6.94018795]
    ]
}