{
    "atom_type": [
        "N",
        "Zr"
    ],
    "atoms_per_type": [
        3,
        8
    ],
    "coord_mode": "direct",
    "relaxed_basis": [
        [0.25115197, 0.75115197, 0.50230395],
        [0.375, 0.375, 0.75],
        [0.49884803, 0.99884803, 0.99769605],
        [0.00256019, 0.00256019, 0.00512038],
        [0.13121602, 0.63121602, 0.26243204],
        [0.25489058, 0.25489058, 0.50978115],
        [0.375, 0.875, 0.75],
        [0.49510942, 0.49510942, 0.99021885],
        [0.61878398, 0.11878398, 0.23756796],
        [0.74743981, 0.74743981, 0.49487962],
        [0.875, 0.375, 0.75]
    ],
    "relaxed_energy": -103.92861158,
    "relaxed_forces": [
        [-0.0, -0.0, 0.04801905],
        [-0.0, -0.0, 0.0],
        [0.0, 0.0, -0.04801905],
        [0.0, 0.0, -0.07422943],
        [-0.0, -0.0, 0.06708963],
        [0.0, 0.0, -0.03505138],
        [0.0, 0.0, 0.0],
        [-0.0, -0.0, 0.03505138],
        [0.0, 0.0, -0.06708963],
        [-0.0, -0.0, 0.07422943],
        [0.0, -0.0, -0.0]
    ],
    "relaxed_lattice": [
        [4.52489646, 0.0, -0.0],
        [0.0, 4.55733299, -0.0],
        [-2.26244823, -2.2786665, 9.38319686]
    ]
}