{
    "atom_type": [
        "N",
        "Zr"
    ],
    "atoms_per_type": [
        5,
        8
    ],
    "coord_mode": "direct",
    "relaxed_basis": [
        [0.43724982, 0.93842129, 0.18707908],
        [0.68775018, 0.18657871, 0.43792092],
        [0.93838542, 0.4358449, 0.68738427],
        [0.5625, 0.0625, 0.8125],
        [0.18661458, 0.6891551, 0.93761573],
        [0.00468588, 0.99072729, 0.99990094],
        [0.62436139, 0.63038804, 0.12088919],
        [0.24986927, 0.24301174, 0.25724972],
        [0.87513073, 0.88198826, 0.36775028],
        [0.50063861, 0.49461196, 0.50411081],
        [0.12031412, 0.13427271, 0.62509906],
        [0.74713779, 0.74662864, 0.75909577],
        [0.37786221, 0.37837136, 0.86590423]
    ],
    "relaxed_energy": -127.9096207,
    "relaxed_forces": [
        [0.06172291, -0.00509512, -0.06172291],
        [-0.06172291, 0.00509512, 0.06172291],
        [0.04709821, 0.07220182, -0.04709821],
        [-0.0, 0.0, 0.0],
        [-0.04709821, -0.07220182, 0.04709821],
        [0.0490318, 0.07859043, -0.0490318],
        [-0.00583456, -0.06998332, 0.00583456],
        [-0.04087529, 0.00959023, 0.04087529],
        [0.04087529, -0.00959023, -0.04087529],
        [0.00583456, 0.06998332, -0.00583456],
        [-0.0490318, -0.07859043, 0.0490318],
        [-0.02953764, 0.04821609, 0.02953764],
        [0.02953764, -0.04821609, -0.02953764]
    ],
    "relaxed_lattice": [
        [2.31628296, 0.0, 2.31628296],
        [2.29461808, 6.85726907, 0.02166488],
        [-4.6035724, 2.31223506, 6.91985536]
    ]
}