{
    "atom_type": [
        "N",
        "Zr"
    ],
    "atoms_per_type": [
        7,
        8
    ],
    "coord_mode": "direct",
    "relaxed_basis": [
        [0.0, 0.0, 0.75],
        [0.5, 0.25122348, 0.9980728],
        [0.5, 0.25122348, 0.5019272],
        [0.0, 0.5, 0.75],
        [0.0, 0.5, 0.25],
        [0.5, 0.74877652, 0.5019272],
        [0.5, 0.74877652, 0.9980728],
        [0.0, 0.0, 0.99742283],
        [0.0, 0.0, 0.50257717],
        [0.5, 0.24913546, 0.75],
        [0.5, 0.25964901, 0.25],
        [0.0, 0.5, 0.49646664],
        [0.0, 0.5, 0.00353336],
        [0.5, 0.74035099, 0.25],
        [0.5, 0.75086454, 0.75]
    ],
    "relaxed_energy": -151.36383957,
    "relaxed_forces": [
        [-0.0, 0.0, 0.0],
        [0.00213384, -0.00213384, 0.00814485],
        [0.00213384, -0.00213384, -0.00814485],
        [-0.0, 0.0, 0.0],
        [-0.0, 0.0, -0.0],
        [-0.00213384, 0.00213384, -0.00814485],
        [-0.00213384, 0.00213384, 0.00814485],
        [-0.0, 0.0, -0.03322787],
        [-0.0, 0.0, 0.03322787],
        [-0.00588186, 0.00588186, 0.0],
        [-0.03380318, 0.03380318, 0.0],
        [-0.0, 0.0, 0.01738474],
        [-0.0, 0.0, -0.01738474],
        [0.03380318, -0.03380318, 0.0],
        [0.00588186, -0.00588186, 0.0]
    ],
    "relaxed_lattice": [
        [2.30093186, 2.30093186, 0.0],
        [-4.59852238, 4.59852238, 0.0],
        [0.0, 0.0, 9.1890555]
    ]
}