{
    "atom_type": [
        "N",
        "Zr"
    ],
    "atoms_per_type": [
        2,
        8
    ],
    "coord_mode": "direct",
    "relaxed_basis": [
        [0.62576479, 0.62576479, 0.75152958],
        [0.37423521, 0.37423521, 0.24847042],
        [0.0, 0.0, 0.0],
        [0.38628892, 0.86611457, 0.75240349],
        [0.74309284, 0.74309284, 0.5],
        [0.13388543, 0.61371108, 0.24759651],
        [0.5, 0.5, 0.0],
        [0.86611457, 0.38628892, 0.75240349],
        [0.25690716, 0.25690716, 0.5],
        [0.61371108, 0.13388543, 0.24759651]
    ],
    "relaxed_energy": -91.95238487,
    "relaxed_forces": [
        [-0.0, 0.0510986, -0.0510986],
        [-0.0, -0.0510986, 0.0510986],
        [-0.0, -0.0, -0.0],
        [0.00983724, -0.01212266, 0.01212266],
        [-0.0, 0.0170387, 0.0170387],
        [0.00983724, 0.01212266, -0.01212266],
        [-0.0, -0.0, -0.0],
        [-0.00983724, -0.01212266, 0.01212266],
        [-0.0, -0.0170387, -0.0170387],
        [-0.00983724, 0.01212266, -0.01212266]
    ],
    "relaxed_lattice": [
        [4.74452572, 2.24127185, 2.24127185],
        [-4.74452572, 2.24127185, 2.24127185],
        [0.0, -6.78968858, 2.3071449]
    ]
}