{
    "atom_type": [
        "N",
        "Zr"
    ],
    "atoms_per_type": [
        5,
        8
    ],
    "coord_mode": "direct",
    "relaxed_basis": [
        [0.87542569, 0.87542569, 0.75085138],
        [0.125, 0.125, 0.25],
        [0.25228003, 0.75228003, 0.50456006],
        [0.37457431, 0.37457431, 0.74914862],
        [0.49771997, 0.99771997, 0.99543994],
        [0.00275078, 0.00275078, 0.00550157],
        [0.13097254, 0.63097254, 0.26194508],
        [0.24724922, 0.24724922, 0.49449843],
        [0.375, 0.875, 0.75],
        [0.49645548, 0.49645548, 0.99291095],
        [0.61902746, 0.11902746, 0.23805492],
        [0.75354452, 0.75354452, 0.50708905],
        [0.875, 0.375, 0.75]
    ],
    "relaxed_energy": -127.57627712,
    "relaxed_forces": [
        [-0.0, -0.0, 0.04236475],
        [0.0, 0.0, -0.0],
        [-0.0, -0.0, 0.04782196],
        [0.0, 0.0, -0.04236475],
        [0.0, 0.0, -0.04782196],
        [0.0, 0.0, -0.04154061],
        [-0.0, -0.0, 0.01030286],
        [-0.0, -0.0, 0.04154061],
        [0.0, 0.0, 0.0],
        [0.0, 0.0, -0.03942397],
        [0.0, 0.0, -0.01030286],
        [-0.0, -0.0, 0.03942397],
        [0.0, 0.0, 0.0]
    ],
    "relaxed_lattice": [
        [4.56308275, 0.0, -0.0],
        [0.0, 4.56308275, -0.0],
        [-2.28154138, -2.28154138, 9.34126309]
    ]
}