{
    "atom_type": [
        "N",
        "Zr"
    ],
    "atoms_per_type": [
        7,
        8
    ],
    "coord_mode": "direct",
    "relaxed_basis": [
        [0.0, 0.37447051, 0.2499529],
        [0.5, 0.50078358, 0.00156716],
        [0.0, 0.62451762, 0.7500471],
        [0.5, 0.75, 0.5],
        [0.0, 0.87548238, 0.2499529],
        [0.5, 0.99921642, 0.99843284],
        [0.0, 0.12552949, 0.7500471],
        [0.0, 0.99985713, 0.99971426],
        [0.5, 0.12121788, 0.75359517],
        [0.0, 0.25, 0.5],
        [0.5, 0.37878212, 0.24640483],
        [0.0, 0.50014287, 0.00028574],
        [0.5, 0.63237729, 0.75359517],
        [0.0, 0.75, 0.5],
        [0.5, 0.86762271, 0.24640483]
    ],
    "relaxed_energy": -151.50935306,
    "relaxed_forces": [
        [0.0, -0.00233545, 0.01795368],
        [0.0, -0.03266572, -0.03266572],
        [0.0, -0.01795368, 0.00233545],
        [0.0, 0.0, -0.0],
        [0.0, 0.01795368, -0.00233545],
        [0.0, 0.03266572, 0.03266572],
        [0.0, 0.00233545, -0.01795368],
        [0.0, 0.00707225, 0.00707225],
        [0.0, -0.00360472, 0.05469345],
        [0.0, 0.0, -0.0],
        [0.0, 0.00360472, -0.05469345],
        [0.0, -0.00707225, -0.00707225],
        [0.0, 0.05469345, -0.00360472],
        [0.0, 0.0, -0.0],
        [0.0, -0.05469345, 0.00360472]
    ],
    "relaxed_lattice": [
        [4.63354614, 0.0, 0.0],
        [0.0, 4.58335635, -4.58335635],
        [0.0, 2.28597332, 6.86932967]
    ]
}