{
    "atom_type": [
        "N",
        "Zr"
    ],
    "atoms_per_type": [
        2,
        7
    ],
    "coord_mode": "direct",
    "relaxed_basis": [
        [0.57091251, 0.14182492, 0.21582067],
        [0.71480179, 0.42960358, 0.64132213],
        [0.00507893, 0.01015786, 0.0105441],
        [0.57070433, 0.14140856, 0.71325382],
        [0.1428571, 0.2857143, 0.4285714],
        [0.71500997, 0.43001994, 0.14388898],
        [0.28063537, 0.56127074, 0.8465988],
        [0.86016196, 0.72032382, 0.57418214],
        [0.42555234, 0.85110478, 0.28296076]
    ],
    "relaxed_energy": -83.12025882,
    "relaxed_forces": [
        [-0.0166833, -0.03625443, -0.0166833],
        [0.0166833, 0.03625443, 0.0166833],
        [0.07901612, 0.00392131, 0.07901612],
        [0.02040751, 0.01756957, 0.02040751],
        [0.0, 0.0, 0.0],
        [-0.02040751, -0.01756957, -0.02040751],
        [-0.07901612, -0.00392131, -0.07901612],
        [0.01652021, 0.0473248, 0.01652021],
        [-0.01652021, -0.0473248, -0.01652021]
    ],
    "relaxed_lattice": [
        [2.29879388, 0.0, -2.29879388],
        [-0.02519395, 6.85246479, 2.27359993],
        [4.60524656, -4.60431741, 4.60524656]
    ]
}