{
    "atom_type": [
        "N",
        "Zr"
    ],
    "atoms_per_type": [
        2,
        8
    ],
    "coord_mode": "direct",
    "relaxed_basis": [
        [0.5, 0.5, 0.49926056],
        [0.5, 0.5, 0.75073944],
        [0.0, 0.0, 0.00037421],
        [0.5, 0.5, 0.125],
        [0.0, 0.0, 0.24962579],
        [0.5, 0.5, 0.37421417],
        [0.0, 0.0, 0.50023314],
        [0.5, 0.5, 0.625],
        [0.0, 0.0, 0.74976686],
        [0.5, 0.5, 0.87578583]
    ],
    "relaxed_energy": -91.71630365,
    "relaxed_forces": [
        [-0.0, -0.0, 0.12737757],
        [0.0, 0.0, -0.12737757],
        [-0.0, -0.0, -0.04567993],
        [0.0, 0.0, 0.0],
        [-0.0, -0.0, 0.04567993],
        [0.0, 0.0, 0.07413071],
        [-0.0, -0.0, -0.00495332],
        [0.0, 0.0, -0.0],
        [-0.0, -0.0, 0.00495332],
        [-0.0, -0.0, -0.07413071]
    ],
    "relaxed_lattice": [
        [2.29868574, 2.29868574, 0.0],
        [2.29868574, -2.29868574, 0.0],
        [0.0, 0.0, -18.11326984]
    ]
}