{
    "atom_type": [
        "N",
        "Zr"
    ],
    "atoms_per_type": [
        5,
        8
    ],
    "coord_mode": "direct",
    "relaxed_basis": [
        [0.24832545, 0.87687141, 0.81294912],
        [0.7497137, 0.62389177, 0.9389097],
        [0.75669815, 0.12372011, 0.18816414],
        [0.2476843, 0.87318481, 0.31100623],
        [0.74905543, 0.62768955, 0.43515572],
        [0.00487353, 0.98946915, 0.00733984],
        [0.50651171, 0.76239551, 0.12580359],
        [0.98291564, 0.50244267, 0.24513255],
        [0.51211426, 0.24588634, 0.37216478],
        [0.00936262, 0.9899686, 0.49889061],
        [0.49565888, 0.74561033, 0.62383631],
        [0.98733989, 0.51895639, 0.74656917],
        [0.49974645, 0.24491338, 0.88157824]
    ],
    "relaxed_energy": -127.96078508,
    "relaxed_forces": [
        [-0.0062257, 0.00949511, 0.00485262],
        [-0.01105263, 0.00437979, 0.02146701],
        [0.01264468, 0.02581835, -0.01675942],
        [0.00827505, 0.00337374, -0.01185676],
        [-0.02003212, 0.01039509, 0.01291172],
        [0.02985156, 0.02934492, 0.00333683],
        [-0.00829422, -0.04577996, -0.00591528],
        [-0.02087959, -0.00805668, 0.01629686],
        [0.03690498, -0.00132697, -0.08499796],
        [-0.00673303, 0.0386568, -0.02487162],
        [0.00166216, -0.04065188, 0.00869155],
        [-0.05108144, -0.03374034, 0.05069156],
        [0.03496031, 0.00809202, 0.02615288]
    ],
    "relaxed_lattice": [
        [2.31051821, 2.28627497, -4.62388429],
        [-2.32041268, 4.57378215, 2.30758199],
        [4.64179635, -0.00729207, 4.63066625]
    ]
}