{
    "atom_type": [
        "N",
        "Zr"
    ],
    "atoms_per_type": [
        3,
        6
    ],
    "coord_mode": "direct",
    "relaxed_basis": [
        [0.83338138, 0.66676286, 0.66893734],
        [0.5, 0.0, 0.5],
        [0.16661862, 0.33323714, 0.33106266],
        [0.0, 0.0, 0.0],
        [0.6685331, 0.33706609, 0.82551498],
        [0.33452005, 0.66904021, 0.6530362],
        [0.0, 0.0, 0.5],
        [0.66547995, 0.33095979, 0.3469638],
        [0.3314669, 0.66293391, 0.17448502]
    ],
    "relaxed_energy": -86.8774184,
    "relaxed_forces": [
        [-0.0, -0.01054232, 0.11467172],
        [0.0, 0.0, 0.0],
        [0.0, 0.01054232, -0.11467172],
        [0.0, 0.0, 0.0],
        [-0.0, 0.05442917, 0.11916233],
        [-0.0, 0.090665, 0.04680494],
        [0.0, 0.0, 0.0],
        [0.0, -0.090665, -0.04680494],
        [0.0, -0.05442917, -0.11916233]
    ],
    "relaxed_lattice": [
        [4.59519734, -0.0, 0.0],
        [-2.29759867, 4.62316841, 2.29331486],
        [0.0, -4.61361545, 4.56794074]
    ]
}