{
    "atom_type": [
        "N",
        "Zr"
    ],
    "atoms_per_type": [
        5,
        8
    ],
    "coord_mode": "direct",
    "relaxed_basis": [
        [0.375, 0.75, 0.0625],
        [0.87729115, 0.7545823, 0.81232331],
        [0.12160742, 0.24321484, 0.68820098],
        [0.62839258, 0.25678516, 0.43679902],
        [0.87270885, 0.7454177, 0.31267669],
        [0.99164647, 0.98329294, 0.00390035],
        [0.25944833, 0.51889665, 0.87021112],
        [0.49892258, 0.99784516, 0.74730536],
        [0.73919015, 0.4783803, 0.63088858],
        [0.01080985, 0.0216197, 0.49411142],
        [0.25107742, 0.50215484, 0.37769464],
        [0.49055167, 0.98110335, 0.25478888],
        [0.75835353, 0.51670706, 0.12109965]
    ],
    "relaxed_energy": -128.13934202,
    "relaxed_forces": [
        [-0.0, -0.0, 0.0],
        [-0.01754528, 0.01754528, 0.11183848],
        [0.00942733, -0.00942733, 0.0207896],
        [-0.00942733, 0.00942733, -0.0207896],
        [0.01754528, -0.01754528, -0.11183848],
        [0.01879094, -0.01879094, 0.03745495],
        [-0.02134248, 0.02134248, -0.01773737],
        [0.01801919, -0.01801919, -0.01871733],
        [0.00171485, -0.00171485, -0.00982658],
        [-0.00171485, 0.00171485, 0.00982658],
        [-0.01801919, 0.01801919, 0.01871733],
        [0.02134248, -0.02134248, 0.01773737],
        [-0.01879094, 0.01879094, -0.03745495]
    ],
    "relaxed_lattice": [
        [2.32618148, 2.32618148, -0.0],
        [-4.66313958, 2.33695811, 2.24897759],
        [4.69511312, -4.69511312, 9.07977156]
    ]
}