{
    "atom_type": [
        "N",
        "Zr"
    ],
    "atoms_per_type": [
        5,
        8
    ],
    "coord_mode": "direct",
    "relaxed_basis": [
        [0.0, 0.0003644, 0.74873701],
        [0.5, 0.25, 0.5],
        [0.0, 0.4996356, 0.25126299],
        [0.5, 0.75, 0.5],
        [0.5, 0.75, 0.0],
        [0.0, 0.98958084, 0.99676518],
        [0.0, 0.99949643, 0.50716687],
        [0.5, 0.2413406, 0.74708316],
        [0.5, 0.2586594, 0.25291684],
        [0.0, 0.50050357, 0.49283313],
        [0.0, 0.51041916, 0.00323482],
        [0.5, 0.73819654, 0.24948269],
        [0.5, 0.76180346, 0.75051731]
    ],
    "relaxed_energy": -127.90255195,
    "relaxed_forces": [
        [-0.06596324, 0.06596324, 0.05565966],
        [-0.0, 0.0, -0.0],
        [0.06596324, -0.06596324, -0.05565966],
        [-0.0, 0.0, -0.0],
        [-0.0, 0.0, -0.0],
        [0.0559722, -0.0559722, 0.0355888],
        [0.00885168, -0.00885168, -0.03763988],
        [-0.059604, 0.059604, -0.03760424],
        [0.059604, -0.059604, 0.03760424],
        [-0.00885168, 0.00885168, 0.03763988],
        [-0.0559722, 0.0559722, -0.0355888],
        [-0.00060827, 0.00060827, 0.10475474],
        [0.00060827, -0.00060827, -0.10475474]
    ],
    "relaxed_lattice": [
        [2.31520102, 2.31520102, 0.0],
        [-4.59199589, 4.59199589, -0.02476826],
        [0.02478046, -0.02478046, 9.18825408]
    ]
}