{
    "atom_type": [
        "N",
        "Zr"
    ],
    "atoms_per_type": [
        3,
        8
    ],
    "coord_mode": "direct",
    "relaxed_basis": [
        [0.4375, 0.4375, 0.6875],
        [0.06262378, 0.06262378, 0.81212867],
        [0.81237622, 0.81237622, 0.56287133],
        [0.99925976, 0.99925976, 0.00222073],
        [0.87574024, 0.87574024, 0.37277927],
        [0.74928467, 0.74928467, 0.752146],
        [0.62495514, 0.62495514, 0.12513459],
        [0.49959801, 0.49959801, 0.50120596],
        [0.37540199, 0.37540199, 0.87379404],
        [0.25004486, 0.25004486, 0.24986541],
        [0.12571533, 0.12571533, 0.622854]
    ],
    "relaxed_energy": -103.62140117,
    "relaxed_forces": [
        [-0.0, -0.0, -0.0],
        [-0.00034175, -0.00034175, 0.00034175],
        [0.00034175, 0.00034175, -0.00034175],
        [-0.07034132, -0.07034132, 0.07034132],
        [0.07034132, 0.07034132, -0.07034132],
        [-0.06411146, -0.06411146, 0.06411146],
        [-0.01367373, -0.01367373, 0.01367373],
        [0.03494827, 0.03494827, -0.03494827],
        [-0.03494827, -0.03494827, 0.03494827],
        [0.01367373, 0.01367373, -0.01367373],
        [0.06411146, 0.06411146, -0.06411146]
    ],
    "relaxed_lattice": [
        [2.29007283, 0.0, 2.29007283],
        [0.0, 2.29007283, 2.29007283],
        [-11.3789089, -11.3789089, 13.66898173]
    ]
}