{
    "atom_type": [
        "N",
        "Zr"
    ],
    "atoms_per_type": [
        3,
        8
    ],
    "coord_mode": "direct",
    "relaxed_basis": [
        [0.68776395, 0.56459018, 0.37552789],
        [0.8125, 0.9375, 0.625],
        [0.93723605, 0.31040982, 0.87447211],
        [0.00183529, 0.00537178, 0.00367057],
        [0.12884209, 0.38177301, 0.25768419],
        [0.250104, 0.74871628, 0.50020801],
        [0.374896, 0.12628372, 0.74979199],
        [0.49615791, 0.49322699, 0.99231581],
        [0.62316471, 0.86962822, 0.24632943],
        [0.74959592, 0.24816062, 0.49919183],
        [0.87540408, 0.62683938, 0.75080817]
    ],
    "relaxed_energy": -103.66814888,
    "relaxed_forces": [
        [0.05091569, 0.005598, 0.05091569],
        [0.0, -0.0, -0.0],
        [-0.05091569, -0.005598, -0.05091569],
        [0.01386051, -0.05644776, 0.01386051],
        [0.02261257, -0.04304634, 0.02261257],
        [-0.00331176, -0.01857177, -0.00331176],
        [0.00331176, 0.01857177, 0.00331176],
        [-0.02261257, 0.04304634, -0.02261257],
        [-0.01386051, 0.05644776, -0.01386051],
        [0.02383848, 0.00580974, 0.02383848],
        [-0.02383848, -0.00580974, -0.02383848]
    ],
    "relaxed_lattice": [
        [2.30662739, 0.0, -2.30662739],
        [2.30927751, 4.54356924, 2.30927751],
        [4.5830756, -6.77904286, 6.88970299]
    ]
}