{
    "atom_type": [
        "N",
        "Zr"
    ],
    "atoms_per_type": [
        2,
        8
    ],
    "coord_mode": "direct",
    "relaxed_basis": [
        [0.5, 0.00360306, 0.00196729],
        [0.0, 0.12139694, 0.74803271],
        [0.0, 0.00745992, 0.99181056],
        [0.5, 0.11754008, 0.75818944],
        [0.0, 0.25026664, 0.51374263],
        [0.5, 0.37587924, 0.25744165],
        [0.0, 0.49576207, 0.99739205],
        [0.5, 0.62923793, 0.75260795],
        [0.0, 0.74912076, 0.49255835],
        [0.5, 0.87473336, 0.23625737]
    ],
    "relaxed_energy": -91.73121439,
    "relaxed_forces": [
        [0.0, -0.00595587, -0.04177657],
        [0.0, 0.00595587, 0.04177657],
        [0.0, 0.03385051, -0.01566367],
        [0.0, -0.03385051, 0.01566367],
        [0.0, -0.04731375, 0.08536053],
        [0.0, 0.03554418, 0.00951379],
        [0.0, 0.01335249, -0.03167155],
        [0.0, -0.01335249, 0.03167155],
        [0.0, -0.03554418, -0.00951379],
        [0.0, 0.04731375, -0.08536053]
    ],
    "relaxed_lattice": [
        [4.50342482, 0.0, 0.0],
        [0.0, 4.62753538, -4.70921918],
        [0.0, 2.24581392, 6.99463432]
    ]
}