{
    "atom_type": [
        "N",
        "Zr"
    ],
    "atoms_per_type": [
        5,
        8
    ],
    "coord_mode": "direct",
    "relaxed_basis": [
        [0.5, 0.37482158, 0.6256731],
        [0.0, 0.62396094, 0.87281896],
        [0.0, 0.87419666, 0.62594347],
        [0.5, 0.12486198, 0.87363272],
        [0.0, 0.12336426, 0.37551045],
        [0.0, 0.99740072, 0.99648039],
        [0.5, 0.01001933, 0.49778509],
        [0.5, 0.2493304, 0.25381139],
        [0.0, 0.24915126, 0.75222759],
        [0.0, 0.49325419, 0.50127829],
        [0.5, 0.50117884, 0.99911473],
        [0.5, 0.75178922, 0.75249737],
        [0.0, 0.75167059, 0.24822644]
    ],
    "relaxed_energy": -127.51635242,
    "relaxed_forces": [
        [-0.04908771, 0.05432724, 0.04908771],
        [0.04814833, -0.06591744, -0.04814833],
        [0.00624528, -0.01567714, -0.00624528],
        [0.00379352, -4.151e-05, -0.00379352],
        [-0.02271808, -0.01730617, 0.02271808],
        [0.03085849, -0.05764511, -0.03085849],
        [0.00160816, 0.06257933, -0.00160816],
        [-0.06635191, 0.07630548, 0.06635191],
        [-0.01446375, -0.01379669, 0.01446375],
        [-0.06063074, 0.03552981, 0.06063074],
        [0.05822822, -0.00797318, -0.05822822],
        [-0.00145512, -0.00864507, 0.00145512],
        [0.06582531, -0.04173955, -0.06582531]
    ],
    "relaxed_lattice": [
        [2.30053719, 0.0, 2.30053719],
        [2.29789358, 4.59044731, -2.29789358],
        [-6.91511381, 4.61185976, 6.91511381]
    ]
}