{
    "atom_type": [
        "N",
        "Zr"
    ],
    "atoms_per_type": [
        3,
        7
    ],
    "coord_mode": "direct",
    "relaxed_basis": [
        [0.92759958, 0.85519926, 0.28459601],
        [0.5, 0.0, 0.0],
        [0.07240042, 0.14480074, 0.71540399],
        [0.0, 0.0, 0.0],
        [0.57107066, 0.14214122, 0.73313481],
        [0.13360792, 0.26721593, 0.43810955],
        [0.71584324, 0.43168647, 0.14648377],
        [0.28415676, 0.56831353, 0.85351623],
        [0.86639208, 0.73278407, 0.56189045],
        [0.42892934, 0.85785878, 0.26686519]
    ],
    "relaxed_energy": -95.48634629,
    "relaxed_forces": [
        [0.0, -0.00891582, -0.02432248],
        [0.0, -0.0, 0.0],
        [-0.0, 0.00891582, 0.02432248],
        [0.0, -0.0, 0.0],
        [0.0, -0.00159737, 0.03174128],
        [-0.0, 0.0172824, 0.00467136],
        [-0.0, 0.03956769, -0.01669877],
        [0.0, -0.03956769, 0.01669877],
        [0.0, -0.0172824, -0.00467136],
        [-0.0, 0.00159737, -0.03174128]
    ],
    "relaxed_lattice": [
        [4.55733874, 0.0, 0.0],
        [-2.27866937, 4.57356233, -2.35014375],
        [0.0, 2.28433206, 7.04727811]
    ]
}