{
    "atom_type": [
        "N",
        "Zr"
    ],
    "atoms_per_type": [
        5,
        8
    ],
    "coord_mode": "direct",
    "relaxed_basis": [
        [0.0, 0.0, 0.12471451],
        [0.0, 0.0, 0.37551831],
        [0.5, 0.5, 0.49972236],
        [0.0, 0.0, 0.62499232],
        [0.5, 0.5, 0.74996967],
        [0.0, 0.0, 0.99936617],
        [0.5, 0.5, 0.12526131],
        [0.0, 0.0, 0.24941537],
        [0.5, 0.5, 0.37572257],
        [0.0, 0.0, 0.49813787],
        [0.5, 0.5, 0.62700572],
        [0.0, 0.0, 0.74910186],
        [0.5, 0.5, 0.87607197]
    ],
    "relaxed_energy": -127.47303927,
    "relaxed_forces": [
        [-0.0, -0.0, 0.11019853],
        [-0.0, -0.0, 0.03345364],
        [0.0, 0.0, 0.01157202],
        [-0.0, -0.0, 0.02127813],
        [-0.0, -0.0, -0.12349065],
        [-0.0, -0.0, 0.09616562],
        [-0.0, -0.0, -0.01871357],
        [-0.0, -0.0, -0.00303571],
        [-0.0, -0.0, 0.04603916],
        [-0.0, -0.0, 0.03947468],
        [-0.0, 0.0, -0.05604212],
        [-0.0, -0.0, -0.04158442],
        [0.0, 0.0, -0.11531533]
    ],
    "relaxed_lattice": [
        [2.29712314, 2.29712314, 0.0],
        [2.29712314, -2.29712314, 0.0],
        [0.0, 0.0, -18.27437427]
    ]
}