{
    "atom_type": [
        "N",
        "Zr"
    ],
    "atoms_per_type": [
        5,
        7
    ],
    "coord_mode": "direct",
    "relaxed_basis": [
        [0.78591129, 0.78591129, 0.64226614],
        [0.92837441, 0.92837441, 0.21487666],
        [0.21418859, 0.21418859, 0.35743422],
        [0.3571429, 0.3571429, 0.9285714],
        [0.50009711, 0.50009711, 0.49970868],
        [0.00115561, 0.00115561, 0.99653316],
        [0.14211442, 0.14211442, 0.57365665],
        [0.2849736, 0.2849736, 0.14507919],
        [0.4293121, 0.4293121, 0.71206361],
        [0.57217128, 0.57217128, 0.28348625],
        [0.71313009, 0.71313009, 0.86060974],
        [0.8571429, 0.8571429, 0.4285714]
    ],
    "relaxed_energy": -118.94316858,
    "relaxed_forces": [
        [-0.01885179, 0.01885179, 0.01885179],
        [0.01885179, -0.01885179, -0.01885179],
        [0.00013146, -0.00013146, -0.00013146],
        [0.0, -0.0, -0.0],
        [-0.00013146, 0.00013146, 0.00013146],
        [0.0146272, -0.0146272, -0.0146272],
        [0.04197548, -0.04197548, -0.04197548],
        [-0.03491455, 0.03491455, 0.03491455],
        [0.03491455, -0.03491455, -0.03491455],
        [-0.04197548, 0.04197548, 0.04197548],
        [-0.0146272, 0.0146272, 0.0146272],
        [-0.0, -0.0, -0.0]
    ],
    "relaxed_lattice": [
        [2.30150501, -0.0, 2.30150501],
        [2.30150501, 2.30150501, -0.0],
        [-9.1886522, 11.49015719, 11.49015719]
    ]
}