{
    "atom_type": [
        "N",
        "Zr"
    ],
    "atoms_per_type": [
        1,
        4
    ],
    "coord_mode": "direct",
    "relaxed_basis": [
        [0.375, 0.75, 0.125],
        [0.99354144, 0.98708289, 0.00303123],
        [0.75645856, 0.51291711, 0.24696877],
        [0.50248095, 0.0049619, 0.49812455],
        [0.24751905, 0.4950381, 0.75187545]
    ],
    "relaxed_energy": -45.85927928,
    "relaxed_forces": [
        [0.0, 0.0, -0.0],
        [0.04924283, -0.04924283, -0.0653221],
        [-0.04924283, 0.04924283, 0.0653221],
        [-0.0212222, 0.0212222, 0.03640337],
        [0.0212222, -0.0212222, -0.03640337]
    ],
    "relaxed_lattice": [
        [2.28207426, 2.28207426, 0.0],
        [-4.54721607, 2.26514181, 2.29554055],
        [2.3010459, -2.3010459, 4.68062211]
    ]
}