{
    "atom_type": [
        "N",
        "Zr"
    ],
    "atoms_per_type": [
        2,
        8
    ],
    "coord_mode": "direct",
    "relaxed_basis": [
        [0.5, 0.87467253, 0.12532747],
        [0.5, 0.12532747, 0.87467253],
        [0.0, 0.0, 0.0],
        [0.5, 0.12513699, 0.37417269],
        [0.0, 0.24755393, 0.75244607],
        [0.5, 0.37417269, 0.12513699],
        [0.0, 0.5, 0.5],
        [0.5, 0.62582731, 0.87486301],
        [0.0, 0.75244607, 0.24755393],
        [0.5, 0.87486301, 0.62582731]
    ],
    "relaxed_energy": -91.6654104,
    "relaxed_forces": [
        [-0.00512465, 0.00512465, -0.0],
        [0.00512465, -0.00512465, -0.0],
        [0.0, -0.0, -0.0],
        [-0.04746827, 0.04746827, -0.01542902],
        [0.20487836, -0.20487836, -0.0],
        [0.04746827, -0.04746827, -0.01542902],
        [0.0, 0.0, -0.0],
        [-0.04746827, 0.04746827, 0.01542902],
        [-0.20487836, 0.20487836, -0.0],
        [0.04746827, -0.04746827, 0.01542902]
    ],
    "relaxed_lattice": [
        [2.28237466, 2.28237466, 0.0],
        [-4.58321626, 4.58321626, 4.58705723],
        [4.58321626, -4.58321626, 4.58705723]
    ]
}