{
    "atom_type": [
        "N",
        "Zr"
    ],
    "atoms_per_type": [
        2,
        7
    ],
    "coord_mode": "direct",
    "relaxed_basis": [
        [0.35657222, 0.71314435, 0.57200873],
        [0.07199928, 0.14399845, 0.71370557],
        [0.00618854, 0.01237708, 0.01130148],
        [0.55880949, 0.11761888, 0.71098623],
        [0.15385014, 0.30770038, 0.43754473],
        [0.7142857, 0.4285714, 0.1428571],
        [0.27472126, 0.54944252, 0.84816957],
        [0.86976201, 0.73952392, 0.57472807],
        [0.42238286, 0.84476582, 0.27441282]
    ],
    "relaxed_energy": -83.36062144,
    "relaxed_forces": [
        [-0.0, 0.08945084, 0.01051595],
        [0.0, -0.08945084, -0.01051595],
        [0.0, -0.01993605, 0.06619908],
        [0.0, -0.01844938, 0.01457321],
        [-0.0, 0.11389239, -0.05189129],
        [0.0, 0.0, 0.0],
        [0.0, -0.11389239, 0.05189129],
        [-0.0, 0.01844938, -0.01457321],
        [-0.0, 0.01993605, -0.06619908]
    ],
    "relaxed_lattice": [
        [4.52828813, -0.0, -0.0],
        [-2.26414407, 4.72323439, -2.24161231],
        [-0.0, 2.40638138, 6.81111287]
    ]
}