{
    "atom_type": [
        "N",
        "Zr"
    ],
    "atoms_per_type": [
        4,
        8
    ],
    "coord_mode": "direct",
    "relaxed_basis": [
        [0.0, 0.62808993, 0.87641008],
        [0.5, 0.87538555, 0.12529939],
        [0.5, 0.12496505, 0.87520346],
        [0.0, 0.12251376, 0.37335956],
        [0.0, 0.98999103, 0.99562642],
        [0.5, 0.00243105, 0.49675327],
        [0.5, 0.23666812, 0.25649782],
        [0.0, 0.25445773, 0.75608077],
        [0.0, 0.49824543, 0.5001178],
        [0.5, 0.50403116, 0.99392433],
        [0.5, 0.75108933, 0.75243599],
        [0.0, 0.76213187, 0.24829112]
    ],
    "relaxed_energy": -115.82866814,
    "relaxed_forces": [
        [0.04734874, 0.03621207, -0.04734874],
        [0.01864229, -0.10720002, -0.01864229],
        [0.00311061, 0.01091183, -0.00311061],
        [-0.06429621, -0.00116144, 0.06429621],
        [0.00521934, 0.03217117, -0.00521934],
        [-0.00840104, 0.03028763, 0.00840104],
        [-0.00026563, -0.03406354, 0.00026563],
        [-0.00931668, 0.09644253, 0.00931668],
        [-0.0246403, 5.761e-05, 0.0246403],
        [-0.0340172, -0.02530728, 0.0340172],
        [0.0443714, 0.05348517, -0.0443714],
        [0.02224467, -0.09183573, -0.02224467]
    ],
    "relaxed_lattice": [
        [2.30977291, 0.0, 2.30977291],
        [2.2894346, 4.61803243, -2.2894346],
        [-6.86383525, 4.61360544, 6.86383525]
    ]
}