{
    "atom_type": [
        "N",
        "Zr"
    ],
    "atoms_per_type": [
        3,
        8
    ],
    "coord_mode": "direct",
    "relaxed_basis": [
        [0.43678547, 0.81574297, 0.87357093],
        [0.6875, 0.5625, 0.375],
        [0.93821453, 0.30925703, 0.87642907],
        [0.99731255, 0.99939591, 0.99462509],
        [0.12903535, 0.38212825, 0.25807069],
        [0.24596465, 0.74287175, 0.49192931],
        [0.37768745, 0.12560409, 0.75537491],
        [0.49649421, 0.50324709, 0.99298842],
        [0.62636534, 0.87396436, 0.25273067],
        [0.74863466, 0.25103564, 0.49726933],
        [0.87850579, 0.62175291, 0.75701158]
    ],
    "relaxed_energy": -103.7905984,
    "relaxed_forces": [
        [-0.04346836, 0.03134098, -0.04346836],
        [-0.0, 0.0, 0.0],
        [0.04346836, -0.03134098, 0.04346836],
        [0.00609622, -0.00688012, 0.00609622],
        [-0.02300322, 0.00266873, -0.02300322],
        [0.02300322, -0.00266873, 0.02300322],
        [-0.00609622, 0.00688012, -0.00609622],
        [0.03208649, 0.08626281, 0.03208649],
        [-0.01611044, 0.05196999, -0.01611044],
        [0.01611044, -0.05196999, 0.01611044],
        [-0.03208649, -0.08626281, -0.03208649]
    ],
    "relaxed_lattice": [
        [2.30003345, 0.0, -2.30003345],
        [2.30626066, 4.67201903, 2.30626066],
        [4.51707922, -6.90957687, 6.81711267]
    ]
}