{
    "atom_type": [
        "N",
        "Zr"
    ],
    "atoms_per_type": [
        5,
        8
    ],
    "coord_mode": "direct",
    "relaxed_basis": [
        [0.1875, 0.0625, 0.375],
        [0.4376736, 0.81209237, 0.87534719],
        [0.5624423, 0.18540569, 0.1248846],
        [0.8125577, 0.93959431, 0.6251154],
        [0.9373264, 0.31290763, 0.87465281],
        [0.99899052, 0.01039644, 0.99798103],
        [0.12294399, 0.36286543, 0.24588797],
        [0.25205601, 0.76213457, 0.50411203],
        [0.37600948, 0.11460356, 0.75201897],
        [0.49775981, 0.49211378, 0.99551961],
        [0.62718935, 0.88915029, 0.25437871],
        [0.74781065, 0.23584971, 0.49562129],
        [0.87724019, 0.63288622, 0.75448039]
    ],
    "relaxed_energy": -127.88205872,
    "relaxed_forces": [
        [-0.0, 0.0, 0.0],
        [0.07837693, -0.08266166, 0.07837693],
        [-0.07586369, 0.05077444, -0.07586369],
        [0.07586369, -0.05077444, 0.07586369],
        [-0.07837693, 0.08266166, -0.07837693],
        [-0.00351025, -0.04947033, -0.00351025],
        [-0.09027593, 0.16321468, -0.09027593],
        [0.09027593, -0.16321468, 0.09027593],
        [0.00351025, 0.04947033, 0.00351025],
        [-0.02747494, 0.06927256, -0.02747494],
        [-0.00477173, -0.08190621, -0.00477173],
        [0.00477173, 0.08190621, 0.00477173],
        [0.02747494, -0.06927256, 0.02747494]
    ],
    "relaxed_lattice": [
        [2.31479025, 0.0, -2.31479025],
        [2.29903425, 4.55942955, 2.29903425],
        [4.62957136, -6.87854125, 6.94436161]
    ]
}