{
    "atom_type": [
        "N",
        "Zr"
    ],
    "atoms_per_type": [
        2,
        7
    ],
    "coord_mode": "direct",
    "relaxed_basis": [
        [0.7849224, 0.56984481, 0.64200137],
        [0.5007919, 0.00158379, 0.50085573],
        [0.00207951, 0.00415903, 0.00341654],
        [0.71147431, 0.42294862, 0.86473607],
        [0.41769859, 0.83539729, 0.7108591],
        [0.1428571, 0.2857143, 0.5714286],
        [0.86801571, 0.73603131, 0.431998],
        [0.57423999, 0.14847988, 0.27812113],
        [0.28363479, 0.56726957, 0.13944056]
    ],
    "relaxed_energy": -83.27706931,
    "relaxed_forces": [
        [-0.01851088, -0.01851088, 0.0078045],
        [0.01851088, 0.01851088, -0.0078045],
        [-0.02219506, -0.02219506, 0.00530746],
        [-0.03121112, -0.03121112, 0.07723322],
        [-0.01219104, -0.01219103, 0.03256475],
        [0.0, -0.0, -0.0],
        [0.01219104, 0.01219103, -0.03256475],
        [0.03121112, 0.03121112, -0.07723322],
        [0.02219506, 0.02219506, -0.00530746]
    ],
    "relaxed_lattice": [
        [2.31935568, -2.31935568, 0.0],
        [2.31871641, 4.63807207, -2.2460016],
        [2.29429141, 2.29429141, 8.91149405]
    ]
}