{
    "atom_type": [
        "N",
        "Zr"
    ],
    "atoms_per_type": [
        6,
        8
    ],
    "coord_mode": "direct",
    "relaxed_basis": [
        [0.1875, 0.0625, 0.375],
        [0.4375583, 0.81366662, 0.8751166],
        [0.56230243, 0.18684856, 0.12460486],
        [0.6875, 0.5625, 0.375],
        [0.81269757, 0.93815144, 0.62539514],
        [0.9374417, 0.31133338, 0.8748834],
        [0.99926956, 0.00907719, 0.99853913],
        [0.12618019, 0.36997159, 0.25236037],
        [0.24881981, 0.75502841, 0.49763963],
        [0.37573044, 0.11592281, 0.75146087],
        [0.49691696, 0.49167873, 0.99383391],
        [0.62774078, 0.88280824, 0.25548156],
        [0.74725922, 0.24219176, 0.49451844],
        [0.87808304, 0.63332127, 0.75616609]
    ],
    "relaxed_energy": -139.98990476,
    "relaxed_forces": [
        [0.0, -0.0, -0.0],
        [0.06864499, 0.01517936, 0.06864499],
        [0.02904794, 0.01488375, 0.02904794],
        [0.0, -0.0, -0.0],
        [-0.02904794, -0.01488375, -0.02904794],
        [-0.06864499, -0.01517936, -0.06864499],
        [-0.02522136, 0.07045539, -0.02522136],
        [0.02237373, 0.03189123, 0.02237373],
        [-0.02237373, -0.03189123, -0.02237373],
        [0.02522136, -0.07045539, 0.02522136],
        [-0.05664572, 0.03234591, -0.05664572],
        [0.04633379, -0.04472623, 0.04633379],
        [-0.04633379, 0.04472623, -0.04633379],
        [0.05664572, -0.03234591, 0.05664572]
    ],
    "relaxed_lattice": [
        [2.31423486, 0.0, -2.31423486],
        [2.30118887, 4.59098232, 2.30118887],
        [4.58149338, -6.87207706, 6.89572824]
    ]
}