{
    "atom_type": [
        "N",
        "Zr"
    ],
    "atoms_per_type": [
        4,
        8
    ],
    "coord_mode": "direct",
    "relaxed_basis": [
        [0.0, 0.6247558, 0.87273855],
        [0.0, 0.87182703, 0.62554442],
        [0.5, 0.87817297, 0.12445558],
        [0.5, 0.1252442, 0.87726145],
        [0.0, 0.98747023, 0.99967591],
        [0.5, 0.00126544, 0.50588225],
        [0.5, 0.24793717, 0.25707524],
        [0.0, 0.24404299, 0.75618377],
        [0.0, 0.50206283, 0.49292476],
        [0.5, 0.50595701, 0.99381623],
        [0.5, 0.76252977, 0.75032409],
        [0.0, 0.74873456, 0.24411775]
    ],
    "relaxed_energy": -115.78360211,
    "relaxed_forces": [
        [0.04715029, -0.00142066, -0.04715029],
        [0.00410854, -0.00339293, -0.00410854],
        [-0.00410854, 0.00339293, 0.00410854],
        [-0.04715029, 0.00142066, 0.04715029],
        [0.00583878, 0.02736356, -0.00583878],
        [0.02209517, 0.08100153, -0.02209517],
        [-0.00450803, -0.00773028, 0.00450803],
        [0.01719089, -0.04923188, -0.01719089],
        [0.00450803, 0.00773028, -0.00450803],
        [-0.01719089, 0.04923188, 0.01719089],
        [-0.00583878, -0.02736356, 0.00583878],
        [-0.02209517, -0.08100153, 0.02209517]
    ],
    "relaxed_lattice": [
        [2.31049684, 0.0, 2.31049684],
        [2.31466321, 4.56043819, -2.31466321],
        [-6.93293448, 4.54948606, 6.93293448]
    ]
}