{
    "atom_type": [
        "N",
        "Zr"
    ],
    "atoms_per_type": [
        1,
        8
    ],
    "coord_mode": "direct",
    "relaxed_basis": [
        [0.8125, 0.8125, 0.5625],
        [0.00010429, 0.00010429, 0.99968714],
        [0.87592286, 0.87592286, 0.37223142],
        [0.74907714, 0.74907714, 0.75276858],
        [0.62489571, 0.62489571, 0.12531286],
        [0.49939144, 0.49939144, 0.50182567],
        [0.37491061, 0.37491061, 0.87526818],
        [0.25008939, 0.25008939, 0.24973182],
        [0.12560856, 0.12560856, 0.62317433]
    ],
    "relaxed_energy": -79.75964478,
    "relaxed_forces": [
        [0.0, 0.0, -0.0],
        [-0.00818781, -0.00818781, 0.00818781],
        [0.06096736, 0.06096736, -0.06096736],
        [-0.06096736, -0.06096736, 0.06096736],
        [0.00818781, 0.00818781, -0.00818781],
        [-0.06081942, -0.06081942, 0.06081942],
        [-0.03512434, -0.03512434, 0.03512434],
        [0.03512434, 0.03512434, -0.03512434],
        [0.06081942, 0.06081942, -0.06081942]
    ],
    "relaxed_lattice": [
        [2.28769252, 0.0, 2.28769252],
        [0.0, 2.28769252, 2.28769252],
        [-11.34343658, -11.34343658, 13.6311291]
    ]
}