{
    "atom_type": [
        "N",
        "Zr"
    ],
    "atoms_per_type": [
        6,
        7
    ],
    "coord_mode": "direct",
    "relaxed_basis": [
        [0.21454171, 0.42908343, 0.14108949],
        [0.7868881, 0.5737762, 0.85834133],
        [0.3555884, 0.7111767, 0.57007255],
        [0.9301259, 0.8602519, 0.28707035],
        [0.4988262, 0.9976524, 0.99880157],
        [0.07117259, 0.14234507, 0.71605331],
        [0.00062296, 0.00124592, 0.00377709],
        [0.56890933, 0.13781857, 0.71955368],
        [0.1428571, 0.2857143, 0.4285714],
        [0.71680497, 0.43360993, 0.13758912],
        [0.28509134, 0.57018268, 0.85336581],
        [0.86346189, 0.72692368, 0.57305925],
        [0.42225241, 0.84450492, 0.28408365]
    ],
    "relaxed_energy": -131.08269485,
    "relaxed_forces": [
        [0.0, -0.03380018, -0.0165678],
        [-0.0, 0.04675577, -0.03105192],
        [0.0, -0.01786819, -0.01081259],
        [-0.0, 0.01786819, 0.01081259],
        [0.0, -0.04675577, 0.03105192],
        [-0.0, 0.03380018, 0.0165678],
        [-0.0, 0.04956354, 0.06027],
        [0.0, -0.02384497, 0.10284199],
        [0.0, 0.0, 0.0],
        [-0.0, 0.02384497, -0.10284199],
        [0.0, -0.04956354, -0.06027],
        [-0.0, 0.14014165, -0.00828212],
        [0.0, -0.14014165, 0.00828212]
    ],
    "relaxed_lattice": [
        [4.62082499, -0.0, 0.0],
        [-2.3104125, 4.59666763, -2.30493986],
        [0.0, 2.28496392, 6.88804227]
    ]
}