{
    "atom_type": [
        "N",
        "Zr"
    ],
    "atoms_per_type": [
        4,
        7
    ],
    "coord_mode": "direct",
    "relaxed_basis": [
        [0.64273989, 0.28547988, 0.07056733],
        [0.07105363, 0.14210715, 0.78529134],
        [0.78641876, 0.57283753, 0.64376137],
        [0.50009998, 0.00019995, 0.49940034],
        [0.01000271, 0.02000541, 0.00326603],
        [0.70796541, 0.41593082, 0.85547859],
        [0.42974477, 0.85948964, 0.70731726],
        [0.13970179, 0.27940368, 0.57518089],
        [0.86200663, 0.72401316, 0.43435586],
        [0.57111952, 0.14223895, 0.28434187],
        [0.27914691, 0.55829382, 0.14103913]
    ],
    "relaxed_energy": -107.50647205,
    "relaxed_forces": [
        [0.05154696, 0.05154696, -0.02301222],
        [-0.10509038, -0.10509038, 0.04995475],
        [0.00648189, 0.00648189, 0.06410657],
        [0.02692895, 0.02692895, -0.0926312],
        [0.01310742, 0.01310742, -0.02700668],
        [-0.03384535, -0.03384535, -0.11552291],
        [-0.05389611, -0.05389611, 0.0665366],
        [0.02226202, 0.02226202, -0.05576346],
        [0.04596024, 0.04596024, 0.03582496],
        [0.03725824, 0.03725824, 0.07681124],
        [-0.01071387, -0.01071387, 0.02070236]
    ],
    "relaxed_lattice": [
        [2.31951675, -2.31951675, 0.0],
        [2.28407888, 4.60359562, -2.27922396],
        [2.30842132, 2.30842132, 9.15447686]
    ]
}