{
    "atom_type": [
        "N",
        "Zr"
    ],
    "atoms_per_type": [
        4,
        8
    ],
    "coord_mode": "direct",
    "relaxed_basis": [
        [0.0, 0.0, 0.25],
        [0.0, 0.5, 0.5],
        [0.0, 0.0, 0.75],
        [0.5, 0.0, 0.0],
        [0.0, 0.0, 0.0],
        [0.5, 0.5, 0.0],
        [0.0, 0.5, 0.26252983],
        [0.5, 0.0, 0.23747017],
        [0.0, 0.0, 0.5],
        [0.5, 0.5, 0.5],
        [0.0, 0.5, 0.73747017],
        [0.5, 0.0, 0.76252983]
    ],
    "relaxed_energy": -115.83075069,
    "relaxed_forces": [
        [0.0, -0.0, 0.0],
        [0.0, -0.0, 0.0],
        [0.0, 0.0, 0.0],
        [0.0, -0.0, 0.0],
        [0.0, -0.0, 0.0],
        [0.0, -0.0, 0.0],
        [-0.0, -0.0, 0.00757933],
        [-0.0, -0.0, -0.00757933],
        [0.0, -0.0, 0.0],
        [0.0, -0.0, 0.0],
        [0.0, -0.0, -0.00757933],
        [0.0, 0.0, 0.00757933]
    ],
    "relaxed_lattice": [
        [4.54990475, 0.0, 0.0],
        [0.0, 4.54990475, 0.0],
        [0.0, 0.0, 9.39545157]
    ]
}