{
    "atom_type": [
        "N",
        "Zr"
    ],
    "atoms_per_type": [
        3,
        8
    ],
    "coord_mode": "direct",
    "relaxed_basis": [
        [0.0, 0.87540814, 0.24921243],
        [0.5, 0.0, 0.0],
        [0.0, 0.12459186, 0.75078757],
        [0.0, 0.0, 0.0],
        [0.5, 0.1190226, 0.76652174],
        [0.0, 0.24130639, 0.50664136],
        [0.5, 0.37770645, 0.25829402],
        [0.0, 0.5, 0.0],
        [0.5, 0.62229355, 0.74170598],
        [0.0, 0.75869361, 0.49335864],
        [0.5, 0.8809774, 0.23347826]
    ],
    "relaxed_energy": -103.69149616,
    "relaxed_forces": [
        [-0.0, 0.02612764, -0.0374955],
        [-0.0, -0.0, 0.0],
        [-0.0, -0.02612764, 0.0374955],
        [-0.0, -0.0, 0.0],
        [-0.0, -0.03004098, 0.0477391],
        [0.0, 0.0277644, 0.0682786],
        [-0.0, 0.02591638, -0.05302471],
        [-0.0, -0.0, 0.0],
        [-0.0, -0.02591638, 0.05302471],
        [-0.0, -0.0277644, -0.0682786],
        [-0.0, 0.03004098, -0.0477391]
    ],
    "relaxed_lattice": [
        [4.54678743, 0.0, 0.0],
        [0.0, 4.58062693, -4.73333613],
        [0.0, 2.22612136, 7.03641437]
    ]
}