{
    "atom_type": [
        "N",
        "Zr"
    ],
    "atoms_per_type": [
        3,
        8
    ],
    "coord_mode": "direct",
    "relaxed_basis": [
        [0.25789798, 0.12442457, 0.62442457],
        [0.75, 0.375, 0.875],
        [0.24210202, 0.62557543, 0.12557543],
        [0.00463657, 0.00536919, 0.99038636],
        [0.99138547, 0.5025647, 0.0025647],
        [0.49536343, 0.25961364, 0.24463081],
        [0.48165993, 0.74993499, 0.24993499],
        [0.00463657, 0.49038636, 0.50536919],
        [0.01834007, 6.501e-05, 0.50006501],
        [0.49536343, 0.74463081, 0.75961364],
        [0.50861453, 0.2474353, 0.7474353]
    ],
    "relaxed_energy": -103.94570854,
    "relaxed_forces": [
        [0.03731078, 0.01072554, 0.01072554],
        [0.0, -0.0, -0.0],
        [-0.03731078, -0.01072554, -0.01072554],
        [-0.00513703, -0.01407927, 0.00691126],
        [-0.00065806, 0.00788206, 0.00788206],
        [0.00513703, -0.00691126, 0.01407927],
        [-0.03525727, 0.01956759, 0.01956759],
        [-0.00513703, 0.00691126, -0.01407927],
        [0.03525727, -0.01956759, -0.01956759],
        [0.00513703, 0.01407927, -0.00691126],
        [0.00065806, -0.00788206, -0.00788206]
    ],
    "relaxed_lattice": [
        [4.63741569, -2.27989178, -2.27989178],
        [4.64218261, 4.5689786, -9.467e-05],
        [4.64218261, -9.467e-05, 4.5689786]
    ]
}