{
    "atom_type": [
        "N",
        "Zr"
    ],
    "atoms_per_type": [
        5,
        8
    ],
    "coord_mode": "direct",
    "relaxed_basis": [
        [0.25, 0.75, 0.25],
        [0.75, 0.75, 0.25],
        [0.25, 0.25, 0.75],
        [0.75, 0.25, 0.75],
        [0.75, 0.75, 0.75],
        [0.0, 0.0, 0.0],
        [0.50450961, 0.99549039, 0.99549039],
        [0.99508986, 0.50491014, 0.99508986],
        [0.50491014, 0.50491014, 0.99508986],
        [0.99508986, 0.99508986, 0.50491014],
        [0.50491014, 0.99508986, 0.50491014],
        [0.99549039, 0.50450961, 0.50450961],
        [0.5, 0.5, 0.5]
    ],
    "relaxed_energy": -127.63133003,
    "relaxed_forces": [
        [0.0, 0.0, 0.0],
        [0.0, 0.0, 0.0],
        [0.0, 0.0, 0.0],
        [0.0, 0.0, 0.0],
        [0.0, 0.0, 0.0],
        [0.0, 0.0, 0.0],
        [0.09276728, 0.0, 0.0],
        [0.0, -0.02986742, 0.0],
        [0.0, 0.0, 0.02986742],
        [0.0, 0.0, -0.02986742],
        [0.0, 0.02986742, 0.0],
        [-0.09276728, 0.0, 0.0],
        [0.0, 0.0, 0.0]
    ],
    "relaxed_lattice": [
        [0.0, 4.62310749, 4.62310749],
        [4.52719256, 0.0, 4.62310749],
        [4.52719256, 4.62310749, 0.0]
    ]
}