{
    "atom_type": [
        "N",
        "Zr"
    ],
    "atoms_per_type": [
        1,
        6
    ],
    "coord_mode": "direct",
    "relaxed_basis": [
        [0.5, 0.75, 0.0],
        [0.99963869, 0.99565764, 0.99927739],
        [0.6664936, 0.83256363, 0.33298711],
        [0.3335064, 0.66743637, 0.66701289],
        [0.00036131, 0.50434236, 0.00072261],
        [0.66845014, 0.33472579, 0.33690017],
        [0.33154986, 0.16527421, 0.66309983]
    ],
    "relaxed_energy": -62.78399056,
    "relaxed_forces": [
        [-0.0, -0.0, -0.0],
        [-0.13621109, -0.13621109, -0.03308761],
        [-0.03577376, -0.03577376, -0.06359837],
        [0.03577376, 0.03577376, 0.06359837],
        [0.13621109, 0.13621109, 0.03308761],
        [0.01417516, 0.01417516, 0.19692597],
        [-0.01417516, -0.01417516, -0.19692597]
    ],
    "relaxed_lattice": [
        [2.28684283, -2.28684283, 0.0],
        [4.55630306, 4.55630306, -0.00226205],
        [-2.28419068, 0.00265215, 6.89811526]
    ]
}