{
    "atom_type": [
        "N",
        "Zr"
    ],
    "atoms_per_type": [
        5,
        6
    ],
    "coord_mode": "direct",
    "relaxed_basis": [
        [0.83382673, 0.0, 0.66765356],
        [0.99924385, 0.5, 0.9984877],
        [0.1666667, 0.0, 0.3333333],
        [0.33408945, 0.5, 0.668179],
        [0.49950657, 0.0, 0.99901314],
        [0.00174724, 0.0, 0.00349448],
        [0.1666667, 0.5, 0.3333333],
        [0.33158606, 0.0, 0.66317222],
        [0.49593859, 0.5, 0.99187718],
        [0.6666667, 0.0, 0.3333333],
        [0.83739471, 0.5, 0.67478952]
    ],
    "relaxed_energy": -110.56331394,
    "relaxed_forces": [
        [-0.0, 0.0, 0.03614479],
        [-0.0, 0.0, 0.02961292],
        [-0.0, 0.0, 0.0],
        [0.0, 0.0, -0.02961292],
        [0.0, 0.0, -0.03614479],
        [-0.0, 0.0, 0.04862323],
        [0.0, 0.0, 0.0],
        [0.0, 0.0, -0.04862323],
        [0.0, 0.0, -0.08927974],
        [0.0, 0.0, 0.0],
        [-0.0, 0.0, 0.08927974]
    ],
    "relaxed_lattice": [
        [4.60175087, 0.0, -0.0],
        [0.0, 4.6064213, 0.0],
        [-2.30087544, 0.0, 6.87702931]
    ]
}