{
    "atom_type": [
        "N",
        "Zr"
    ],
    "atoms_per_type": [
        3,
        8
    ],
    "coord_mode": "direct",
    "relaxed_basis": [
        [0.625, 0.25, 0.9375],
        [0.37478079, 0.74956158, 0.56229465],
        [0.87521921, 0.75043842, 0.31270535],
        [0.00804724, 0.01609448, 0.99613444],
        [0.24195276, 0.48390552, 0.87886556],
        [0.50002932, 5.864e-05, 0.75045356],
        [0.75694012, 0.51388023, 0.62416444],
        [0.99115729, 0.98231458, 0.50056445],
        [0.25884271, 0.51768542, 0.37443555],
        [0.49305988, 0.98611977, 0.25083556],
        [0.74997068, 0.49994136, 0.12454644]
    ],
    "relaxed_energy": -103.96859595,
    "relaxed_forces": [
        [-0.0, 0.0, 0.0],
        [0.0236257, -0.0236257, 0.00416823],
        [-0.0236257, 0.0236257, -0.00416823],
        [-0.00188304, 0.00188304, -0.00877366],
        [0.00188304, -0.00188304, 0.00877366],
        [-0.01426772, 0.01426772, -0.01055469],
        [0.00425088, -0.00425088, 0.0621367],
        [-0.00011482, 0.00011482, 0.16220361],
        [0.00011482, -0.00011482, -0.16220361],
        [-0.00425088, 0.00425088, -0.0621367],
        [0.01426772, -0.01426772, 0.01055469]
    ],
    "relaxed_lattice": [
        [2.32918411, 2.32918411, -0.0],
        [-4.59459718, 2.26541308, 2.25134963],
        [4.6300299, -4.6300299, 9.17252955]
    ]
}