{
    "atom_type": [
        "N",
        "Zr"
    ],
    "atoms_per_type": [
        3,
        8
    ],
    "coord_mode": "direct",
    "relaxed_basis": [
        [0.5, 0.5, 0.25039679],
        [0.0, 0.0, 0.62395778],
        [0.5, 0.5, 0.75084742],
        [0.0, 0.0, 0.99983971],
        [0.5, 0.5, 0.12432882],
        [0.0, 0.0, 0.2492843],
        [0.5, 0.5, 0.37642154],
        [0.0, 0.0, 0.49656008],
        [0.5, 0.5, 0.62789846],
        [0.0, 0.0, 0.74793567],
        [0.5, 0.5, 0.87752942]
    ],
    "relaxed_energy": -103.71832171,
    "relaxed_forces": [
        [0.0, 0.0, -0.07994996],
        [0.0, 0.0, 0.17573393],
        [-0.0, -0.0, -0.1892911],
        [0.0, 0.0, -0.03149873],
        [0.0, 0.0, 0.06512442],
        [0.0, 0.0, 0.10184851],
        [0.0, 0.0, -0.04761085],
        [-0.0, -0.0, 0.13756196],
        [-0.0, -0.0, 0.0641638],
        [0.0, 0.0, -0.08063689],
        [0.0, 0.0, -0.11544508]
    ],
    "relaxed_lattice": [
        [2.30080135, 2.30080135, 0.0],
        [2.30080135, -2.30080135, 0.0],
        [0.0, 0.0, -18.05768841]
    ]
}