{
    "atom_type": [
        "N",
        "Zr"
    ],
    "atoms_per_type": [
        5,
        8
    ],
    "coord_mode": "direct",
    "relaxed_basis": [
        [0.0, 0.00012505, 0.75144393],
        [0.5, 0.25, 0.49792682],
        [0.0, 0.49987495, 0.75144393],
        [0.5, 0.75, 0.49995834],
        [0.5, 0.75, 0.99656899],
        [0.0, 0.99009307, 0.0024494],
        [0.0, 1.995e-05, 0.50463046],
        [0.5, 0.25, 0.74153012],
        [0.5, 0.25, 0.24723069],
        [0.0, 0.49998005, 0.50463046],
        [0.0, 0.50990693, 0.0024494],
        [0.5, 0.75, 0.24870399],
        [0.5, 0.75, 0.75103348]
    ],
    "relaxed_energy": -127.7237063,
    "relaxed_forces": [
        [-0.02337261, 0.02337261, 0.12289644],
        [-0.0, -0.0, -0.17276991],
        [0.02337261, -0.02337261, 0.12289644],
        [-0.0, -0.0, -0.04014266],
        [-0.0, 0.0, -0.04259132],
        [0.04288753, -0.04288753, -0.01597383],
        [-0.01010846, 0.01010846, 0.06038918],
        [-0.0, 0.0, -0.07347664],
        [-0.0, 0.0, -0.02588913],
        [0.01010846, -0.01010846, 0.06038918],
        [-0.04288753, 0.04288753, -0.01597383],
        [-0.0, 0.0, 0.0646867],
        [-0.0, -0.0, -0.04444062]
    ],
    "relaxed_lattice": [
        [2.30627397, 2.30627397, 0.0],
        [-4.60185694, 4.60185694, 0.0],
        [0.0, 0.0, 9.17900336]
    ]
}