{
    "atom_type": [
        "N",
        "Zr"
    ],
    "atoms_per_type": [
        2,
        8
    ],
    "coord_mode": "direct",
    "relaxed_basis": [
        [0.0, 0.87477741, 0.74816974],
        [0.5, 0.00022259, 0.50183026],
        [0.0, 3.124e-05, 0.00250154],
        [0.5, 0.11454281, 0.74853238],
        [0.0, 0.24037531, 0.49324275],
        [0.5, 0.37131992, 0.24485312],
        [0.0, 0.50368008, 0.00514688],
        [0.5, 0.63462469, 0.75675725],
        [0.0, 0.76045719, 0.50146762],
        [0.5, 0.87496876, 0.24749846]
    ],
    "relaxed_energy": -91.73605531,
    "relaxed_forces": [
        [0.01319084, -0.01319084, -0.02691313],
        [-0.01319084, 0.01319084, 0.02691313],
        [-0.00554919, 0.00554919, 0.0369399],
        [0.00132974, -0.00132974, 0.01051756],
        [-0.03861802, 0.03861802, -0.10701829],
        [-0.03066188, 0.03066188, -0.05241903],
        [0.03066188, -0.03066188, 0.05241903],
        [0.03861802, -0.03861802, 0.10701829],
        [-0.00132974, 0.00132974, -0.01051756],
        [0.00554919, -0.00554919, -0.0369399]
    ],
    "relaxed_lattice": [
        [2.29123436, 2.29123436, 0.0],
        [-4.55335794, 4.55335794, -0.01473604],
        [2.29118522, -2.29118522, 9.21048779]
    ]
}