{
    "atom_type": [
        "N",
        "Zr"
    ],
    "atoms_per_type": [
        2,
        7
    ],
    "coord_mode": "direct",
    "relaxed_basis": [
        [0.64193722, 0.64193722, 0.28387455],
        [0.21520558, 0.21520558, 0.43041115],
        [0.999667, 0.999667, 0.99933399],
        [0.8574759, 0.8574759, 0.71495171],
        [0.7131456, 0.7131456, 0.4262912],
        [0.56993674, 0.56993674, 0.13987339],
        [0.4285714, 0.4285714, 0.8571429],
        [0.28720616, 0.28720616, 0.57441231],
        [0.1439972, 0.1439972, 0.2879945]
    ],
    "relaxed_energy": -83.30750058,
    "relaxed_forces": [
        [-0.0, 0.0, -0.02850095],
        [0.0, 0.0, 0.02850095],
        [-0.0, 0.0, -0.10265605],
        [0.0, -0.0, 0.10265605],
        [-0.0, 0.0, -0.12230606],
        [-0.0, 0.0, -0.1661851],
        [0.0, -0.0, 0.0],
        [0.0, 0.0, 0.1661851],
        [0.0, 0.0, 0.12230606]
    ],
    "relaxed_lattice": [
        [2.29016713, -2.29016713, 0.0],
        [2.29016713, 2.29016713, 0.0],
        [-2.29016713, 0.0, 15.81981167]
    ]
}