{
    "atom_type": [
        "N",
        "Zr"
    ],
    "atoms_per_type": [
        5,
        7
    ],
    "coord_mode": "direct",
    "relaxed_basis": [
        [0.42783644, 0.85567298, 0.78549179],
        [0.00076587, 0.00153174, 0.50007881],
        [0.5714286, 0.1428571, 0.2142857],
        [0.14209123, 0.28418256, 0.92849259],
        [0.71502066, 0.43004132, 0.64307961],
        [0.00356498, 0.00712996, 0.99849877],
        [0.5714286, 0.1428571, 0.7142857],
        [0.13929212, 0.27858434, 0.43007263],
        [0.71119279, 0.42238557, 0.13572445],
        [0.28262034, 0.56524067, 0.84804004],
        [0.86023686, 0.72047363, 0.58053146],
        [0.43166431, 0.86332873, 0.29284695]
    ],
    "relaxed_energy": -119.18515303,
    "relaxed_forces": [
        [0.07080624, -0.0224864, 0.07080624],
        [-0.00075234, -0.05334787, -0.00075234],
        [-0.0, 0.0, -0.0],
        [0.00075234, 0.05334787, 0.00075234],
        [-0.07080624, 0.0224864, -0.07080624],
        [0.01260177, -0.05736889, 0.01260177],
        [-0.0, 0.0, -0.0],
        [-0.01260177, 0.05736889, -0.01260177],
        [-0.07840057, 0.03910509, -0.07840057],
        [-0.0813962, 0.0179284, -0.0813962],
        [0.0813962, -0.0179284, 0.0813962],
        [0.07840057, -0.03910509, 0.07840057]
    ],
    "relaxed_lattice": [
        [2.31138466, 0.0, -2.31138466],
        [-0.00575328, 6.86217902, 2.30563138],
        [4.62467781, -4.5831332, 4.62467781]
    ]
}