{
    "atom_type": [
        "N",
        "Zr"
    ],
    "atoms_per_type": [
        4,
        8
    ],
    "coord_mode": "direct",
    "relaxed_basis": [
        [0.74888474, 0.63149443, 0.93884241],
        [0.24549236, 0.37404506, 0.06151597],
        [0.25450764, 0.87595494, 0.31348403],
        [0.75111526, 0.61850557, 0.43615759],
        [0.00283586, 0.00023802, 0.01089095],
        [0.49985581, 0.73336444, 0.13300391],
        [0.00014419, 0.51663556, 0.24199609],
        [0.49716414, 0.24976198, 0.36410905],
        [0.00837264, 0.98386718, 0.50149244],
        [0.51638825, 0.75696408, 0.6240667],
        [0.98361175, 0.49303592, 0.7509333],
        [0.49162736, 0.26613282, 0.87350756]
    ],
    "relaxed_energy": -115.94647884,
    "relaxed_forces": [
        [-0.01195947, -0.02326976, 0.01316673],
        [0.01252582, 0.00136305, 0.01285654],
        [-0.01252582, -0.00136305, -0.01285654],
        [0.01195947, 0.02326976, -0.01316673],
        [0.0062438, 0.05142292, 0.05362697],
        [-0.06877083, 0.01756128, -0.00887636],
        [0.06877083, -0.01756128, 0.00887636],
        [-0.0062438, -0.05142292, -0.05362697],
        [0.08241401, -0.02867491, -0.06003421],
        [-0.0135763, 0.02797264, -0.03425004],
        [0.0135763, -0.02797264, 0.03425004],
        [-0.08241401, 0.02867491, 0.06003421]
    ],
    "relaxed_lattice": [
        [2.30699108, 2.31014789, -4.61721692],
        [-2.30006036, 4.59973021, 2.30176921],
        [4.6184324, 0.0009007, 4.61990609]
    ]
}