{
    "atom_type": [
        "N",
        "Zr"
    ],
    "atoms_per_type": [
        3,
        6
    ],
    "coord_mode": "direct",
    "relaxed_basis": [
        [0.49928054, 0.24735171, 0.99856108],
        [0.83554053, 0.91852734, 0.67108116],
        [0.49861732, 0.75138161, 0.99723464],
        [0.99635142, 0.99821614, 0.99270285],
        [0.66697916, 0.83162573, 0.33395822],
        [0.33319841, 0.67470246, 0.66639692],
        [0.00235582, 0.50071114, 0.00471164],
        [0.66749475, 0.33527591, 0.33498941],
        [0.33351535, 0.15887465, 0.66703079]
    ],
    "relaxed_energy": -86.80051108,
    "relaxed_forces": [
        [0.0191358, 0.0191358, -0.04174186],
        [0.00426042, 0.00426042, 0.03065566],
        [-0.01536574, -0.01536574, -0.05917655],
        [-0.03169098, -0.03169098, -0.02673923],
        [-0.00732229, -0.00732229, -0.01559459],
        [0.04739134, 0.04739134, 0.02693726],
        [0.00436101, 0.00436101, 0.03236991],
        [0.00555415, 0.00555415, 0.05900817],
        [-0.0263237, -0.0263237, -0.00571876]
    ],
    "relaxed_lattice": [
        [2.30853578, -2.30853578, 0.0],
        [4.60624974, 4.60624974, 0.0060053],
        [-2.30133638, 0.0071994, 6.8475119]
    ]
}