{
    "atom_type": [
        "N",
        "Zr"
    ],
    "atoms_per_type": [
        4,
        8
    ],
    "coord_mode": "direct",
    "relaxed_basis": [
        [0.24781049, 0.37583302, 0.05845657],
        [0.7484061, 0.12029396, 0.18553122],
        [0.2515939, 0.87970604, 0.31446878],
        [0.75218951, 0.62416698, 0.44154343],
        [0.00037486, 0.01455309, 0.01174307],
        [0.49369692, 0.74825435, 0.13997122],
        [0.0, 0.5, 0.25],
        [0.50630308, 0.25174565, 0.36002878],
        [0.99962514, 0.98544691, 0.48825693],
        [0.50258259, 0.74544656, 0.61656373],
        [0.0, 0.5, 0.75],
        [0.49741741, 0.25455344, 0.88343627]
    ],
    "relaxed_energy": -115.89933451,
    "relaxed_forces": [
        [-0.00205818, -0.01608302, 0.02814419],
        [-0.03323722, 0.03631216, -0.01456471],
        [0.03323722, -0.03631216, 0.01456471],
        [0.00205818, 0.01608302, -0.02814419],
        [-0.02622273, 0.0721494, 0.0875858],
        [-0.01819432, -0.03312731, -0.01538731],
        [-0.0, -0.0, -0.0],
        [0.01819432, 0.03312731, 0.01538731],
        [0.02622273, -0.0721494, -0.0875858],
        [0.03565646, -0.01007791, -0.0608359],
        [-0.0, -0.0, -0.0],
        [-0.03565646, 0.01007791, 0.0608359]
    ],
    "relaxed_lattice": [
        [2.27539368, 2.31417797, -4.68217197],
        [-2.29869399, 4.62565522, 2.32782555],
        [4.5424016, -0.03044306, 4.66220637]
    ]
}