{
    "atom_type": [
        "N",
        "Zr"
    ],
    "atoms_per_type": [
        6,
        8
    ],
    "coord_mode": "direct",
    "relaxed_basis": [
        [0.50106685, 0.49770603, 0.50016027],
        [0.74893315, 0.87729397, 0.62483973],
        [0.24932696, 0.62552628, 0.87581979],
        [0.50070665, 0.99934509, 0.99924161],
        [0.74929335, 0.37565491, 0.12575839],
        [0.00067304, 0.74947372, 0.24918021],
        [0.99420085, 0.99693127, 0.01466702],
        [0.25579915, 0.37806873, 0.11033298],
        [0.51014728, 0.73275528, 0.24695016],
        [0.74480107, 0.12969354, 0.38070432],
        [0.98949183, 0.52739792, 0.49361843],
        [0.26050817, 0.84760208, 0.63138157],
        [0.50519893, 0.24530646, 0.74429568],
        [0.73985272, 0.64224472, 0.87804984]
    ],
    "relaxed_energy": -140.01097993,
    "relaxed_forces": [
        [-0.0, -0.03053041, 0.03067149],
        [0.0, 0.03053041, -0.03067149],
        [-0.0, -0.0222412, 0.00733486],
        [-0.0, -0.00478461, -0.02873361],
        [0.0, 0.00478461, 0.02873361],
        [0.0, 0.0222412, -0.00733486],
        [-0.0, -0.02378334, 0.02702047],
        [0.0, 0.02378334, -0.02702047],
        [0.0, 0.01527427, 0.01076505],
        [-0.0, -0.05191318, 0.01111674],
        [0.0, 0.00300264, -0.02262773],
        [-0.0, -0.00300264, 0.02262773],
        [0.0, 0.05191318, -0.01111674],
        [-0.0, -0.01527427, -0.01076505]
    ],
    "relaxed_lattice": [
        [4.59654127, 0.0, -0.0],
        [2.29827064, 4.61185865, -2.31344118],
        [2.29827064, 4.60197136, 6.92067142]
    ]
}