{
    "atom_type": [
        "N",
        "Zr"
    ],
    "atoms_per_type": [
        1,
        8
    ],
    "coord_mode": "direct",
    "relaxed_basis": [
        [0.5, 0.75, 0.0],
        [0.0, 0.99572681, 0.0],
        [0.0, 0.99840162, 0.5],
        [0.5, 0.25, 0.7463176],
        [0.5, 0.25, 0.2536824],
        [0.0, 0.50159838, 0.5],
        [0.0, 0.50427319, 0.0],
        [0.5, 0.75, 0.2510018],
        [0.5, 0.75, 0.7489982]
    ],
    "relaxed_energy": -79.76579776,
    "relaxed_forces": [
        [0.0, 0.0, 0.0],
        [0.10702743, -0.10702743, 0.0],
        [0.05009515, -0.05009515, 0.0],
        [0.0, 0.0, -0.21633783],
        [0.0, 0.0, 0.21633783],
        [-0.05009515, 0.05009515, 0.0],
        [-0.10702743, 0.10702743, 0.0],
        [0.0, 0.0, 0.02499755],
        [0.0, 0.0, -0.02499755]
    ],
    "relaxed_lattice": [
        [2.28453113, 2.28453113, 0.0],
        [-4.55248389, 4.55248389, 0.0],
        [0.0, 0.0, 9.18441152]
    ]
}