{
    "atom_type": [
        "N",
        "Zr"
    ],
    "atoms_per_type": [
        3,
        6
    ],
    "coord_mode": "direct",
    "relaxed_basis": [
        [0.58311617, 0.91959037, 0.16623244],
        [0.4166667, 0.0833333, 0.8333333],
        [0.25021713, 0.24707633, 0.50043426],
        [0.99930406, 0.00014485, 0.99860812],
        [0.83402924, 0.16652185, 0.66805858],
        [0.67303745, 0.32539083, 0.3460748],
        [0.49927491, 0.49896038, 0.99854981],
        [0.33405839, 0.66770632, 0.66811689],
        [0.16029595, 0.84127577, 0.3205918]
    ],
    "relaxed_energy": -86.85046533,
    "relaxed_forces": [
        [0.01133711, 0.04015563, -0.01133711],
        [0.0, 0.0, 0.0],
        [-0.01133711, -0.04015563, 0.01133711],
        [0.02421522, 0.04616546, -0.02421522],
        [-0.02421522, -0.04616546, 0.02421522],
        [-0.049625, 0.0537196, 0.049625],
        [0.02350637, 0.02734035, -0.02350637],
        [-0.02350637, -0.02734035, 0.02350637],
        [0.049625, -0.0537196, -0.049625]
    ],
    "relaxed_lattice": [
        [2.33565081, 0.0, 2.33565081],
        [2.32304525, 4.47861436, -2.32304525],
        [-7.00522336, 2.26844347, 4.66957255]
    ]
}