{
    "atom_type": [
        "N",
        "Zr"
    ],
    "atoms_per_type": [
        4,
        8
    ],
    "coord_mode": "direct",
    "relaxed_basis": [
        [0.0, 0.5, 0.0],
        [0.12474879, 0.12474879, 0.24949758],
        [0.37525121, 0.37525121, 0.75050242],
        [0.5, 0.0, 0.0],
        [0.00726015, 0.00726015, 0.0145203],
        [0.12597611, 0.62597611, 0.25195222],
        [0.25, 0.25, 0.5],
        [0.37402389, 0.87402389, 0.74804778],
        [0.49273985, 0.49273985, 0.9854797],
        [0.62597611, 0.12597611, 0.25195222],
        [0.75, 0.75, 0.5],
        [0.87402389, 0.37402389, 0.74804778]
    ],
    "relaxed_energy": -115.76276498,
    "relaxed_forces": [
        [0.0, -0.0, 0.0],
        [-0.0, -0.0, 0.04061911],
        [0.0, 0.0, -0.04061911],
        [-0.0, 0.0, -0.0],
        [-0.0, -0.0, 0.01724596],
        [-0.0, -0.0, 0.03326169],
        [-0.0, -0.0, -0.0],
        [0.0, 0.0, -0.03326169],
        [0.0, 0.0, -0.01724596],
        [-0.0, -0.0, 0.03326169],
        [-0.0, -0.0, -0.0],
        [0.0, 0.0, -0.03326169]
    ],
    "relaxed_lattice": [
        [4.58206641, 0.0, -0.0],
        [0.0, 4.58206641, -0.0],
        [-2.29103321, -2.29103321, 9.22846522]
    ]
}