{
    "atom_type": [
        "N",
        "Zr"
    ],
    "atoms_per_type": [
        3,
        8
    ],
    "coord_mode": "direct",
    "relaxed_basis": [
        [0.87583028, 0.87583028, 0.25166055],
        [0.00108088, 0.50108088, 0.50216175],
        [0.37583028, 0.37583028, 0.25166055],
        [0.00415922, 0.00260075, 0.00675997],
        [0.37823401, 0.87823401, 0.74721558],
        [0.75041274, 0.7375584, 0.48797114],
        [0.12175319, 0.62175319, 0.25531188],
        [0.50260075, 0.50415922, 0.00675997],
        [0.86898157, 0.36898157, 0.74721558],
        [0.2375584, 0.25041274, 0.48797114],
        [0.63355869, 0.13355869, 0.25531188]
    ],
    "relaxed_energy": -103.64943595,
    "relaxed_forces": [
        [-0.0, 0.02254299, -0.02254299],
        [-0.0, -0.10431086, 0.10431086],
        [-0.0, 0.02254299, -0.02254299],
        [0.09921333, 0.02624654, -0.02624654],
        [-0.0, 0.13411805, 0.14783845],
        [0.05120092, -0.00660091, 0.00660091],
        [-0.0, 0.08216605, 0.04851204],
        [-0.09921333, 0.02624654, -0.02624654],
        [-0.0, -0.14783845, -0.13411805],
        [-0.05120092, -0.00660091, 0.00660091],
        [-0.0, -0.04851204, -0.08216605]
    ],
    "relaxed_lattice": [
        [4.60417993, 2.30445482, 2.30445482],
        [-4.60417993, 2.30445482, 2.30445482],
        [0.0, -6.88148006, 2.27257042]
    ]
}