{
    "atom_type": [
        "N",
        "Zr"
    ],
    "atoms_per_type": [
        3,
        8
    ],
    "coord_mode": "direct",
    "relaxed_basis": [
        [0.24562349, 0.37999886, 0.06165501],
        [0.25270079, 0.87594239, 0.31243018],
        [0.74998722, 0.621091, 0.43599119],
        [0.00799099, 0.01771959, 0.0073753],
        [0.48794003, 0.73856823, 0.1353832],
        [0.00430632, 0.51446747, 0.25031771],
        [0.49495805, 0.2552746, 0.36544981],
        [0.00738151, 0.97944102, 0.50197931],
        [0.51459944, 0.75500537, 0.62131294],
        [0.99259441, 0.48907356, 0.74719185],
        [0.49191774, 0.24841792, 0.87341349]
    ],
    "relaxed_energy": -103.80900539,
    "relaxed_forces": [
        [0.00416552, 0.03552602, -0.00122221],
        [0.0061221, 0.0020295, 0.02887141],
        [0.0321865, 0.02009323, -0.09003614],
        [0.00344048, 0.01737904, 0.05933015],
        [-0.08063559, -0.02333491, 0.03285272],
        [-0.00555089, 0.04882889, 0.10388243],
        [0.03510704, -0.04724351, -0.01926706],
        [0.05605219, -0.06627964, -0.11015413],
        [0.04154759, 0.01628687, -0.0387685],
        [-0.04760713, 0.00201566, -0.03138382],
        [-0.04482779, -0.00530115, 0.06589515]
    ],
    "relaxed_lattice": [
        [2.27998644, 2.33295385, -4.63104529],
        [-2.27566634, 4.66502903, 2.31736324],
        [4.54227789, 0.00139723, 4.62290203]
    ]
}