{
    "atom_type": [
        "N",
        "Zr"
    ],
    "atoms_per_type": [
        6,
        8
    ],
    "coord_mode": "direct",
    "relaxed_basis": [
        [0.5, 0.0, 0.12307293],
        [0.0, 0.5, 0.25192707],
        [0.0, 0.5, 0.50047313],
        [0.5, 0.0, 0.6271566],
        [0.0, 0.5, 0.7478434],
        [0.5, 0.0, 0.87452687],
        [0.0, 0.0, 0.00032254],
        [0.5, 0.5, 0.13411353],
        [0.0, 0.0, 0.24088647],
        [0.5, 0.5, 0.37467746],
        [0.0, 0.0, 0.50661421],
        [0.5, 0.5, 0.62225336],
        [0.0, 0.0, 0.75274664],
        [0.5, 0.5, 0.86838579]
    ],
    "relaxed_energy": -139.84101382,
    "relaxed_forces": [
        [0.05644675, 0.0, -0.05644675],
        [-0.05644675, 0.0, 0.05644675],
        [-0.00577521, 0.0, 0.00577521],
        [-0.04232932, 0.0, 0.04232932],
        [0.04232932, 0.0, -0.04232932],
        [0.00577521, 0.0, -0.00577521],
        [0.01521817, 0.0, -0.01521817],
        [0.01114233, 0.0, -0.01114233],
        [-0.01114233, 0.0, 0.01114233],
        [-0.01521817, 0.0, 0.01521817],
        [-0.01147669, 0.0, 0.01147669],
        [-0.01047006, 0.0, 0.01047006],
        [0.01047006, 0.0, -0.01047006],
        [0.01147669, 0.0, -0.01147669]
    ],
    "relaxed_lattice": [
        [2.30459214, 0.0, 2.30459214],
        [0.0, 4.55224285, 0.0],
        [-9.2853038, 0.0, 9.2853038]
    ]
}