{
    "atom_type": [
        "N",
        "Zr"
    ],
    "atoms_per_type": [
        2,
        6
    ],
    "coord_mode": "direct",
    "relaxed_basis": [
        [0.41709239, 0.66581532, 0.75],
        [0.74957431, 0.00085138, 0.75],
        [0.00216902, 0.99289943, 0.98668846],
        [0.16449768, 0.67376727, 0.51331154],
        [0.34692969, 0.3333333, 0.99407113],
        [0.50493154, 0.99289943, 0.51331154],
        [0.66173516, 0.67376727, 0.98668846],
        [0.81973691, 0.3333333, 0.50592887]
    ],
    "relaxed_energy": -74.68157463,
    "relaxed_forces": [
        [0.0, 0.02782538, 0.02782538],
        [-0.0, -0.02782538, -0.02782538],
        [-0.04301084, -0.00579268, 0.05072422],
        [0.04301084, 0.00579268, -0.05072422],
        [0.07253044, -0.0306642, 0.0306642],
        [0.04301084, 0.05072422, -0.00579268],
        [-0.04301084, -0.05072422, 0.00579268],
        [-0.07253044, 0.0306642, -0.0306642]
    ],
    "relaxed_lattice": [
        [4.70381251, 2.31988499, -2.31988499],
        [2.35190626, 4.62142802, 2.30154304],
        [4.62212979, -2.23918649, 2.23918649]
    ]
}