{
    "atom_type": [
        "N",
        "Zr"
    ],
    "atoms_per_type": [
        4,
        8
    ],
    "coord_mode": "direct",
    "relaxed_basis": [
        [0.62372691, 0.24745382, 0.93635686],
        [0.1252219, 0.25044379, 0.6880041],
        [0.62679879, 0.25359758, 0.43686655],
        [0.87303563, 0.74607125, 0.31263586],
        [0.00891539, 0.01783079, 0.0017592],
        [0.24163303, 0.48326606, 0.87986114],
        [0.5082996, 0.01659919, 0.74666844],
        [0.74156832, 0.48313665, 0.62679574],
        [0.00946474, 0.01892949, 0.49369628],
        [0.25180099, 0.50360198, 0.37227082],
        [0.49003607, 0.98007215, 0.25546846],
        [0.74949863, 0.49899725, 0.12461655]
    ],
    "relaxed_energy": -115.97161064,
    "relaxed_forces": [
        [-0.0046922, 0.0046922, -0.04870114],
        [-0.02638281, 0.02638281, 0.02894398],
        [0.0063605, -0.0063605, -1.144e-05],
        [0.01033471, -0.01033471, 0.01068907],
        [0.02669881, -0.02669881, -0.05284252],
        [-0.00715177, 0.00715177, 0.04909439],
        [-0.00917871, 0.00917871, -0.00459673],
        [-0.00511706, 0.00511706, 0.06854545],
        [-0.03212045, 0.03212045, 0.00020101],
        [0.0268758, -0.0268758, 0.04652129],
        [-0.0059564, 0.0059564, -0.07465103],
        [0.02032959, -0.02032959, -0.02319234]
    ],
    "relaxed_lattice": [
        [2.33724679, 2.33724679, -0.0],
        [-4.65207392, 2.31482714, 2.23252439],
        [4.68723654, -4.68723654, 9.05609495]
    ]
}