{
    "atom_type": [
        "N",
        "Zr"
    ],
    "atoms_per_type": [
        4,
        5
    ],
    "coord_mode": "direct",
    "relaxed_basis": [
        [0.89990684, 0.89990684, 0.79981369],
        [0.70023416, 0.70023416, 0.40046832],
        [0.49976584, 0.49976584, 0.99953168],
        [0.30009316, 0.30009316, 0.60018631],
        [0.99954882, 0.99954882, 0.99909763],
        [0.79796143, 0.79796143, 0.59592286],
        [0.6, 0.6, 0.2],
        [0.40203857, 0.40203857, 0.80407714],
        [0.20045118, 0.20045118, 0.40090237]
    ],
    "relaxed_energy": -90.24672458,
    "relaxed_forces": [
        [0.0, 0.0, -0.01765214],
        [0.0, 0.0, -0.02521233],
        [0.0, 0.0, 0.02521233],
        [-0.0, 0.0, 0.01765214],
        [-0.0, 0.0, 0.02950241],
        [-0.0, 0.0, -0.05459586],
        [-0.0, -0.0, -0.0],
        [0.0, 0.0, 0.05459586],
        [0.0, 0.0, -0.02950241]
    ],
    "relaxed_lattice": [
        [2.29956116, -2.29956116, 0.0],
        [2.29956116, 2.29956116, 0.0],
        [-2.29956116, 0.0, 11.46281556]
    ]
}