{
    "atom_type": [
        "N",
        "Zr"
    ],
    "atoms_per_type": [
        2,
        8
    ],
    "coord_mode": "direct",
    "relaxed_basis": [
        [0.31262127, 0.81086416, 0.56389331],
        [0.18737873, 0.68913584, 0.93610669],
        [0.99691218, 0.0017264, 0.00444925],
        [0.63136743, 0.6240909, 0.11317424],
        [0.25, 0.25, 0.25],
        [0.86863257, 0.8759091, 0.38682576],
        [0.50308782, 0.4982736, 0.49555075],
        [0.12373912, 0.12939146, 0.62313031],
        [0.75, 0.75, 0.75],
        [0.37626088, 0.37060854, 0.87686969]
    ],
    "relaxed_energy": -91.60099699,
    "relaxed_forces": [
        [-0.0028143, 0.02824668, 0.0028143],
        [0.0028143, -0.02824668, -0.0028143],
        [-0.04376371, 0.06165937, 0.04376371],
        [0.02735162, 0.01209958, -0.02735162],
        [-0.0, -0.0, 0.0],
        [-0.02735162, -0.01209958, 0.02735162],
        [0.04376371, -0.06165937, -0.04376371],
        [0.01088693, 0.06149381, -0.01088693],
        [-0.0, -0.0, 0.0],
        [-0.01088693, -0.06149381, 0.01088693]
    ],
    "relaxed_lattice": [
        [2.29939001, 0.0, 2.29939001],
        [2.32606866, 6.79918879, -0.02667865],
        [-4.59278171, 2.22056806, 6.89217172]
    ]
}