{
    "atom_type": [
        "N",
        "Zr"
    ],
    "atoms_per_type": [
        3,
        7
    ],
    "coord_mode": "direct",
    "relaxed_basis": [
        [0.7146428, 0.2146428, 0.4292856],
        [0.8571429, 0.3571429, 0.7142857],
        [0.9996429, 0.4996429, 0.9992858],
        [0.00080568, 0.00080568, 0.00161137],
        [0.14710944, 0.14710944, 0.29421898],
        [0.28565092, 0.28565092, 0.57130183],
        [0.42863478, 0.42863478, 0.85726967],
        [0.56717626, 0.56717626, 0.13435242],
        [0.71348002, 0.71348002, 0.42696003],
        [0.8571429, 0.8571429, 0.7142857]
    ],
    "relaxed_energy": -95.30190177,
    "relaxed_forces": [
        [0.07085424, -0.0, 0.07085424],
        [-0.0, -0.0, 0.0],
        [-0.07085424, 0.0, -0.07085424],
        [-0.03156323, 0.0, -0.03156323],
        [0.01378647, -0.0, 0.01378647],
        [0.02255391, -0.0, 0.02255391],
        [-0.02255391, 0.0, -0.02255391],
        [-0.01378647, 0.0, -0.01378647],
        [0.03156323, -0.0, 0.03156323],
        [-0.0, 0.0, 0.0]
    ],
    "relaxed_lattice": [
        [2.32114744, 0.0, -2.32114744],
        [-0.0, 4.5006347, -0.0],
        [6.92115241, -2.25031736, 9.24229985]
    ]
}