{
    "atom_type": [
        "N",
        "Zr"
    ],
    "atoms_per_type": [
        4,
        8
    ],
    "coord_mode": "direct",
    "relaxed_basis": [
        [0.24914464, 0.62612023, 0.8755905],
        [0.50029143, 0.9988221, 0.00059505],
        [0.74970857, 0.3761779, 0.12440495],
        [0.00085536, 0.74887977, 0.2494095],
        [0.00031998, 0.99127071, 0.00808932],
        [0.24968002, 0.38372929, 0.11691068],
        [0.50528609, 0.74479316, 0.24463467],
        [0.753318, 0.11764693, 0.37571707],
        [0.99874146, 0.50362719, 0.49888989],
        [0.25125854, 0.87137281, 0.62611011],
        [0.496682, 0.25735307, 0.74928293],
        [0.74471391, 0.63020684, 0.88036533]
    ],
    "relaxed_energy": -115.76019486,
    "relaxed_forces": [
        [0.0, 0.10987355, -0.05832008],
        [0.0, 0.02903862, -0.02893268],
        [-0.0, -0.02903862, 0.02893268],
        [-0.0, -0.10987355, 0.05832008],
        [0.0, 0.08874059, -0.01801757],
        [-0.0, -0.08874059, 0.01801757],
        [-0.0, -0.0710243, 0.06450091],
        [-0.0, -0.0599271, 0.06936752],
        [0.0, 0.03369327, -0.00857348],
        [-0.0, -0.03369327, 0.00857348],
        [0.0, 0.0599271, -0.06936752],
        [0.0, 0.0710243, -0.06450091]
    ],
    "relaxed_lattice": [
        [4.61285096, 0.0, 0.0],
        [2.30642548, 4.59211674, -2.27142069],
        [2.30642548, 4.6184017, 6.8670227]
    ]
}