{
    "atom_type": [
        "N",
        "Zr"
    ],
    "atoms_per_type": [
        3,
        8
    ],
    "coord_mode": "direct",
    "relaxed_basis": [
        [0.00295216, 0.50295216, 0.00590431],
        [0.3742369, 0.3742369, 0.7484738],
        [0.50295216, 0.00295216, 0.00590431],
        [0.00078765, 0.00078765, 0.00157531],
        [0.12705508, 0.62705508, 0.25411017],
        [0.25041828, 0.25041828, 0.50083657],
        [0.37577414, 0.87577414, 0.75154828],
        [0.49486158, 0.49486158, 0.98972315],
        [0.62705508, 0.12705508, 0.25411017],
        [0.74313282, 0.74313282, 0.48626564],
        [0.87577414, 0.37577414, 0.75154828]
    ],
    "relaxed_energy": -103.80657687,
    "relaxed_forces": [
        [-0.0, -0.0, 0.05359145],
        [0.0, 0.0, -0.0931205],
        [-0.0, -0.0, 0.05359145],
        [0.0, 0.0, -0.04548382],
        [0.0, 0.0, -0.01136715],
        [-0.0, -0.0, 0.04966882],
        [0.0, 0.0, -0.00251866],
        [-0.0, -0.0, 0.00766142],
        [0.0, 0.0, -0.01136715],
        [-0.0, -0.0, 0.00186278],
        [0.0, 0.0, -0.00251866]
    ],
    "relaxed_lattice": [
        [4.60457672, 0.0, 0.0],
        [0.0, 4.60457672, 0.0],
        [-2.30228837, -2.30228837, 9.07888428]
    ]
}