{
    "atom_type": [
        "N",
        "Zr"
    ],
    "atoms_per_type": [
        2,
        6
    ],
    "coord_mode": "direct",
    "relaxed_basis": [
        [0.41608252, 0.08261966, 0.83216494],
        [0.25058418, 0.25071364, 0.50116836],
        [0.99524843, 0.00130239, 0.99049685],
        [0.8333333, 0.1666667, 0.6666667],
        [0.67141827, 0.33203091, 0.34283645],
        [0.50247543, 0.49666288, 0.00495086],
        [0.3333333, 0.6666667, 0.6666667],
        [0.16419127, 0.83667042, 0.32838244]
    ],
    "relaxed_energy": -74.72524622,
    "relaxed_forces": [
        [-0.0174719, 0.01958072, 0.0174719],
        [0.0174719, -0.01958072, -0.0174719],
        [0.02680056, 0.00727202, -0.02680056],
        [-0.0, -0.0, 0.0],
        [-0.02680056, -0.00727202, 0.02680056],
        [-0.01789149, -0.02686808, 0.01789149],
        [-0.0, -0.0, -0.0],
        [0.01789149, 0.02686808, -0.01789149]
    ],
    "relaxed_lattice": [
        [2.29972286, 0.0, 2.29972286],
        [2.30506426, 4.58688758, -2.30506426],
        [-6.87528816, 2.25635748, 4.5755653]
    ]
}