{
    "atom_type": [
        "N",
        "Zr"
    ],
    "atoms_per_type": [
        4,
        6
    ],
    "coord_mode": "direct",
    "relaxed_basis": [
        [0.0, 0.5, 0.33511155],
        [0.5, 0.0, 0.5012915],
        [0.0, 0.5, 0.6653752],
        [0.5, 0.0, 0.83155505],
        [0.0, 0.0, 0.99520079],
        [0.5, 0.5, 0.17146591],
        [0.0, 0.0, 0.33615069],
        [0.5, 0.5, 0.49306347],
        [0.0, 0.0, 0.67360323],
        [0.5, 0.5, 0.83051591]
    ],
    "relaxed_energy": -98.75229514,
    "relaxed_forces": [
        [-0.00336544, 0.0, 0.00336544],
        [-0.07981157, 0.0, 0.07981157],
        [0.07981157, 0.0, -0.07981157],
        [0.00336544, 0.0, -0.00336544],
        [0.04860824, 0.0, -0.04860824],
        [-0.04860824, 0.0, 0.04860824],
        [-0.08548151, 0.0, 0.08548151],
        [-0.02411804, 0.0, 0.02411804],
        [0.02411804, 0.0, -0.02411804],
        [0.08548151, 0.0, -0.08548151]
    ],
    "relaxed_lattice": [
        [2.30263642, 0.0, 2.30263642],
        [0.0, 4.57686641, 0.0],
        [-6.93331762, 0.0, 6.93331762]
    ]
}