{
    "atom_type": [
        "N",
        "Zr"
    ],
    "atoms_per_type": [
        2,
        5
    ],
    "coord_mode": "direct",
    "relaxed_basis": [
        [0.60062303, 0.10062303, 0.20124607],
        [0.99937697, 0.49937697, 0.99875393],
        [0.00516591, 0.00516591, 0.01033182],
        [0.19901097, 0.19901097, 0.39802194],
        [0.40098903, 0.40098903, 0.80197806],
        [0.59483409, 0.59483409, 0.18966818],
        [0.8, 0.8, 0.6]
    ],
    "relaxed_energy": -66.29700165,
    "relaxed_forces": [
        [0.06556155, -0.0, 0.06556155],
        [-0.06556155, 0.0, -0.06556155],
        [0.02232239, -0.0, 0.02232239],
        [0.0068808, -0.0, 0.0068808],
        [-0.0068808, 0.0, -0.0068808],
        [-0.02232239, 0.0, -0.02232239],
        [0.0, 0.0, -0.0]
    ],
    "relaxed_lattice": [
        [2.28406111, 0.0, -2.28406111],
        [-0.0, 4.6040136, -0.0],
        [4.6097027, -2.3020068, 6.89376381]
    ]
}