{
    "atom_type": [
        "N",
        "Zr"
    ],
    "atoms_per_type": [
        5,
        6
    ],
    "coord_mode": "direct",
    "relaxed_basis": [
        [0.49932429, 0.99864859, 0.99961035],
        [0.1659064, 0.3318127, 0.83196267],
        [0.8333333, 0.6666667, 0.6666667],
        [0.5007603, 0.0015206, 0.50137063],
        [0.16734241, 0.33468471, 0.33372295],
        [0.00555878, 0.01111757, 0.99760013],
        [0.66252799, 0.32505587, 0.82727966],
        [0.3333333, 0.6666667, 0.6666667],
        [0.00413871, 0.00827743, 0.50605364],
        [0.66110792, 0.32221573, 0.33573317],
        [0.3333333, 0.6666667, 0.1666667]
    ],
    "relaxed_energy": -110.75944488,
    "relaxed_forces": [
        [0.0, -0.0200276, -0.00916848],
        [-0.0, 0.05844, 0.02489481],
        [0.0, 0.0, 0.0],
        [0.0, -0.05844, -0.02489481],
        [-0.0, 0.0200276, 0.00916848],
        [-0.0, 0.10406016, 0.04864915],
        [0.0, -0.00189698, -0.04708971],
        [-0.0, 0.0, 0.0],
        [-0.0, 0.00189698, 0.04708971],
        [0.0, -0.10406016, -0.04864915],
        [-0.0, 0.0, 0.0]
    ],
    "relaxed_lattice": [
        [4.62748866, -0.0, 0.0],
        [-2.31374434, 4.59692232, 2.29000331],
        [0.0, -4.59651235, 4.57927953]
    ]
}