{
    "atom_type": [
        "N",
        "Zr"
    ],
    "atoms_per_type": [
        3,
        7
    ],
    "coord_mode": "direct",
    "relaxed_basis": [
        [0.35789402, 0.71578795, 0.9272074],
        [0.7864672, 0.57293441, 0.64284213],
        [0.49893542, 0.99787085, 0.50129361],
        [0.99388187, 0.98776373, 0.99975012],
        [0.72573455, 0.4514691, 0.85945599],
        [0.41949263, 0.83898536, 0.70957613],
        [0.14021161, 0.28042333, 0.56922411],
        [0.8638134, 0.7276267, 0.43360912],
        [0.57384796, 0.14769582, 0.28523432],
        [0.28257853, 0.56515706, 0.14323557]
    ],
    "relaxed_energy": -95.32721531,
    "relaxed_forces": [
        [0.08199596, 0.08199596, -0.0048107],
        [-0.13039413, -0.13039413, -0.00988831],
        [0.07291871, 0.07291871, -0.03431843],
        [-0.00692563, -0.00692563, -0.04327601],
        [-0.02630523, -0.02630523, 0.07076489],
        [-0.00400774, -0.00400774, -0.04812265],
        [-0.03283947, -0.03283947, 0.00784574],
        [0.03097985, 0.03097985, -0.06327725],
        [0.04813385, 0.04813385, -0.04720282],
        [-0.03355616, -0.03355616, 0.17228554]
    ],
    "relaxed_lattice": [
        [2.31289641, -2.31289641, 0.0],
        [2.28535993, 4.59825633, -2.28204405],
        [2.30847864, 2.30847864, 9.16965876]
    ]
}