{
    "atom_type": [
        "N",
        "Zr"
    ],
    "atoms_per_type": [
        5,
        8
    ],
    "coord_mode": "direct",
    "relaxed_basis": [
        [0.5, 0.37558585, 0.62618262],
        [0.5, 0.62441415, 0.37381738],
        [0.5, 0.87381738, 0.12441415],
        [0.0, 0.0, 0.5],
        [0.5, 0.12618262, 0.87558585],
        [0.0, 0.0, 0.0],
        [0.5, 0.11896969, 0.38103031],
        [0.0, 0.2479236, 0.7479236],
        [0.5, 0.37567807, 0.12432193],
        [0.0, 0.5, 0.5],
        [0.5, 0.62432193, 0.87567807],
        [0.0, 0.7520764, 0.2520764],
        [0.5, 0.88103031, 0.61896969]
    ],
    "relaxed_energy": -127.83531654,
    "relaxed_forces": [
        [-0.01218879, 0.01218879, -0.0019243],
        [0.01218879, -0.01218879, 0.0019243],
        [-0.01218879, 0.01218879, 0.0019243],
        [0.0, 0.0, 0.0],
        [0.01218879, -0.01218879, -0.0019243],
        [0.0, 0.0, 0.0],
        [0.04841438, -0.04841438, 0.0],
        [0.0, 0.0, 0.03545224],
        [0.01103814, -0.01103814, 0.0],
        [0.0, 0.0, 0.0],
        [-0.01103814, 0.01103814, 0.0],
        [0.0, 0.0, -0.03545224],
        [-0.04841438, 0.04841438, 0.0]
    ],
    "relaxed_lattice": [
        [2.31574155, 2.31574155, 0.0],
        [-4.62171347, 4.62171347, 4.54647984],
        [4.62171347, -4.62171347, 4.54647984]
    ]
}