{
    "atom_type": [
        "N",
        "Zr"
    ],
    "atoms_per_type": [
        6,
        8
    ],
    "coord_mode": "direct",
    "relaxed_basis": [
        [0.75, 0.125, 0.6875],
        [0.750876, 0.62491743, 0.93801684],
        [0.24828436, 0.37406594, 0.06226577],
        [0.75, 0.125, 0.1875],
        [0.25171564, 0.87593406, 0.31273423],
        [0.749124, 0.62508257, 0.43698316],
        [0.9944629, 0.00639067, 0.00506739],
        [0.50182628, 0.74064186, 0.13236746],
        [0.99817372, 0.50935814, 0.24263254],
        [0.5055371, 0.24360933, 0.36993261],
        [0.98978169, 0.99030506, 0.49208466],
        [0.51408063, 0.76112243, 0.62269409],
        [0.98591937, 0.48887757, 0.75230591],
        [0.51021831, 0.25969494, 0.88291534]
    ],
    "relaxed_energy": -140.001074,
    "relaxed_forces": [
        [0.0, 0.0, 0.0],
        [0.00119122, 0.0047288, -0.00708319],
        [-0.01548804, -0.00170969, 0.01411618],
        [0.0, 0.0, 0.0],
        [0.01548804, 0.00170969, -0.01411618],
        [-0.00119122, -0.0047288, 0.00708319],
        [0.002524, 0.00144723, -0.01190192],
        [-0.00304331, -0.01764535, 0.00738371],
        [0.00304331, 0.01764535, -0.00738371],
        [-0.002524, -0.00144723, 0.01190192],
        [0.04501938, -0.03002267, -0.0273774],
        [0.00776146, 0.01278247, -0.00499033],
        [-0.00776146, -0.01278247, 0.00499033],
        [-0.04501938, 0.03002267, 0.0273774]
    ],
    "relaxed_lattice": [
        [2.28701933, 2.30943272, -4.59021919],
        [-2.2894944, 4.62826445, 2.2985033],
        [4.59959733, 0.00583735, 4.6059115]
    ]
}