{
    "atom_type": [
        "N",
        "Zr"
    ],
    "atoms_per_type": [
        5,
        8
    ],
    "coord_mode": "direct",
    "relaxed_basis": [
        [0.5625, 0.5625, 0.3125],
        [0.31236613, 0.31236613, 0.06290162],
        [0.18739975, 0.18739975, 0.43780076],
        [0.93760025, 0.93760025, 0.18719924],
        [0.81263387, 0.81263387, 0.56209838],
        [0.99950816, 0.99950816, 0.00147551],
        [0.87544642, 0.87544642, 0.37366073],
        [0.74949684, 0.74949684, 0.75150947],
        [0.62571145, 0.62571145, 0.12286566],
        [0.49928855, 0.49928855, 0.50213434],
        [0.37550316, 0.37550316, 0.87349053],
        [0.24955358, 0.24955358, 0.25133927],
        [0.12549184, 0.12549184, 0.62352449]
    ],
    "relaxed_energy": -127.37193791,
    "relaxed_forces": [
        [-0.0, -0.0, 0.0],
        [0.01006344, 0.01006344, -0.01006344],
        [-0.00899502, -0.00899502, 0.00899502],
        [0.00899502, 0.00899502, -0.00899502],
        [-0.01006344, -0.01006344, 0.01006344],
        [-0.01872633, -0.01872633, 0.01872633],
        [-0.01578806, -0.01578806, 0.01578806],
        [-0.06050792, -0.06050792, 0.06050792],
        [0.00138288, 0.00138288, -0.00138288],
        [-0.00138288, -0.00138288, 0.00138288],
        [0.06050792, 0.06050792, -0.06050792],
        [0.01578806, 0.01578806, -0.01578806],
        [0.01872633, 0.01872633, -0.01872633]
    ],
    "relaxed_lattice": [
        [2.29939504, 0.0, 2.29939504],
        [0.0, 2.29939504, 2.29939504],
        [-11.4574213, -11.4574213, 13.75681634]
    ]
}