{
    "atom_type": [
        "N",
        "Zr"
    ],
    "atoms_per_type": [
        4,
        8
    ],
    "coord_mode": "direct",
    "relaxed_basis": [
        [0.31224747, 0.31224747, 0.06325758],
        [0.18710305, 0.18710305, 0.43869084],
        [0.93789695, 0.93789695, 0.18630916],
        [0.81275253, 0.81275253, 0.56174242],
        [9.16e-06, 9.16e-06, 0.99997251],
        [0.87464722, 0.87464722, 0.37605834],
        [0.74971276, 0.74971276, 0.75086173],
        [0.62498875, 0.62498875, 0.12503376],
        [0.50001125, 0.50001125, 0.49996624],
        [0.37528724, 0.37528724, 0.87413827],
        [0.25035278, 0.25035278, 0.24894166],
        [0.12499084, 0.12499084, 0.62502749]
    ],
    "relaxed_energy": -115.37578974,
    "relaxed_forces": [
        [0.02058545, 0.02058545, -0.02058545],
        [-0.03944502, -0.03944502, 0.03944502],
        [0.03944502, 0.03944502, -0.03944502],
        [-0.02058545, -0.02058545, 0.02058545],
        [0.01395841, 0.01395841, -0.01395841],
        [-0.00666196, -0.00666196, 0.00666196],
        [-0.02096205, -0.02096205, 0.02096205],
        [0.0085724, 0.0085724, -0.0085724],
        [-0.0085724, -0.0085724, 0.0085724],
        [0.02096205, 0.02096205, -0.02096205],
        [0.00666196, 0.00666196, -0.00666196],
        [-0.01395841, -0.01395841, 0.01395841]
    ],
    "relaxed_lattice": [
        [2.28499032, 0.0, 2.28499032],
        [0.0, 2.28499032, 2.28499032],
        [-11.52504302, -11.52504302, 13.81003334]
    ]
}