{
    "atom_type": [
        "N",
        "Zr"
    ],
    "atoms_per_type": [
        5,
        8
    ],
    "coord_mode": "direct",
    "relaxed_basis": [
        [0.00069246, 0.24785226, 0.75076282],
        [0.24882149, 0.62463829, 0.87771873],
        [0.5, 0.0, 0.0],
        [0.75117851, 0.37536171, 0.12228127],
        [0.99930754, 0.75214774, 0.24923718],
        [0.0, 0.0, 0.0],
        [0.24453422, 0.38861442, 0.12231715],
        [0.50540666, 0.74486726, 0.24431943],
        [0.75592132, 0.11894517, 0.36921219],
        [0.0, 0.5, 0.5],
        [0.24407868, 0.88105483, 0.63078781],
        [0.49459334, 0.25513274, 0.75568057],
        [0.75546578, 0.61138558, 0.87768285]
    ],
    "relaxed_energy": -127.74605985,
    "relaxed_forces": [
        [0.0, 0.01268794, -0.00433947],
        [0.0, 0.07155522, -0.01394767],
        [0.0, 0.0, 0.0],
        [-0.0, -0.07155522, 0.01394767],
        [-0.0, -0.01268794, 0.00433947],
        [0.0, 0.0, 0.0],
        [0.0, 0.02269659, 0.04409755],
        [-0.0, -0.04332765, -0.08407379],
        [-0.0, -0.06953092, -0.05950061],
        [0.0, 0.0, 0.0],
        [0.0, 0.06953092, 0.05950061],
        [0.0, 0.04332765, 0.08407379],
        [-0.0, -0.02269659, -0.04409755]
    ],
    "relaxed_lattice": [
        [4.5899333, 0.0, 0.0],
        [2.29496666, 4.60459119, -2.30153209],
        [2.29496666, 4.61178455, 6.91894036]
    ]
}