{
    "atom_type": [
        "N",
        "Zr"
    ],
    "atoms_per_type": [
        5,
        8
    ],
    "coord_mode": "direct",
    "relaxed_basis": [
        [0.0, 0.50100622, 0.00067753],
        [0.5, 0.62545785, 0.37454215],
        [0.5, 0.87500005, 0.12499995],
        [0.0, 0.99932247, 0.49899378],
        [0.5, 0.12349382, 0.87650618],
        [0.0, 0.0011666, 0.9988334],
        [0.5, 0.1189041, 0.37893961],
        [0.0, 0.24407634, 0.75592366],
        [0.5, 0.38136257, 0.11914583],
        [0.0, 0.50392689, 0.49607311],
        [0.5, 0.62106039, 0.8810959],
        [0.0, 0.74936852, 0.25063148],
        [0.5, 0.88085417, 0.61863743]
    ],
    "relaxed_energy": -127.71931431,
    "relaxed_forces": [
        [-0.02341549, 0.02341549, -0.04899644],
        [-0.02232938, 0.02232938, 0.0],
        [-0.01675449, 0.01675449, 0.0],
        [-0.02341549, 0.02341549, 0.04899644],
        [0.06702517, -0.06702517, 0.0],
        [0.00303553, -0.00303553, 0.0],
        [0.03839996, -0.03839996, 0.06187697],
        [0.07058335, -0.07058335, 0.0],
        [-0.03137485, 0.03137485, 0.01861947],
        [-0.05722294, 0.05722294, 0.0],
        [0.03839996, -0.03839996, -0.06187697],
        [-0.01155647, 0.01155647, 0.0],
        [-0.03137485, 0.03137485, -0.01861947]
    ],
    "relaxed_lattice": [
        [2.31217742, 2.31217742, 0.0],
        [-4.62478518, 4.62478518, 4.5758936],
        [4.62478518, -4.62478518, 4.5758936]
    ]
}