{
    "atom_type": [
        "N",
        "Zr"
    ],
    "atoms_per_type": [
        3,
        6
    ],
    "coord_mode": "direct",
    "relaxed_basis": [
        [0.5, 0.5, 0.33365364],
        [0.0, 0.0, 0.5],
        [0.5, 0.5, 0.66634636],
        [0.0, 0.0, 0.0],
        [0.5, 0.5, 0.16261798],
        [0.0, 0.0, 0.33289084],
        [0.5, 0.5, 0.5],
        [0.0, 0.0, 0.66710916],
        [0.5, 0.5, 0.83738202]
    ],
    "relaxed_energy": -86.62855672,
    "relaxed_forces": [
        [-0.0, 0.0, 0.08648006],
        [0.0, -0.0, -0.0],
        [0.0, 0.0, -0.08648006],
        [0.0, -0.0, -0.0],
        [-0.0, -0.0, 0.06726784],
        [0.0, -0.0, 0.02314641],
        [0.0, -0.0, -0.0],
        [0.0, -0.0, -0.02314641],
        [0.0, 0.0, -0.06726784]
    ],
    "relaxed_lattice": [
        [2.29657838, 2.29657838, 0.0],
        [2.29657838, -2.29657838, 0.0],
        [0.0, 0.0, -13.69477374]
    ]
}