{
    "atom_type": [
        "N",
        "Zr"
    ],
    "atoms_per_type": [
        3,
        7
    ],
    "coord_mode": "direct",
    "relaxed_basis": [
        [0.64225524, 0.28451058, 0.07124285],
        [0.0714286, 0.1428571, 0.7857143],
        [0.50060186, 0.00120372, 0.50018575],
        [0.00900438, 0.01800876, 0.00160677],
        [0.70701987, 0.41403973, 0.85896889],
        [0.43583723, 0.87167457, 0.71245971],
        [0.13385272, 0.26770554, 0.56982183],
        [0.86399414, 0.72798818, 0.42968802],
        [0.5714286, 0.1428571, 0.2857143],
        [0.27886306, 0.55772612, 0.14174048]
    ],
    "relaxed_energy": -95.39872302,
    "relaxed_forces": [
        [0.00405252, 0.00405252, 0.0127532],
        [-0.0, 0.0, -0.0],
        [-0.00405252, -0.00405252, -0.0127532],
        [-0.00968552, -0.00968552, 0.13317339],
        [-0.00596269, -0.00596269, -0.09465674],
        [0.00596269, 0.00596269, 0.09465674],
        [0.00968552, 0.00968552, -0.13317339],
        [-0.00033267, -0.00033267, -0.02742414],
        [-0.0, 0.0, -0.0],
        [0.00033267, 0.00033267, 0.02742414]
    ],
    "relaxed_lattice": [
        [2.32626585, -2.32626585, 0.0],
        [2.26761358, 4.59387941, -2.25796865],
        [2.33759782, 2.33759782, 9.18134185]
    ]
}