{
    "atom_type": [
        "N",
        "Zr"
    ],
    "atoms_per_type": [
        6,
        7
    ],
    "coord_mode": "direct",
    "relaxed_basis": [
        [0.07075808, 0.643565, 0.78539653],
        [0.643565, 0.78539653, 0.07075808],
        [0.21460347, 0.92924192, 0.356435],
        [0.78539653, 0.07075808, 0.643565],
        [0.356435, 0.21460347, 0.92924192],
        [0.92924192, 0.356435, 0.21460347],
        [0.0, 0.0, 0.0],
        [0.57274246, 0.13264271, 0.27977348],
        [0.13264271, 0.27977348, 0.57274246],
        [0.72022652, 0.42725754, 0.86735729],
        [0.27977348, 0.57274246, 0.13264271],
        [0.86735729, 0.72022652, 0.42725754],
        [0.42725754, 0.86735729, 0.72022652]
    ],
    "relaxed_energy": -131.22319765,
    "relaxed_forces": [
        [-0.00890748, -0.00221422, 0.05239207],
        [0.05239207, -0.00890748, -0.00221422],
        [0.00221422, -0.05239207, 0.00890748],
        [-0.00221422, 0.05239207, -0.00890748],
        [-0.05239207, 0.00890748, 0.00221422],
        [0.00890748, 0.00221422, -0.05239207],
        [0.0, -0.0, -0.0],
        [0.0639505, 0.04327971, -0.0312124],
        [-0.0312124, 0.0639505, 0.04327971],
        [-0.04327971, 0.0312124, -0.0639505],
        [0.04327971, -0.0312124, 0.0639505],
        [0.0312124, -0.0639505, -0.04327971],
        [-0.0639505, -0.04327971, 0.0312124]
    ],
    "relaxed_lattice": [
        [2.30574506, -4.60454514, -2.30111508],
        [-4.60454514, -2.30111508, 2.30574506],
        [-2.30111508, 2.30574506, -4.60454514]
    ]
}