{
    "atom_type": [
        "N",
        "Zr"
    ],
    "atoms_per_type": [
        5,
        8
    ],
    "coord_mode": "direct",
    "relaxed_basis": [
        [0.87595936, 0.87595936, 0.25191873],
        [0.24889608, 0.74889608, 0.99779215],
        [0.625, 0.625, 0.75],
        [0.00110392, 0.50110392, 0.50220785],
        [0.37404064, 0.37404064, 0.24808127],
        [0.00915053, 0.98753608, 0.00737399],
        [0.38182006, 0.85606838, 0.75],
        [0.75177653, 0.73016208, 0.49262601],
        [0.125, 0.625, 0.25],
        [0.49822347, 0.51983792, 0.00737399],
        [0.86817994, 0.39393162, 0.75],
        [0.24084947, 0.26246392, 0.49262601],
        [0.625, 0.125, 0.25]
    ],
    "relaxed_energy": -128.0425815,
    "relaxed_forces": [
        [0.0, 0.00853915, -0.00853915],
        [0.0, 0.01663825, -0.01663825],
        [-0.0, -0.0, -0.0],
        [-0.0, -0.01663825, 0.01663825],
        [-0.0, -0.00853915, 0.00853915],
        [0.00669063, 0.02733341, 0.03962092],
        [-0.01158885, 0.050616, 0.050616],
        [0.00669063, 0.03962092, 0.02733341],
        [-0.0, -0.0, -0.0],
        [-0.00669063, -0.03962092, -0.02733341],
        [0.01158885, -0.050616, -0.050616],
        [-0.00669063, -0.02733341, -0.03962092],
        [-0.0, -0.0, -0.0]
    ],
    "relaxed_lattice": [
        [4.68597025, 2.27271729, 2.27271729],
        [-4.69180262, 2.27915647, 2.27915647],
        [0.00291618, -6.87777955, 2.32590581]
    ]
}