{
    "atom_type": [
        "N",
        "Zr"
    ],
    "atoms_per_type": [
        5,
        8
    ],
    "coord_mode": "direct",
    "relaxed_basis": [
        [0.62461511, 0.24923022, 0.93598536],
        [0.12567804, 0.25135608, 0.68779979],
        [0.37568964, 0.75137928, 0.56361287],
        [0.62377099, 0.24754197, 0.43731706],
        [0.87475635, 0.74951271, 0.31112216],
        [0.00726543, 0.01453086, 0.99837834],
        [0.24133584, 0.48267167, 0.87775622],
        [0.50663283, 0.01326566, 0.74706417],
        [0.74592259, 0.49184519, 0.61979281],
        [0.99907857, 0.99815715, 0.49894128],
        [0.25520451, 0.51040903, 0.37850046],
        [0.49592348, 0.99184695, 0.25651279],
        [0.74912661, 0.49825323, 0.12471669]
    ],
    "relaxed_energy": -127.76761484,
    "relaxed_forces": [
        [0.00162079, -0.00162079, 0.00151329],
        [-0.02908879, 0.02908879, 0.01551277],
        [-0.00907155, 0.00907155, 0.01762586],
        [0.00896492, -0.00896492, 0.00807261],
        [0.02292044, -0.02292044, 0.00549404],
        [-0.00229252, 0.00229252, 0.01238407],
        [-0.00415212, 0.00415212, -0.00470492],
        [-0.03149584, 0.03149584, -0.03828419],
        [-0.01762266, 0.01762266, -0.03754636],
        [0.01509908, -0.01509908, -0.02758728],
        [0.00155523, -0.00155523, 0.05684751],
        [0.02965008, -0.02965008, 0.0129695],
        [0.01391294, -0.01391294, -0.02229689]
    ],
    "relaxed_lattice": [
        [2.31935553, 2.31935553, 0.0],
        [-4.61300135, 2.29364583, 2.29403373],
        [4.60317457, -4.60317457, 9.17249231]
    ]
}