{
    "atom_type": [
        "N",
        "Zr"
    ],
    "atoms_per_type": [
        1,
        8
    ],
    "coord_mode": "direct",
    "relaxed_basis": [
        [0.5, 0.0, 0.5],
        [0.0, 0.0, 0.0],
        [0.5, 0.12508691, 0.75017382],
        [0.0, 0.2450947, 0.5],
        [0.5, 0.3730102, 0.24602041],
        [0.0, 0.5, 0.0],
        [0.5, 0.6269898, 0.75397959],
        [0.0, 0.7549053, 0.5],
        [0.5, 0.87491309, 0.24982618]
    ],
    "relaxed_energy": -79.77192991,
    "relaxed_forces": [
        [0.0, 0.0, 0.0],
        [0.0, 0.0, 0.0],
        [0.0, -0.0, 0.00607659],
        [0.10196976, -0.10196976, 0.0],
        [-0.0, 0.0, -0.21555915],
        [0.0, 0.0, 0.0],
        [0.0, -0.0, 0.21555915],
        [-0.10196976, 0.10196976, -0.0],
        [-0.0, 0.0, -0.00607659]
    ],
    "relaxed_lattice": [
        [2.28789925, 2.28789925, 0.0],
        [-4.55433648, 4.55433648, -0.0],
        [2.27716825, -2.27716825, 9.17367283]
    ]
}