{
    "atom_type": [
        "N",
        "Zr"
    ],
    "atoms_per_type": [
        5,
        8
    ],
    "coord_mode": "direct",
    "relaxed_basis": [
        [0.49806822, 0.50397303, 0.49989053],
        [0.00193178, 0.24602697, 0.75010947],
        [0.50109607, 0.99690482, 0.00090304],
        [0.75, 0.375, 0.125],
        [0.99890393, 0.75309518, 0.24909696],
        [0.99138584, 0.01532854, 0.00189977],
        [0.25, 0.375, 0.125],
        [0.50861416, 0.73467146, 0.24810023],
        [0.74936798, 0.1299011, 0.37136294],
        [0.9975555, 0.50087988, 0.50400912],
        [0.25, 0.875, 0.625],
        [0.5024445, 0.24912012, 0.74599088],
        [0.75063202, 0.6200989, 0.87863706]
    ],
    "relaxed_energy": -127.55974727,
    "relaxed_forces": [
        [0.0, 0.01369478, -0.00472611],
        [-0.0, -0.01369478, 0.00472611],
        [-0.0, -0.01156208, 0.00374803],
        [-0.0, 0.0, 0.0],
        [0.0, 0.01156208, -0.00374803],
        [0.0, 0.04367124, -0.0156217],
        [-0.0, 0.0, 0.0],
        [-0.0, -0.04367124, 0.0156217],
        [0.0, 0.03671051, -0.02117686],
        [0.0, 0.04673095, 0.03540348],
        [-0.0, 0.0, 0.0],
        [-0.0, -0.04673095, -0.03540348],
        [-0.0, -0.03671051, 0.02117686]
    ],
    "relaxed_lattice": [
        [4.60726509, -0.0, -0.0],
        [2.30363255, 4.58060448, -2.31253025],
        [2.30363255, 4.56809662, 6.91269135]
    ]
}