{
    "atom_type": [
        "N",
        "Zr"
    ],
    "atoms_per_type": [
        5,
        7
    ],
    "coord_mode": "direct",
    "relaxed_basis": [
        [0.9285714, 0.9285714, 0.8571429],
        [0.6428686, 0.6428686, 0.28573731],
        [0.49881925, 0.49881925, 0.99763849],
        [0.35832365, 0.35832365, 0.71664721],
        [0.2142742, 0.2142742, 0.42854839],
        [0.00090431, 0.00090431, 0.00180862],
        [0.85623859, 0.85623859, 0.71247708],
        [0.71264741, 0.71264741, 0.42529481],
        [0.57124898, 0.57124898, 0.14249786],
        [0.4285714, 0.4285714, 0.8571429],
        [0.28589392, 0.28589392, 0.57178784],
        [0.14449539, 0.14449539, 0.28899089]
    ],
    "relaxed_energy": -119.19040501,
    "relaxed_forces": [
        [-0.0, -0.0, -0.0],
        [0.0, -0.0, -0.03690976],
        [0.0, -0.0, -0.12416505],
        [-0.0, -0.0, 0.12416505],
        [-0.0, -0.0, 0.03690976],
        [-0.0, -0.0, 0.11038523],
        [0.0, -0.0, -0.11038523],
        [-0.0, -0.0, -0.11299117],
        [0.0, -0.0, -0.03171477],
        [-0.0, 0.0, -0.0],
        [-0.0, -0.0, 0.03171477],
        [0.0, -0.0, 0.11299117]
    ],
    "relaxed_lattice": [
        [2.29793519, -2.29793519, 0.0],
        [2.29793519, 2.29793519, 0.0],
        [-2.29793519, 0.0, 16.11018858]
    ]
}