{
    "atom_type": [
        "N",
        "Zr"
    ],
    "atoms_per_type": [
        5,
        6
    ],
    "coord_mode": "direct",
    "relaxed_basis": [
        [0.00065809, 0.75037713, 0.24830669],
        [0.33284436, 0.25273943, 0.08157175],
        [0.6666667, 0.75, 0.9166667],
        [0.00048894, 0.24726057, 0.75176155],
        [0.33267521, 0.74962287, 0.58502661],
        [0.99696007, 0.00237098, 0.00370887],
        [0.33637323, 0.49762902, 0.82962443],
        [0.66711058, 0.99755984, 0.6682191],
        [0.99083758, 0.51516396, 0.50316089],
        [0.34249572, 0.98483604, 0.33017241],
        [0.66622282, 0.50244016, 0.1651143]
    ],
    "relaxed_energy": -110.70557514,
    "relaxed_forces": [
        [-0.07758949, -0.07758949, 0.01284619],
        [-0.01386158, -0.01386158, -0.02333129],
        [-0.0, 0.0, -0.0],
        [0.01386158, 0.01386158, 0.02333129],
        [0.07758949, 0.07758949, -0.01284619],
        [0.01002534, 0.01002534, 0.02457456],
        [-0.01002534, -0.01002534, -0.02457456],
        [0.03654913, 0.03654913, -0.01804085],
        [0.08579122, 0.08579122, 0.00279037],
        [-0.08579122, -0.08579122, -0.00279037],
        [-0.03654913, -0.03654913, 0.01804085]
    ],
    "relaxed_lattice": [
        [2.30654804, -2.30654804, -0.0],
        [4.60468893, 2.29814089, -2.28021252],
        [4.62560273, 2.3190547, 6.90323764]
    ]
}