{
    "atom_type": [
        "N",
        "Zr"
    ],
    "atoms_per_type": [
        6,
        8
    ],
    "coord_mode": "direct",
    "relaxed_basis": [
        [0.5625, 0.5625, 0.3125],
        [0.31231532, 0.31231532, 0.06305404],
        [0.1874551, 0.1874551, 0.43763471],
        [0.0625, 0.0625, 0.8125],
        [0.9375449, 0.9375449, 0.18736529],
        [0.81268468, 0.81268468, 0.56194596],
        [0.99925809, 0.99925809, 0.00222572],
        [0.87547236, 0.87547236, 0.37358293],
        [0.74891809, 0.74891809, 0.75324574],
        [0.62569729, 0.62569729, 0.12290814],
        [0.49930271, 0.49930271, 0.50209186],
        [0.37608191, 0.37608191, 0.87175426],
        [0.24952764, 0.24952764, 0.25141707],
        [0.12574191, 0.12574191, 0.62277428]
    ],
    "relaxed_energy": -139.39764704,
    "relaxed_forces": [
        [0.0, 0.0, 0.0],
        [-0.01494714, -0.01494714, 0.01494714],
        [0.01013815, 0.01013815, -0.01013815],
        [0.0, 0.0, 0.0],
        [-0.01013815, -0.01013815, 0.01013815],
        [0.01494714, 0.01494714, -0.01494714],
        [-0.02655745, -0.02655745, 0.02655745],
        [-0.01429496, -0.01429496, 0.01429496],
        [-0.01976323, -0.01976323, 0.01976323],
        [-0.00033854, -0.00033854, 0.00033854],
        [0.00033854, 0.00033854, -0.00033854],
        [0.01976323, 0.01976323, -0.01976323],
        [0.01429496, 0.01429496, -0.01429496],
        [0.02655745, 0.02655745, -0.02655745]
    ],
    "relaxed_lattice": [
        [2.30521848, 0.0, 2.30521848],
        [0.0, 2.30521848, 2.30521848],
        [-11.46655539, -11.46655539, 13.77177387]
    ]
}