{
    "atom_type": [
        "N",
        "Zr"
    ],
    "atoms_per_type": [
        2,
        6
    ],
    "coord_mode": "direct",
    "relaxed_basis": [
        [0.66642698, 0.75218289, 0.91496325],
        [0.33357302, 0.74781711, 0.58503675],
        [0.00471104, 0.98829537, 0.00228256],
        [0.32421468, 0.51746721, 0.83410332],
        [0.67578532, 0.98253279, 0.66589668],
        [0.99528896, 0.51170463, 0.49771744],
        [0.32971796, 0.00642869, 0.3341353],
        [0.67028204, 0.49357131, 0.1658647]
    ],
    "relaxed_energy": -74.81425619,
    "relaxed_forces": [
        [0.04050779, 0.04050779, -0.02489877],
        [-0.04050779, -0.04050779, 0.02489877],
        [0.03838983, 0.03838983, 0.13692444],
        [-0.03285404, -0.03285404, 0.07024652],
        [0.03285404, 0.03285404, -0.07024652],
        [-0.03838983, -0.03838983, -0.13692444],
        [0.10059995, 0.10059995, -0.04282242],
        [-0.10059995, -0.10059995, 0.04282242]
    ],
    "relaxed_lattice": [
        [2.30097692, -2.30097692, -0.0],
        [4.56004016, 2.25906325, -2.28989796],
        [4.59399685, 2.29301994, 6.97147493]
    ]
}