{
    "atom_type": [
        "N",
        "Zr"
    ],
    "atoms_per_type": [
        2,
        6
    ],
    "coord_mode": "direct",
    "relaxed_basis": [
        [0.0, 0.0, 0.49809019],
        [0.5, 0.5, 0.66857651],
        [0.0, 0.0, 0.00056867],
        [0.5, 0.5, 0.16609803],
        [0.0, 0.0, 0.32982778],
        [0.5, 0.5, 0.50313753],
        [0.0, 0.0, 0.66352917],
        [0.5, 0.5, 0.83683882]
    ],
    "relaxed_energy": -74.85164891,
    "relaxed_forces": [
        [0.0, 0.0, 0.10928602],
        [-0.0, -0.0, -0.10928602],
        [0.0, 0.0, -0.08733224],
        [-0.0, -0.0, 0.08733224],
        [-0.0, 0.0, 0.18504061],
        [-0.0, -0.0, -0.0316007],
        [0.0, 0.0, 0.0316007],
        [0.0, -0.0, -0.18504061]
    ],
    "relaxed_lattice": [
        [2.29298022, 2.29298022, 0.0],
        [2.29298022, -2.29298022, 0.0],
        [0.0, 0.0, -13.55038714]
    ]
}