{
    "atom_type": [
        "N",
        "Zr"
    ],
    "atoms_per_type": [
        4,
        6
    ],
    "coord_mode": "direct",
    "relaxed_basis": [
        [0.33236609, 0.25233725, 0.08293048],
        [0.66798802, 0.7472742, 0.91674985],
        [0.99867868, 0.2527258, 0.74991685],
        [0.33430051, 0.74766275, 0.58373612],
        [0.99630731, 0.01086816, 0.99651723],
        [0.3333333, 0.5, 0.8333333],
        [0.67035939, 0.98913184, 0.67014947],
        [0.99129913, 0.51105046, 0.50635127],
        [0.3333333, 0.0, 0.3333333],
        [0.67536757, 0.48894954, 0.16031543]
    ],
    "relaxed_energy": -98.70801411,
    "relaxed_forces": [
        [-0.00814993, -0.00814993, 0.0246033],
        [0.00727296, 0.00727296, 0.08736345],
        [-0.00727296, -0.00727296, -0.08736345],
        [0.00814993, 0.00814993, -0.0246033],
        [-0.02577299, -0.02577299, -0.05889204],
        [0.0, 0.0, 0.0],
        [0.02577299, 0.02577299, 0.05889204],
        [0.07180767, 0.07180767, 0.04996483],
        [0.0, 0.0, 0.0],
        [-0.07180767, -0.07180767, -0.04996483]
    ],
    "relaxed_lattice": [
        [2.31439889, -2.31439889, 0.0],
        [4.61475937, 2.30036049, -2.30396982],
        [4.60416666, 2.28976779, 6.8801492]
    ]
}