{
    "atom_type": [
        "N",
        "Zr"
    ],
    "atoms_per_type": [
        2,
        4
    ],
    "coord_mode": "direct",
    "relaxed_basis": [
        [0.0, 0.5, 0.49915038],
        [0.5, 0.0, 0.75084962],
        [0.0, 0.0, 0.99144568],
        [0.5, 0.5, 0.25855432],
        [0.0, 0.0, 0.51214721],
        [0.5, 0.5, 0.73785279]
    ],
    "relaxed_energy": -57.88978182,
    "relaxed_forces": [
        [0.08694967, 0.0, -0.08694967],
        [-0.08694967, 0.0, 0.08694967],
        [0.04131128, 0.0, -0.04131128],
        [-0.04131128, 0.0, 0.04131128],
        [-0.01795573, 0.0, 0.01795573],
        [0.01795573, 0.0, -0.01795573]
    ],
    "relaxed_lattice": [
        [2.30624378, 0.0, 2.30624378],
        [0.0, 4.60072476, 0.0],
        [-4.58624812, 0.0, 4.58624812]
    ]
}