{
    "atom_type": [
        "N",
        "Zr"
    ],
    "atoms_per_type": [
        5,
        7
    ],
    "coord_mode": "direct",
    "relaxed_basis": [
        [0.8568125, 0.71362491, 0.06989763],
        [0.4289018, 0.85780369, 0.78724527],
        [0.57027793, 0.14055576, 0.21496983],
        [0.1428571, 0.2857143, 0.9285714],
        [0.71543637, 0.43087274, 0.64217297],
        [0.99988426, 0.99976853, 0.00137456],
        [0.57453642, 0.14907273, 0.72257908],
        [0.1428571, 0.2857143, 0.4285714],
        [0.71117788, 0.42235577, 0.13456372],
        [0.28583004, 0.57166007, 0.85576834],
        [0.86028802, 0.72057593, 0.58080256],
        [0.42542628, 0.85085267, 0.27634034]
    ],
    "relaxed_energy": -119.09452694,
    "relaxed_forces": [
        [-0.04272346, -0.08052691, -0.04272346],
        [0.04272346, 0.08052691, 0.04272346],
        [0.01656591, -0.09166343, 0.01656591],
        [-0.0, 0.0, 0.0],
        [-0.01656591, 0.09166343, -0.01656591],
        [0.00685032, -0.04778007, 0.00685032],
        [0.08059914, 0.03565666, 0.08059914],
        [-0.0, 0.0, 0.0],
        [-0.08059914, -0.03565666, -0.08059914],
        [-0.00685032, 0.04778007, -0.00685032],
        [0.08575502, 0.08836502, 0.08575502],
        [-0.08575502, -0.08836502, -0.08575502]
    ],
    "relaxed_lattice": [
        [2.31838786, 0.0, -2.31838786],
        [0.00339015, 6.84686232, 2.32177801],
        [4.62418513, -4.55572493, 4.62418513]
    ]
}