{
    "atom_type": [
        "N",
        "Zr"
    ],
    "atoms_per_type": [
        3,
        8
    ],
    "coord_mode": "direct",
    "relaxed_basis": [
        [0.0, 0.625, 0.875],
        [0.5, 0.125, 0.875],
        [0.0, 0.125, 0.375],
        [0.0, 0.99319532, 0.99162342],
        [0.5, 0.00349086, 0.49272592],
        [0.5, 0.24650914, 0.25727408],
        [0.0, 0.25680468, 0.75837658],
        [0.0, 0.49806054, 0.49655773],
        [0.5, 0.49895051, 0.99625594],
        [0.5, 0.75104949, 0.75374406],
        [0.0, 0.75193946, 0.25344227]
    ],
    "relaxed_energy": -103.78765559,
    "relaxed_forces": [
        [0.0, 0.0, -0.0],
        [0.0, 0.0, -0.0],
        [0.0, 0.0, -0.0],
        [-0.00840452, -0.04339926, 0.00840452],
        [-0.03394136, 0.05867148, 0.03394136],
        [0.03394136, -0.05867148, -0.03394136],
        [0.00840452, 0.04339926, -0.00840452],
        [0.02196792, 0.01416204, -0.02196792],
        [-0.04232732, -0.01004622, 0.04232732],
        [0.04232732, 0.01004622, -0.04232732],
        [-0.02196792, -0.01416204, 0.02196792]
    ],
    "relaxed_lattice": [
        [2.3033525, 0.0, 2.3033525],
        [2.30034116, 4.67057715, -2.30034116],
        [-6.81240138, 4.58176898, 6.81240138]
    ]
}