{
    "atom_type": [
        "N",
        "Zr"
    ],
    "atoms_per_type": [
        5,
        8
    ],
    "coord_mode": "direct",
    "relaxed_basis": [
        [0.0, 0.62524322, 0.74813325],
        [0.5, 0.74879795, 0.50020228],
        [0.0, 0.875, 0.25],
        [0.5, 0.00120205, 0.99979772],
        [0.0, 0.12475678, 0.75186675],
        [0.0, 0.98876957, 0.99791984],
        [0.5, 0.11209284, 0.75279232],
        [0.0, 0.2488626, 0.5071201],
        [0.5, 0.375, 0.25],
        [0.0, 0.5011374, 0.9928799],
        [0.5, 0.63790716, 0.74720768],
        [0.0, 0.76123043, 0.50208016],
        [0.5, 0.875, 0.25]
    ],
    "relaxed_energy": -127.96067653,
    "relaxed_forces": [
        [0.0, -0.00272348, -0.03179684],
        [0.0, 0.0070837, -0.02815724],
        [0.0, -0.0, -0.0],
        [0.0, -0.0070837, 0.02815724],
        [0.0, 0.00272348, 0.03179684],
        [0.0, -0.00335931, 0.01810682],
        [0.0, 0.00273067, 0.02930887],
        [0.0, 0.00507032, 0.01059963],
        [0.0, -0.0, -0.0],
        [0.0, -0.00507032, -0.01059963],
        [0.0, -0.00273067, -0.02930887],
        [0.0, 0.00335931, -0.01810682],
        [0.0, -0.0, -0.0]
    ],
    "relaxed_lattice": [
        [4.59310551, 0.0, 0.0],
        [0.0, 4.57901904, -4.64481957],
        [0.0, 2.28146308, 6.95944407]
    ]
}