{
    "atom_type": [
        "N",
        "Zr"
    ],
    "atoms_per_type": [
        3,
        8
    ],
    "coord_mode": "direct",
    "relaxed_basis": [
        [0.3125, 0.4375, 0.625],
        [0.68800296, 0.56261797, 0.37600591],
        [0.93699704, 0.31238203, 0.87399409],
        [0.00138793, 0.00341972, 0.00277585],
        [0.12666974, 0.37871393, 0.25333947],
        [0.24731458, 0.73647388, 0.49462916],
        [0.37768542, 0.13852612, 0.75537084],
        [0.49833026, 0.49628607, 0.99666053],
        [0.62361207, 0.87158028, 0.24722415],
        [0.75076866, 0.26450808, 0.50153732],
        [0.87423134, 0.61049192, 0.74846268]
    ],
    "relaxed_energy": -103.73854133,
    "relaxed_forces": [
        [0.0, -0.0, -0.0],
        [-0.02502043, 0.01840008, -0.02502043],
        [0.02502043, -0.01840008, 0.02502043],
        [0.05608903, -0.05991873, 0.05608903],
        [-0.01016007, -0.02217593, -0.01016007],
        [0.00115943, 0.08558949, 0.00115943],
        [-0.00115943, -0.08558949, -0.00115943],
        [0.01016007, 0.02217593, 0.01016007],
        [-0.05608903, 0.05991873, -0.05608903],
        [-0.00462103, -0.04120923, -0.00462103],
        [0.00462103, 0.04120923, 0.00462103]
    ],
    "relaxed_lattice": [
        [2.31101668, 0.0, -2.31101668],
        [2.28036017, 4.59528562, 2.28036017],
        [4.58828941, -6.93579198, 6.89930609]
    ]
}