{
    "atom_type": [
        "N",
        "Zr"
    ],
    "atoms_per_type": [
        6,
        8
    ],
    "coord_mode": "direct",
    "relaxed_basis": [
        [0.3128321, 0.43896056, 0.62566419],
        [0.43730035, 0.81197845, 0.87460069],
        [0.56253018, 0.18456782, 0.12506036],
        [0.68746982, 0.56543218, 0.37493964],
        [0.81269965, 0.93802155, 0.62539931],
        [0.9371679, 0.31103944, 0.87433581],
        [0.00057223, 0.00901905, 0.00114446],
        [0.125, 0.375, 0.25],
        [0.24942777, 0.74098095, 0.49885554],
        [0.3754536, 0.1226009, 0.75090719],
        [0.4979003, 0.49219426, 0.9958006],
        [0.625, 0.875, 0.25],
        [0.7520997, 0.25780574, 0.5041994],
        [0.8745464, 0.6273991, 0.74909281]
    ],
    "relaxed_energy": -139.63231929,
    "relaxed_forces": [
        [0.04145446, -0.02414165, 0.04145446],
        [0.01537413, -0.04206564, 0.01537413],
        [-0.02290525, -0.02065919, -0.02290525],
        [0.02290525, 0.02065919, 0.02290525],
        [-0.01537413, 0.04206564, -0.01537413],
        [-0.04145446, 0.02414165, -0.04145446],
        [0.00667733, 0.01647205, 0.00667733],
        [0.0, 0.0, -0.0],
        [-0.00667733, -0.01647205, -0.00667733],
        [-0.00439999, -0.06031523, -0.00439999],
        [-0.07090713, 0.01350025, -0.07090713],
        [0.0, 0.0, -0.0],
        [0.07090713, -0.01350025, 0.07090713],
        [0.00439999, 0.06031523, 0.00439999]
    ],
    "relaxed_lattice": [
        [2.30796665, 0.0, -2.30796665],
        [2.29520403, 4.568171, 2.29520403],
        [4.62058471, -6.8888579, 6.92855136]
    ]
}