{
    "atom_type": [
        "N",
        "Zr"
    ],
    "atoms_per_type": [
        3,
        8
    ],
    "coord_mode": "direct",
    "relaxed_basis": [
        [0.0, 0.0, 0.37310188],
        [0.0, 0.0, 0.62453464],
        [0.5, 0.5, 0.7508278],
        [0.0, 0.0, 0.00044596],
        [0.5, 0.5, 0.12488338],
        [0.0, 0.0, 0.24885135],
        [0.5, 0.5, 0.37590787],
        [0.0, 0.0, 0.49868811],
        [0.5, 0.5, 0.62730553],
        [0.0, 0.0, 0.7472745],
        [0.5, 0.5, 0.87817899]
    ],
    "relaxed_energy": -103.75846069,
    "relaxed_forces": [
        [0.0, 0.0, 0.207182],
        [0.0, 0.0, 0.04606869],
        [-0.0, -0.0, -0.15688685],
        [0.0, 0.0, -0.11119107],
        [0.0, 0.0, 0.03495841],
        [-0.0, -0.0, 0.15171201],
        [-0.0, 0.0, -0.03715856],
        [0.0, 0.0, 0.08227583],
        [-0.0, -0.0, -0.01917],
        [0.0, 0.0, -0.02700045],
        [0.0, 0.0, -0.17079]
    ],
    "relaxed_lattice": [
        [2.29628161, 2.29628161, 0.0],
        [2.29628161, -2.29628161, 0.0],
        [0.0, 0.0, -18.07551688]
    ]
}