{
    "atom_type": [
        "N",
        "Zr"
    ],
    "atoms_per_type": [
        3,
        8
    ],
    "coord_mode": "direct",
    "relaxed_basis": [
        [0.0625, 0.5625, 0.3125],
        [0.93635604, 0.43949641, 0.68779152],
        [0.18864396, 0.68550359, 0.93720848],
        [0.99700746, 0.00281384, 0.00317124],
        [0.62312023, 0.62704942, 0.12671012],
        [0.25161784, 0.2461183, 0.25064602],
        [0.87338216, 0.8788817, 0.37435398],
        [0.50187977, 0.49795058, 0.49828988],
        [0.12799254, 0.12218616, 0.62182876],
        [0.74765713, 0.74444111, 0.76024462],
        [0.37734287, 0.38055889, 0.86475538]
    ],
    "relaxed_energy": -103.61210831,
    "relaxed_forces": [
        [-0.0, 0.0, 0.0],
        [0.11160457, -0.04618093, -0.11160457],
        [-0.11160457, 0.04618093, 0.11160457],
        [-0.01227367, 0.17536056, 0.01227367],
        [-0.03452832, -0.01157491, 0.03452832],
        [0.03012498, -0.07858074, -0.03012498],
        [-0.03012498, 0.07858074, 0.03012498],
        [0.03452832, 0.01157491, -0.03452832],
        [0.01227367, -0.17536056, -0.01227367],
        [-0.01469271, 0.14836336, 0.01469271],
        [0.01469271, -0.14836336, -0.01469271]
    ],
    "relaxed_lattice": [
        [2.3082061, 0.0, 2.3082061],
        [2.30754804, 6.78258163, 0.00065806],
        [-4.60559654, 2.25805344, 6.91380264]
    ]
}