{
    "atom_type": [
        "N",
        "Zr"
    ],
    "atoms_per_type": [
        2,
        8
    ],
    "coord_mode": "direct",
    "relaxed_basis": [
        [0.5, 0.75052929, 0.00105859],
        [0.5, 0.99947071, 0.49894141],
        [0.0, 0.99428681, 0.00144082],
        [0.5, 0.12286954, 0.74573909],
        [0.0, 0.24284599, 0.49855918],
        [0.5, 0.375, 0.25],
        [0.0, 0.50715401, 0.00144082],
        [0.5, 0.62713046, 0.75426091],
        [0.0, 0.75571319, 0.49855918],
        [0.5, 0.875, 0.25]
    ],
    "relaxed_energy": -91.79411756,
    "relaxed_forces": [
        [0.0, -0.0, 0.01509721],
        [-0.0, 0.0, -0.01509721],
        [0.02629307, -0.02629307, 0.01569483],
        [-0.0, 0.0, -0.11665958],
        [0.02629307, -0.02629307, -0.01569483],
        [0.0, -0.0, 0.0],
        [-0.02629307, 0.02629307, 0.01569483],
        [0.0, -0.0, 0.11665958],
        [-0.02629307, 0.02629307, -0.01569483],
        [0.0, -0.0, 0.0]
    ],
    "relaxed_lattice": [
        [2.2772313, 2.2772313, 0.0],
        [-4.54129831, 4.54129831, -0.0],
        [2.27064916, -2.27064916, 9.30818514]
    ]
}