{
    "atom_type": [
        "N",
        "Zr"
    ],
    "atoms_per_type": [
        4,
        8
    ],
    "coord_mode": "direct",
    "relaxed_basis": [
        [0.875, 0.875, 0.75],
        [0.25334266, 0.75334266, 0.50668531],
        [0.375, 0.375, 0.75],
        [0.49665734, 0.99665734, 0.99331469],
        [0.99885082, 0.99885082, 0.99770163],
        [0.13208932, 0.63208932, 0.26417864],
        [0.25114918, 0.25114918, 0.50229837],
        [0.375, 0.875, 0.75],
        [0.49885082, 0.49885082, 0.99770163],
        [0.61791068, 0.11791068, 0.23582136],
        [0.75114918, 0.75114918, 0.50229837],
        [0.875, 0.375, 0.75]
    ],
    "relaxed_energy": -115.64589246,
    "relaxed_forces": [
        [0.0, -0.0, -0.0],
        [0.0, 0.0, -0.02907535],
        [-0.0, 0.0, -0.0],
        [-0.0, -0.0, 0.02907535],
        [0.0, 0.0, -0.03491235],
        [-0.0, -0.0, 0.02046629],
        [-0.0, -0.0, 0.03491235],
        [-0.0, 0.0, -0.0],
        [0.0, 0.0, -0.03491235],
        [0.0, 0.0, -0.02046629],
        [-0.0, -0.0, 0.03491235],
        [0.0, 0.0, -0.0]
    ],
    "relaxed_lattice": [
        [4.55303676, 0.0, -0.0],
        [0.0, 4.55303676, -0.0],
        [-2.27651839, -2.27651839, 9.40425792]
    ]
}