{
    "atom_type": [
        "N",
        "Zr"
    ],
    "atoms_per_type": [
        2,
        6
    ],
    "coord_mode": "direct",
    "relaxed_basis": [
        [0.99984753, 0.25225552, 0.74804942],
        [0.33348577, 0.74774448, 0.58528388],
        [0.99714317, 0.99983943, 0.00587423],
        [0.34329939, 0.48549008, 0.82791104],
        [0.6666667, 0.0, 0.6666667],
        [0.99003391, 0.51450992, 0.50542226],
        [0.33619013, 0.00016057, 0.32745907],
        [0.6666667, 0.5, 0.1666667]
    ],
    "relaxed_energy": -74.77388862,
    "relaxed_forces": [
        [-0.09276912, -0.09276912, 0.00586015],
        [0.09276912, 0.09276912, -0.00586015],
        [-0.03071265, -0.03071265, 0.13431647],
        [-0.04074286, -0.04074286, 0.13623057],
        [-0.0, 0.0, -0.0],
        [0.04074286, 0.04074286, -0.13623057],
        [0.03071265, 0.03071265, -0.13431647],
        [-0.0, 0.0, -0.0]
    ],
    "relaxed_lattice": [
        [2.30573758, -2.30573758, -0.0],
        [4.59907213, 2.29333457, -2.25901583],
        [4.60865809, 2.30292053, 6.80660671]
    ]
}