{
    "atom_type": [
        "N",
        "Zr"
    ],
    "atoms_per_type": [
        1,
        6
    ],
    "coord_mode": "direct",
    "relaxed_basis": [
        [0.6666667, 0.3333333, 0.4166667],
        [0.0, 0.0, 0.99967695],
        [0.3333333, 0.6666667, 0.83365635],
        [0.6666667, 0.3333333, 0.6701192],
        [0.0, 0.0, 0.49729455],
        [0.3333333, 0.6666667, 0.33603875],
        [0.6666667, 0.3333333, 0.1632142]
    ],
    "relaxed_energy": -62.8093521,
    "relaxed_forces": [
        [-0.0, -0.0, -0.0],
        [-0.01524841, -0.01524841, -0.01524841],
        [0.01524841, 0.01524841, 0.01524841],
        [0.06093293, 0.06093293, 0.06093293],
        [-0.04720219, -0.04720219, -0.04720219],
        [0.04720219, 0.04720219, 0.04720219],
        [-0.06093293, -0.06093293, -0.06093293]
    ],
    "relaxed_lattice": [
        [2.29409684, 0.0, -2.29409684],
        [-2.29409684, 2.29409684, 0.0],
        [9.08798523, 9.08798523, 9.08798523]
    ]
}