{
    "atom_type": [
        "N",
        "Zr"
    ],
    "atoms_per_type": [
        5,
        8
    ],
    "coord_mode": "direct",
    "relaxed_basis": [
        [0.37433779, 0.74867558, 0.06195285],
        [0.87566221, 0.75132442, 0.81304715],
        [0.3753531, 0.7507062, 0.56232134],
        [0.625, 0.25, 0.4375],
        [0.8746469, 0.7492938, 0.31267866],
        [0.99249438, 0.98498876, 0.00045428],
        [0.25750562, 0.51501124, 0.87454572],
        [0.49202605, 0.9840521, 0.75050894],
        [0.75593607, 0.51187214, 0.62311086],
        [0.99758413, 0.99516826, 0.49429076],
        [0.25241587, 0.50483174, 0.38070924],
        [0.49406393, 0.98812786, 0.25188914],
        [0.75797395, 0.5159479, 0.12449106]
    ],
    "relaxed_energy": -127.97950684,
    "relaxed_forces": [
        [0.01479968, -0.01479968, -0.00756009],
        [-0.01479968, 0.01479968, 0.00756009],
        [-0.10832017, 0.10832017, 0.05463362],
        [-0.0, 0.0, 0.0],
        [0.10832017, -0.10832017, -0.05463362],
        [0.01225643, -0.01225643, 0.17314039],
        [-0.01225643, 0.01225643, -0.17314039],
        [-0.01372607, 0.01372607, -0.03130362],
        [-0.03420431, 0.03420431, -0.04177318],
        [-0.07987185, 0.07987185, 0.03434937],
        [0.07987185, -0.07987185, -0.03434937],
        [0.03420431, -0.03420431, 0.04177318],
        [0.01372607, -0.01372607, 0.03130362]
    ],
    "relaxed_lattice": [
        [2.31557835, 2.31557835, -0.0],
        [-4.60180937, 2.28623104, 2.27284862],
        [4.62771642, -4.62771642, 9.1984017]
    ]
}