{
    "atom_type": [
        "N",
        "Zr"
    ],
    "atoms_per_type": [
        4,
        8
    ],
    "coord_mode": "direct",
    "relaxed_basis": [
        [0.24968743, 0.74968743, 0.99937486],
        [0.62515215, 0.62515215, 0.75030429],
        [0.99984785, 0.49984785, 0.49969571],
        [0.37531257, 0.37531257, 0.25062514],
        [0.01272055, 0.98877649, 0.00069076],
        [0.38339521, 0.85704963, 0.75142964],
        [0.75696557, 0.73061998, 0.49857036],
        [0.13702978, 0.61308572, 0.24930924],
        [0.48797022, 0.51191428, 0.00069076],
        [0.86803443, 0.39438002, 0.75142964],
        [0.24160479, 0.26795037, 0.49857036],
        [0.61227945, 0.13622351, 0.24930924]
    ],
    "relaxed_energy": -116.18802491,
    "relaxed_forces": [
        [-0.0, 0.03034902, -0.03034902],
        [-0.0, 0.02403933, -0.02403933],
        [0.0, -0.02403933, 0.02403933],
        [0.0, -0.03034902, 0.03034902],
        [0.01614302, 0.01810613, -0.00332536],
        [0.02493204, -0.00662395, 0.0008096],
        [0.02493204, 0.0008096, -0.00662395],
        [0.01614302, -0.00332536, 0.01810613],
        [-0.01614302, 0.00332536, -0.01810613],
        [-0.02493204, -0.0008096, 0.00662395],
        [-0.02493204, 0.00662395, -0.0008096],
        [-0.01614302, -0.01810613, 0.00332536]
    ],
    "relaxed_lattice": [
        [4.78117384, 2.2591456, 2.2591456],
        [-4.77286816, 2.25334228, 2.25334228],
        [-0.00415284, -6.83641759, 2.32392972]
    ]
}