{
    "atom_type": [
        "N",
        "Zr"
    ],
    "atoms_per_type": [
        3,
        8
    ],
    "coord_mode": "direct",
    "relaxed_basis": [
        [0.0, 0.74950127, 0.74922939],
        [0.0, 0.99922939, 0.49950127],
        [0.5, 0.1234708, 0.8734708],
        [0.0, 0.00111665, 0.99145863],
        [0.5, 0.12296928, 0.37998716],
        [0.0, 0.24145863, 0.75111665],
        [0.5, 0.37945837, 0.12945837],
        [0.0, 0.49913858, 0.49785922],
        [0.5, 0.62998716, 0.87296928],
        [0.0, 0.74785922, 0.24913858],
        [0.5, 0.88081064, 0.63081064]
    ],
    "relaxed_energy": -103.58157969,
    "relaxed_forces": [
        [-0.00417131, 0.00417131, -0.08469702],
        [0.00417131, -0.00417131, -0.08469702],
        [0.0, 0.0, 0.13512038],
        [-0.02300566, 0.02300566, 0.05090278],
        [0.08106521, -0.08106521, 0.0027917],
        [0.02300566, -0.02300566, 0.05090278],
        [0.0, 0.0, 0.14643954],
        [-0.02465053, 0.02465053, -0.04530572],
        [-0.08106521, 0.08106521, 0.0027917],
        [0.02465053, -0.02465053, -0.04530572],
        [0.0, 0.0, -0.12894341]
    ],
    "relaxed_lattice": [
        [2.29782066, 2.29782066, 0.0],
        [-4.59570834, 4.59570834, 4.58748173],
        [4.59570834, -4.59570834, 4.58748173]
    ]
}