{
    "atom_type": [
        "N",
        "Zr"
    ],
    "atoms_per_type": [
        1,
        5
    ],
    "coord_mode": "direct",
    "relaxed_basis": [
        [0.9, 0.4, 0.8],
        [0.99161387, 0.01556197, 0.0012103],
        [0.19282417, 0.1987897, 0.41556197],
        [0.4, 0.4, 0.8],
        [0.60717583, 0.6012103, 0.18443803],
        [0.80838613, 0.78443803, 0.5987897]
    ],
    "relaxed_energy": -54.45630842,
    "relaxed_forces": [
        [0.0, 0.0, -0.0],
        [0.0, -0.00528717, 0.0587734],
        [-0.0, -0.0587734, -0.00528717],
        [-0.0, 0.0, -0.0],
        [0.0, 0.0587734, 0.00528717],
        [-0.0, 0.00528717, -0.0587734]
    ],
    "relaxed_lattice": [
        [4.47552432, 0.0, 0.0],
        [2.23776216, 4.64257505, 2.32128753],
        [2.23776216, -2.32128753, 4.64257505]
    ]
}