{
    "atom_type": [
        "N",
        "Zr"
    ],
    "atoms_per_type": [
        2,
        6
    ],
    "coord_mode": "direct",
    "relaxed_basis": [
        [0.5, 0.0, 0.50089392],
        [0.5, 0.0, 0.83243938],
        [0.0, 0.0, 0.99515336],
        [0.5, 0.5, 0.1666667],
        [0.0, 0.0, 0.33817994],
        [0.5, 0.5, 0.49640481],
        [0.0, 0.0, 0.6666667],
        [0.5, 0.5, 0.83692849]
    ],
    "relaxed_energy": -74.81774644,
    "relaxed_forces": [
        [-0.01314943, 0.0, 0.01314943],
        [0.01314943, 0.0, -0.01314943],
        [0.01856556, 0.0, -0.01856556],
        [0.0, 0.0, -0.0],
        [-0.01856556, 0.0, 0.01856556],
        [0.02740876, 0.0, -0.02740876],
        [0.0, 0.0, -0.0],
        [-0.02740876, 0.0, 0.02740876]
    ],
    "relaxed_lattice": [
        [2.29163563, 0.0, 2.29163563],
        [0.0, 4.5574244, 0.0],
        [-6.87450439, 0.0, 6.87450439]
    ]
}