{
    "atom_type": [
        "N",
        "Zr"
    ],
    "atoms_per_type": [
        3,
        8
    ],
    "coord_mode": "direct",
    "relaxed_basis": [
        [0.49832067, 0.00420013, 0.99915854],
        [0.75, 0.375, 0.125],
        [0.00167933, 0.74579987, 0.25084146],
        [0.98779279, 0.01278271, 0.01163171],
        [0.25, 0.375, 0.125],
        [0.51220721, 0.73721729, 0.23836829],
        [0.75874981, 0.10704441, 0.37545596],
        [0.99346437, 0.50570821, 0.50736305],
        [0.25, 0.875, 0.625],
        [0.50653563, 0.24429179, 0.74263695],
        [0.74125019, 0.64295559, 0.87454404]
    ],
    "relaxed_energy": -103.78772461,
    "relaxed_forces": [
        [0.0, 0.02803673, -0.06120401],
        [0.0, 0.0, -0.0],
        [-0.0, -0.02803673, 0.06120401],
        [0.0, 0.12064325, -0.08188726],
        [0.0, 0.0, -0.0],
        [-0.0, -0.12064325, 0.08188726],
        [-0.0, -0.07656971, -0.00059202],
        [-0.0, -0.02891156, 0.02621785],
        [0.0, 0.0, -0.0],
        [0.0, 0.02891156, -0.02621785],
        [0.0, 0.07656971, 0.00059202]
    ],
    "relaxed_lattice": [
        [4.57834605, 0.0, 0.0],
        [2.28917303, 4.66978044, -2.24860311],
        [2.28917303, 4.7053951, 6.81571177]
    ]
}