{
    "atom_type": [
        "N",
        "Zr"
    ],
    "atoms_per_type": [
        3,
        8
    ],
    "coord_mode": "direct",
    "relaxed_basis": [
        [0.18717163, 0.18717163, 0.43848512],
        [0.93778157, 0.93778157, 0.1866553],
        [0.81265074, 0.81265074, 0.56204777],
        [0.00085554, 0.00085554, 0.99743339],
        [0.87462717, 0.87462717, 0.37611848],
        [0.74937405, 0.74937405, 0.75187784],
        [0.62424811, 0.62424811, 0.12725568],
        [0.49995491, 0.49995491, 0.50013527],
        [0.37487678, 0.37487678, 0.87536967],
        [0.25096295, 0.25096295, 0.24711114],
        [0.12499655, 0.12499655, 0.62501034]
    ],
    "relaxed_energy": -103.5500482,
    "relaxed_forces": [
        [-0.01392258, -0.01392258, 0.01392258],
        [0.02415732, 0.02415732, -0.02415732],
        [-0.03369285, -0.03369285, 0.03369285],
        [0.04365391, 0.04365391, -0.04365391],
        [-0.00854485, -0.00854485, 0.00854485],
        [-0.03337956, -0.03337956, 0.03337956],
        [0.02743576, 0.02743576, -0.02743576],
        [0.01814301, 0.01814301, -0.01814301],
        [-0.0028664, -0.0028664, 0.0028664],
        [0.03233212, 0.03233212, -0.03233212],
        [-0.05331587, -0.05331587, 0.05331587]
    ],
    "relaxed_lattice": [
        [2.29012442, 0.0, 2.29012442],
        [0.0, 2.29012442, 2.29012442],
        [-11.43869562, -11.43869562, 13.72882004]
    ]
}