{
    "atom_type": [
        "N",
        "Zr"
    ],
    "atoms_per_type": [
        5,
        8
    ],
    "coord_mode": "direct",
    "relaxed_basis": [
        [0.06318669, 0.55939607, 0.31423055],
        [0.6874765, 0.18656648, 0.43848051],
        [0.93873262, 0.43832493, 0.68420983],
        [0.56205736, 0.06407374, 0.81181154],
        [0.18605015, 0.68869854, 0.93920116],
        [0.00443843, 0.00328487, 0.98783826],
        [0.62431381, 0.62581066, 0.12556172],
        [0.24679515, 0.24464902, 0.26176067],
        [0.87534051, 0.8752678, 0.37405119],
        [0.50505216, 0.49470442, 0.49519127],
        [0.12110383, 0.130279, 0.62751335],
        [0.7456107, 0.74617178, 0.76260682],
        [0.3773421, 0.38027268, 0.86504313]
    ],
    "relaxed_energy": -127.96237551,
    "relaxed_forces": [
        [0.00722642, -0.07003644, -0.00722642],
        [-0.01536812, -0.02742674, 0.01536812],
        [0.03339079, 0.0024296, -0.03339079],
        [0.02950667, 0.02486541, -0.02950667],
        [-0.01960123, 0.09863233, 0.01960123],
        [0.02348837, 0.10548596, -0.02348837],
        [0.01389167, -0.02468045, -0.01389167],
        [-0.03411998, -0.08932116, 0.03411998],
        [-0.0533276, -0.05263895, 0.0533276],
        [-0.00842568, -0.05774539, 0.00842568],
        [0.01399719, 0.00241593, -0.01399719],
        [-0.03926724, 0.0593135, 0.03926724],
        [0.04860872, 0.02870641, -0.04860872]
    ],
    "relaxed_lattice": [
        [2.32645691, 0.0, 2.32645691],
        [2.33105075, 6.81244064, -0.00459384],
        [-4.63667769, 2.2576245, 6.96313459]
    ]
}