{
    "atom_type": [
        "N",
        "Zr"
    ],
    "atoms_per_type": [
        5,
        7
    ],
    "coord_mode": "direct",
    "relaxed_basis": [
        [0.2142857, 0.4285714, 0.1428571],
        [0.3578352, 0.71567031, 0.57140982],
        [0.93012368, 0.86024746, 0.28454723],
        [0.49844772, 0.99689544, 0.00116707],
        [0.0707363, 0.14147249, 0.71430448],
        [0.01196945, 0.0239389, 0.00925828],
        [0.5596091, 0.1192181, 0.72001015],
        [0.14596831, 0.29193672, 0.43493212],
        [0.7142857, 0.4285714, 0.1428571],
        [0.28260309, 0.56520618, 0.85078218],
        [0.8689624, 0.7379247, 0.56570415],
        [0.41660195, 0.833204, 0.27645602]
    ],
    "relaxed_energy": -119.40734065,
    "relaxed_forces": [
        [-0.0, -0.0, -0.0],
        [0.0, -0.01685133, 0.00604217],
        [-0.0, 0.04714289, -0.03440809],
        [0.0, -0.04714289, 0.03440809],
        [-0.0, 0.01685133, -0.00604217],
        [0.0, -0.03633599, 0.00054386],
        [0.0, 0.0094341, 0.03658197],
        [0.0, -0.02099177, 0.01388467],
        [-0.0, -0.0, -0.0],
        [-0.0, 0.02099177, -0.01388467],
        [-0.0, -0.0094341, -0.03658197],
        [-0.0, 0.03633599, -0.00054386]
    ],
    "relaxed_lattice": [
        [4.5771165, -0.0, 0.0],
        [-2.28855826, 4.64019082, -2.31952583],
        [0.0, 2.2922795, 6.90351716]
    ]
}