{
    "atom_type": [
        "N",
        "Zr"
    ],
    "atoms_per_type": [
        3,
        7
    ],
    "coord_mode": "direct",
    "relaxed_basis": [
        [0.92841583, 0.92841583, 0.2147524],
        [0.2142857, 0.2142857, 0.3571429],
        [0.50015557, 0.50015557, 0.4995333],
        [0.00070695, 0.00070695, 0.99787916],
        [0.143333, 0.143333, 0.57000089],
        [0.2852384, 0.2852384, 0.14428481],
        [0.42786445, 0.42786445, 0.71640654],
        [0.57230152, 0.57230152, 0.28309554],
        [0.7142857, 0.7142857, 0.8571429],
        [0.85626998, 0.85626998, 0.43119016]
    ],
    "relaxed_energy": -95.14267863,
    "relaxed_forces": [
        [0.00590102, -0.00590102, -0.00590102],
        [-0.0, 0.0, -0.0],
        [-0.00590102, 0.00590102, 0.00590102],
        [0.0696346, -0.0696346, -0.0696346],
        [-0.03368345, 0.03368345, 0.03368345],
        [0.03368345, -0.03368345, -0.03368345],
        [-0.0696346, 0.0696346, 0.0696346],
        [0.00631838, -0.00631838, -0.00631838],
        [-0.0, 0.0, -0.0],
        [-0.00631838, 0.00631838, 0.00631838]
    ],
    "relaxed_lattice": [
        [2.29069593, 0.0, 2.29069593],
        [2.29069593, 2.29069593, 0.0],
        [-9.12184133, 11.41253725, 11.41253725]
    ]
}