{
    "atom_type": [
        "N",
        "Zr"
    ],
    "atoms_per_type": [
        7,
        8
    ],
    "coord_mode": "direct",
    "relaxed_basis": [
        [0.0, 0.0, 0.25],
        [0.5, 0.0, 0.50230502],
        [0.0, 0.5, 0.50230502],
        [0.5, 0.5, 0.75],
        [0.0, 0.0, 0.75],
        [0.5, 0.0, 0.99769498],
        [0.0, 0.5, 0.99769498],
        [0.0, 0.0, 0.01017781],
        [0.5, 0.5, 0.99291773],
        [0.0, 0.5, 0.25],
        [0.5, 0.0, 0.25],
        [0.0, 0.0, 0.48982219],
        [0.5, 0.5, 0.50708227],
        [0.0, 0.5, 0.75],
        [0.5, 0.0, 0.75]
    ],
    "relaxed_energy": -151.31566407,
    "relaxed_forces": [
        [-0.0, -0.0, -0.0],
        [-0.0, -0.0, 0.02310664],
        [-0.0, -0.0, 0.02310664],
        [-0.0, 0.0, -0.0],
        [-0.0, -0.0, -0.0],
        [-0.0, -0.0, -0.02310664],
        [0.0, -0.0, -0.02310664],
        [0.0, -0.0, 0.01400413],
        [-0.0, 0.0, 0.0032647],
        [0.0, -0.0, -0.0],
        [-0.0, -0.0, -0.0],
        [-0.0, -0.0, -0.01400413],
        [-0.0, -0.0, -0.0032647],
        [0.0, -0.0, -0.0],
        [-0.0, -0.0, -0.0]
    ],
    "relaxed_lattice": [
        [4.59419831, 0.0, 0.0],
        [0.0, 4.59419831, 0.0],
        [0.0, 0.0, 9.20422729]
    ]
}