{
    "atom_type": [
        "N",
        "Zr"
    ],
    "atoms_per_type": [
        3,
        8
    ],
    "coord_mode": "direct",
    "relaxed_basis": [
        [0.5, 0.25, 0.5],
        [0.5, 0.75, 0.5],
        [0.5, 0.75, 0.0],
        [0.0, 0.99362855, 0.0],
        [0.0, 0.99901771, 0.5],
        [0.5, 0.25, 0.74879847],
        [0.5, 0.25, 0.25120153],
        [0.0, 0.50098229, 0.5],
        [0.0, 0.50637145, 0.0],
        [0.5, 0.75, 0.24906539],
        [0.5, 0.75, 0.75093461]
    ],
    "relaxed_energy": -103.73380496,
    "relaxed_forces": [
        [0.0, 0.0, 0.0],
        [0.0, 0.0, 0.0],
        [0.0, 0.0, 0.0],
        [0.00508646, -0.00508646, 0.0],
        [0.0121279, -0.0121279, 0.0],
        [0.0, 0.0, 0.01418323],
        [0.0, 0.0, -0.01418323],
        [-0.0121279, 0.0121279, 0.0],
        [-0.00508646, 0.00508646, 0.0],
        [0.0, 0.0, 0.08345532],
        [0.0, 0.0, -0.08345532]
    ],
    "relaxed_lattice": [
        [2.30067955, 2.30067955, 0.0],
        [-4.59277912, 4.59277912, 0.0],
        [0.0, 0.0, 9.09779767]
    ]
}