{
    "atom_type": [
        "N",
        "Zr"
    ],
    "atoms_per_type": [
        4,
        8
    ],
    "coord_mode": "direct",
    "relaxed_basis": [
        [0.0, 0.5, 0.50223001],
        [0.5, 0.5, 0.75],
        [0.0, 0.0, 0.75],
        [0.0, 0.5, 0.99776999],
        [0.0, 0.0, 0.00100718],
        [0.5, 0.5, 0.00100718],
        [0.0, 0.5, 0.25],
        [0.5, 0.0, 0.25],
        [0.0, 0.0, 0.49899282],
        [0.5, 0.5, 0.49899282],
        [0.0, 0.5, 0.75],
        [0.5, 0.0, 0.75]
    ],
    "relaxed_energy": -115.5131768,
    "relaxed_forces": [
        [0.0, 0.0, 0.08576686],
        [-0.0, 0.0, -0.0],
        [-0.0, 0.0, -0.0],
        [-0.0, 0.0, -0.08576686],
        [-0.0, -0.0, 0.05841721],
        [-0.0, 0.0, 0.05841721],
        [-0.0, 0.0, -0.0],
        [0.0, -0.0, -0.0],
        [-0.0, 0.0, -0.05841721],
        [0.0, -0.0, -0.05841721],
        [-0.0, 0.0, -0.0],
        [-0.0, 0.0, -0.0]
    ],
    "relaxed_lattice": [
        [4.57474091, 0.0, 0.0],
        [0.0, 4.57474091, 0.0],
        [0.0, 0.0, 9.20113423]
    ]
}