{
    "atom_type": [
        "N",
        "Zr"
    ],
    "atoms_per_type": [
        3,
        8
    ],
    "coord_mode": "direct",
    "relaxed_basis": [
        [0.24762468, 0.62779074, 0.87695991],
        [0.75548113, 0.36597836, 0.12305939],
        [0.99926804, 0.74938446, 0.25207946],
        [0.99885509, 0.99134582, 0.01094401],
        [0.24154817, 0.39942964, 0.11747403],
        [0.51007541, 0.72653018, 0.253319],
        [0.75905074, 0.11531676, 0.36658177],
        [0.00033958, 0.50117758, 0.49814326],
        [0.23916861, 0.8820279, 0.63963489],
        [0.49656132, 0.27435883, 0.73251853],
        [0.75202724, 0.61665974, 0.87928577]
    ],
    "relaxed_energy": -103.88207841,
    "relaxed_forces": [
        [0.0, 0.02295711, -0.00567737],
        [-0.0, -0.0077973, 0.01462184],
        [-0.0, -0.08160686, 0.01037111],
        [-0.0, -0.05376935, 0.01010037],
        [-0.0, -0.01483138, 0.02669631],
        [-0.0, -0.04260731, 0.02568408],
        [0.0, 0.07059447, 0.01710287],
        [0.0, 0.01499549, -0.01570328],
        [0.0, 0.07932828, -0.02767892],
        [0.0, 0.0084072, -0.0483252],
        [0.0, 0.00432964, -0.00719181]
    ],
    "relaxed_lattice": [
        [4.53660783, 0.0, -0.0],
        [2.26830392, 4.61308766, -2.33836894],
        [2.26830392, 4.61245779, 7.01409786]
    ]
}