{
    "atom_type": [
        "N",
        "Zr"
    ],
    "atoms_per_type": [
        5,
        8
    ],
    "coord_mode": "direct",
    "relaxed_basis": [
        [0.0, 0.0, 0.24765845],
        [0.0, 0.5, 0.5],
        [0.0, 0.0, 0.75234155],
        [0.5, 0.0, 0.0],
        [0.0, 0.5, 0.0],
        [0.0, 0.0, 0.0],
        [0.5, 0.5, 0.0],
        [0.0, 0.5, 0.25639802],
        [0.5, 0.0, 0.24492453],
        [0.0, 0.0, 0.5],
        [0.5, 0.5, 0.5],
        [0.0, 0.5, 0.74360198],
        [0.5, 0.0, 0.75507547]
    ],
    "relaxed_energy": -127.43849251,
    "relaxed_forces": [
        [0.0, 0.0, -0.03006454],
        [0.0, -0.0, -0.0],
        [0.0, -0.0, 0.03006454],
        [0.0, -0.0, -0.0],
        [0.0, -0.0, -0.0],
        [0.0, -0.0, -0.0],
        [0.0, -0.0, -0.0],
        [0.0, -0.0, 0.02068682],
        [0.0, 0.0, -0.02273988],
        [0.0, -0.0, -0.0],
        [0.0, -0.0, -0.0],
        [0.0, -0.0, -0.02068682],
        [0.0, -0.0, 0.02273988]
    ],
    "relaxed_lattice": [
        [4.55219311, 0.0, 0.0],
        [0.0, 4.61508581, 0.0],
        [0.0, 0.0, 9.22989727]
    ]
}