{
    "atom_type": [
        "N",
        "Zr"
    ],
    "atoms_per_type": [
        5,
        8
    ],
    "coord_mode": "direct",
    "relaxed_basis": [
        [0.06182646, 0.56269949, 0.3136476],
        [0.31403122, 0.80988078, 0.56205678],
        [0.93698991, 0.43848626, 0.68753392],
        [0.56396681, 0.06024812, 0.81181827],
        [0.18664598, 0.68914434, 0.93756369],
        [0.00218867, 0.001577, 0.99404565],
        [0.62533886, 0.62247351, 0.12684877],
        [0.25136718, 0.24750623, 0.2497594],
        [0.8741633, 0.87311405, 0.37855935],
        [0.49617969, 0.50884766, 0.49879297],
        [0.12119558, 0.12309399, 0.63451485],
        [0.7496092, 0.75005842, 0.75072318],
        [0.37899714, 0.37537016, 0.86663557]
    ],
    "relaxed_energy": -127.68084865,
    "relaxed_forces": [
        [0.01316876, -0.01426037, -0.01316876],
        [-0.03174616, 0.05009298, 0.03174616],
        [0.07845081, 0.00789846, -0.07845081],
        [-0.01603284, -0.0033648, 0.01603284],
        [-0.03285954, -0.0023611, 0.03285954],
        [0.04248971, 0.00799357, -0.04248971],
        [-0.02266972, -0.06178514, 0.02266972],
        [-0.01250399, -0.06540156, 0.01250399],
        [-0.06945754, 0.05493501, 0.06945754],
        [0.02518256, -0.00257233, -0.02518256],
        [-0.03701743, 0.00891901, 0.03701743],
        [-0.02538145, -0.01818347, 0.02538145],
        [0.08837684, 0.03808976, -0.08837684]
    ],
    "relaxed_lattice": [
        [2.30830039, 0.0, 2.30830039],
        [2.29994178, 6.88036327, 0.00835861],
        [-4.60515346, 2.30351495, 6.91345385]
    ]
}