{
    "atom_type": [
        "N",
        "Zr"
    ],
    "atoms_per_type": [
        5,
        6
    ],
    "coord_mode": "direct",
    "relaxed_basis": [
        [0.83359864, 0.41740498, 0.66719738],
        [0.49947942, 0.24959364, 0.99895884],
        [0.1666667, 0.0833333, 0.3333333],
        [0.83385388, 0.91707306, 0.66770786],
        [0.49973466, 0.74926172, 0.99946932],
        [0.00066315, 0.00065978, 0.00132631],
        [0.66609386, 0.84269703, 0.33218761],
        [0.33805021, 0.67035334, 0.67610052],
        [0.99528309, 0.49631336, 0.99056618],
        [0.66723954, 0.32396957, 0.33447899],
        [0.33267015, 0.16600692, 0.66534039]
    ],
    "relaxed_energy": -110.58327532,
    "relaxed_forces": [
        [0.0253653, 0.0253653, -0.03600527],
        [0.00210638, 0.00210638, 0.01955407],
        [0.0, 0.0, -0.0],
        [-0.00210638, -0.00210638, -0.01955407],
        [-0.0253653, -0.0253653, 0.03600527],
        [-0.00020212, -0.00020212, 0.03428115],
        [0.05209305, 0.05209305, -0.01902206],
        [0.00133975, 0.00133975, 0.0748314],
        [-0.00133975, -0.00133975, -0.0748314],
        [-0.05209305, -0.05209305, 0.01902206],
        [0.00020212, 0.00020212, -0.03428115]
    ],
    "relaxed_lattice": [
        [2.30429272, -2.30429272, 0.0],
        [4.59546721, 4.59546721, 0.01067926],
        [-2.29298876, 0.01130395, 6.91167858]
    ]
}