{
    "atom_type": [
        "N",
        "Zr"
    ],
    "atoms_per_type": [
        4,
        8
    ],
    "coord_mode": "direct",
    "relaxed_basis": [
        [0.5, 0.50151148, 0.5],
        [0.0, 0.626853, 0.253706],
        [0.0, 0.873147, 0.746294],
        [0.5, 0.99848852, 0.5],
        [0.0, 0.00015185, 0.00030371],
        [0.5, 0.11680417, 0.75057505],
        [0.0, 0.25, 0.5],
        [0.5, 0.38319583, 0.24942495],
        [0.0, 0.49984815, 0.99969629],
        [0.5, 0.63377088, 0.75057505],
        [0.0, 0.75, 0.5],
        [0.5, 0.86622912, 0.24942495]
    ],
    "relaxed_energy": -115.72393442,
    "relaxed_forces": [
        [0.01029423, -0.01029423, 0.0],
        [0.0, -0.0, 0.05624721],
        [-0.0, 0.0, -0.05624721],
        [-0.01029423, 0.01029423, -0.0],
        [0.0, -0.0, 0.02520904],
        [0.06253142, -0.06253142, -0.02653499],
        [-0.0, 0.0, 0.0],
        [-0.06253142, 0.06253142, 0.02653499],
        [-0.0, 0.0, -0.02520904],
        [-0.06253142, 0.06253142, -0.02653499],
        [-0.0, 0.0, 0.0],
        [0.06253142, -0.06253142, 0.02653499]
    ],
    "relaxed_lattice": [
        [2.30094206, 2.30094206, 0.0],
        [-4.57854531, 4.57854531, -0.0],
        [2.28927266, -2.28927266, 9.22790789]
    ]
}