{
    "atom_type": [
        "N",
        "Zr"
    ],
    "atoms_per_type": [
        5,
        8
    ],
    "coord_mode": "direct",
    "relaxed_basis": [
        [0.4375, 0.9375, 0.1875],
        [0.68741204, 0.1868349, 0.43834102],
        [0.3130442, 0.81231526, 0.56159633],
        [0.5619558, 0.06268474, 0.81340367],
        [0.18758796, 0.6881651, 0.93665898],
        [0.00498766, 0.99089265, 0.99913203],
        [0.62692005, 0.62991114, 0.11624877],
        [0.24807995, 0.24508886, 0.25875123],
        [0.87001234, 0.88410735, 0.37586797],
        [0.49964319, 0.49993981, 0.50077381],
        [0.12982808, 0.11854686, 0.62179697],
        [0.74517192, 0.75645314, 0.75320303],
        [0.37535681, 0.37506019, 0.87422619]
    ],
    "relaxed_energy": -127.96522846,
    "relaxed_forces": [
        [0.0, -0.0, 0.0],
        [-0.05887428, 0.05016849, 0.05887428],
        [0.03033146, -0.048645, -0.03033146],
        [-0.03033146, 0.048645, 0.03033146],
        [0.05887428, -0.05016849, -0.05887428],
        [-0.01916907, 0.0208664, 0.01916907],
        [0.01559663, -0.06227423, -0.01559663],
        [-0.01559663, 0.06227423, 0.01559663],
        [0.01916907, -0.0208664, -0.01916907],
        [-0.03542101, 0.02911674, 0.03542101],
        [-0.02630309, -0.00323777, 0.02630309],
        [0.02630309, 0.00323777, -0.02630309],
        [0.03542101, -0.02911674, -0.03542101]
    ],
    "relaxed_lattice": [
        [2.31123442, 0.0, 2.31123442],
        [2.31415301, 6.85147235, -0.00291859],
        [-4.60509491, 2.27304111, 6.91632934]
    ]
}