{
    "atom_type": [
        "N",
        "Zr"
    ],
    "atoms_per_type": [
        2,
        3
    ],
    "coord_mode": "direct",
    "relaxed_basis": [
        [0.3333333, 0.6666667, 0.16474275],
        [0.6666667, 0.3333333, 0.83525725],
        [0.0, 0.0, 0.0],
        [0.3333333, 0.6666667, 0.66820805],
        [0.6666667, 0.3333333, 0.33179195]
    ],
    "relaxed_energy": -49.21168489,
    "relaxed_forces": [
        [-0.07375558, -0.07375558, -0.07375558],
        [0.07375558, 0.07375558, 0.07375558],
        [0.0, 0.0, 0.0],
        [0.04387865, 0.04387865, 0.04387865],
        [-0.04387865, -0.04387865, -0.04387865]
    ],
    "relaxed_lattice": [
        [2.28753877, 0.0, -2.28753877],
        [-2.28753877, 2.28753877, 0.0],
        [4.62033425, 4.62033425, 4.62033425]
    ]
}