{
    "atom_type": [
        "N",
        "Zr"
    ],
    "atoms_per_type": [
        2,
        8
    ],
    "coord_mode": "direct",
    "relaxed_basis": [
        [0.25026028, 0.62302716, 0.87645229],
        [0.99973972, 0.75197284, 0.24854771],
        [0.00884416, 0.9780584, 0.00425329],
        [0.24115584, 0.3969416, 0.12074671],
        [0.49443395, 0.75356157, 0.25757052],
        [0.75553299, 0.10941607, 0.37951795],
        [0.0072899, 0.4968053, 0.48861491],
        [0.2427101, 0.8781947, 0.63638509],
        [0.49446701, 0.26558393, 0.74548205],
        [0.75556605, 0.62143843, 0.86742948]
    ],
    "relaxed_energy": -92.03215587,
    "relaxed_forces": [
        [0.0, 0.0209573, -0.0120727],
        [-0.0, -0.0209573, 0.0120727],
        [0.0, 0.00539551, 0.04947583],
        [-0.0, -0.00539551, -0.04947583],
        [-0.0, -0.01242178, 0.02498297],
        [0.0, 0.01964094, 0.06683788],
        [-0.0, -0.05395287, -0.00799983],
        [0.0, 0.05395287, 0.00799983],
        [-0.0, -0.01964094, -0.06683788],
        [0.0, 0.01242178, -0.02498297]
    ],
    "relaxed_lattice": [
        [4.5216356, 0.0, 0.0],
        [2.26081781, 4.61778944, -2.31923017],
        [2.26081781, 4.64297429, 7.0087229]
    ]
}