{
    "atom_type": [
        "N",
        "Zr"
    ],
    "atoms_per_type": [
        2,
        8
    ],
    "coord_mode": "direct",
    "relaxed_basis": [
        [0.75280428, 0.37198886, 0.12240258],
        [0.99719572, 0.75301114, 0.25259742],
        [0.98936264, 0.01356518, 0.00770954],
        [0.23737532, 0.39709614, 0.12815323],
        [0.51262468, 0.72790386, 0.24684677],
        [0.76063736, 0.11143482, 0.36729046],
        [0.99579381, 0.50307736, 0.50533501],
        [0.23953708, 0.88231186, 0.63861398],
        [0.51046292, 0.24268814, 0.73638602],
        [0.75420619, 0.62192264, 0.86966499]
    ],
    "relaxed_energy": -91.9428662,
    "relaxed_forces": [
        [0.0, 0.08249229, -0.00223423],
        [-0.0, -0.08249229, 0.00223423],
        [0.0, 0.04889874, -0.06066191],
        [0.0, 0.03105137, -0.03403649],
        [-0.0, -0.03105137, 0.03403649],
        [-0.0, -0.04889874, 0.06066191],
        [-0.0, -0.05075245, 0.06051911],
        [-0.0, -0.00194375, -0.02269281],
        [0.0, 0.00194375, 0.02269281],
        [0.0, 0.05075245, -0.06051911]
    ],
    "relaxed_lattice": [
        [4.53582344, 0.0, 0.0],
        [2.26791173, 4.68303795, -2.26736287],
        [2.26791173, 4.68873846, 6.81538686]
    ]
}