{
    "atom_type": [
        "N",
        "Zr"
    ],
    "atoms_per_type": [
        2,
        5
    ],
    "coord_mode": "direct",
    "relaxed_basis": [
        [0.09999272, 0.09999272, 0.70002185],
        [0.90000728, 0.90000728, 0.29997815],
        [0.0, 0.0, 0.0],
        [0.79807502, 0.79807502, 0.60577494],
        [0.59858272, 0.59858272, 0.20425185],
        [0.40141728, 0.40141728, 0.79574815],
        [0.20192498, 0.20192498, 0.39422506]
    ],
    "relaxed_energy": -66.31198226,
    "relaxed_forces": [
        [0.03417966, 0.03417966, -0.03417966],
        [-0.03417966, -0.03417966, 0.03417966],
        [-0.0, 0.0, -0.0],
        [-0.02499677, -0.02499677, 0.02499677],
        [-0.00261157, -0.00261157, 0.00261157],
        [0.00261157, 0.00261157, -0.00261157],
        [0.02499677, 0.02499677, -0.02499677]
    ],
    "relaxed_lattice": [
        [2.31059874, 0.0, 2.31059874],
        [0.0, 2.31059874, 2.31059874],
        [-6.86809416, -6.86809416, 9.1786929]
    ]
}