{
    "atom_type": [
        "N",
        "Zr"
    ],
    "atoms_per_type": [
        1,
        8
    ],
    "coord_mode": "direct",
    "relaxed_basis": [
        [0.1875, 0.6875, 0.9375],
        [0.99924911, 0.00168828, 0.99981349],
        [0.62705008, 0.62645741, 0.11944243],
        [0.25046908, 0.24680901, 0.25225283],
        [0.87174197, 0.87552343, 0.38099262],
        [0.50325803, 0.49947657, 0.49400738],
        [0.12453092, 0.12819099, 0.62274717],
        [0.74794992, 0.74854259, 0.75555757],
        [0.37575089, 0.37331172, 0.87518651]
    ],
    "relaxed_energy": -79.73901601,
    "relaxed_forces": [
        [0.0, -0.0, -0.0],
        [-0.01625939, 0.00951312, 0.01625939],
        [0.04108326, 0.01326383, -0.04108326],
        [-0.01336491, -0.05260846, 0.01336491],
        [-0.07293197, 0.01126133, 0.07293197],
        [0.07293197, -0.01126133, -0.07293197],
        [0.01336491, 0.05260846, -0.01336491],
        [-0.04108326, -0.01326383, 0.04108326],
        [0.01625939, -0.00951312, -0.01625939]
    ],
    "relaxed_lattice": [
        [2.27687566, 0.0, 2.27687566],
        [2.28547375, 6.89116271, -0.00859809],
        [-4.54600598, 2.28019482, 6.82288164]
    ]
}