{
    "atom_type": [
        "N",
        "Zr"
    ],
    "atoms_per_type": [
        2,
        7
    ],
    "coord_mode": "direct",
    "relaxed_basis": [
        [0.71411519, 0.21411519, 0.42823037],
        [0.00017051, 0.50017051, 0.00034103],
        [0.99940088, 0.99940088, 0.99880176],
        [0.14700168, 0.14700168, 0.29400347],
        [0.28377995, 0.28377995, 0.56755991],
        [0.43050575, 0.43050575, 0.86101159],
        [0.56728402, 0.56728402, 0.13456793],
        [0.71488482, 0.71488482, 0.42976964],
        [0.8571429, 0.8571429, 0.7142857]
    ],
    "relaxed_energy": -83.41479365,
    "relaxed_forces": [
        [0.02392207, -0.0, 0.02392207],
        [-0.02392207, 0.0, -0.02392207],
        [-0.03248972, 0.0, -0.03248972],
        [0.02480952, -0.0, 0.02480952],
        [-0.00191241, 0.0, -0.00191241],
        [0.00191241, -0.0, 0.00191241],
        [-0.02480952, 0.0, -0.02480952],
        [0.03248972, -0.0, 0.03248972],
        [-0.0, 0.0, -0.0]
    ],
    "relaxed_lattice": [
        [2.30581046, 0.0, -2.30581046],
        [0.0, 4.58795603, 0.0],
        [6.84050044, -2.29397802, 9.1463109]
    ]
}