{
    "atom_type": [
        "N",
        "Zr"
    ],
    "atoms_per_type": [
        3,
        8
    ],
    "coord_mode": "direct",
    "relaxed_basis": [
        [0.25, 0.875, 0.8125],
        [0.75538361, 0.12758835, 0.18750158],
        [0.74461639, 0.62241165, 0.43749842],
        [0.00188481, 0.00510169, 0.9990456],
        [0.5100984, 0.76968332, 0.12799082],
        [0.98226248, 0.48431307, 0.25051467],
        [0.51773752, 0.26568693, 0.37448533],
        [0.9899016, 0.98031668, 0.49700918],
        [0.49811519, 0.74489831, 0.6259544],
        [0.01189482, 0.52525828, 0.75384496],
        [0.48810518, 0.22474172, 0.87115504]
    ],
    "relaxed_energy": -104.08113822,
    "relaxed_forces": [
        [0.0, -0.0, 0.0],
        [-0.05489663, -0.01182306, 0.05816274],
        [0.05489663, 0.01182306, -0.05816274],
        [-0.03910189, -0.02281423, 0.02499531],
        [0.00928995, 0.01770441, 0.00423457],
        [0.03818125, -0.02263351, -0.02548362],
        [-0.03818125, 0.02263351, 0.02548362],
        [-0.00928995, -0.01770441, -0.00423457],
        [0.03910189, 0.02281423, -0.02499531],
        [0.06589352, -0.01404838, -0.01504562],
        [-0.06589352, 0.01404838, 0.01504562]
    ],
    "relaxed_lattice": [
        [2.26545603, 2.373009, -4.53664684],
        [-2.2504084, 4.74644961, 2.27552939],
        [4.55051637, 0.02407378, 4.55748293]
    ]
}