{
    "atom_type": [
        "N",
        "Zr"
    ],
    "atoms_per_type": [
        3,
        8
    ],
    "coord_mode": "direct",
    "relaxed_basis": [
        [0.74970903, 0.62515, 0.9404631],
        [0.75, 0.125, 0.1875],
        [0.75029097, 0.62485, 0.4345369],
        [0.99045284, 0.99953561, 0.99979922],
        [0.52051651, 0.75646126, 0.13041308],
        [0.97948349, 0.49353874, 0.24458692],
        [0.50954716, 0.25046439, 0.37520078],
        [0.99906604, 0.9983401, 0.49724716],
        [0.51253821, 0.74503666, 0.62731395],
        [0.98746179, 0.50496334, 0.74768605],
        [0.50093396, 0.2516599, 0.87775284]
    ],
    "relaxed_energy": -103.65852766,
    "relaxed_forces": [
        [0.0219431, 0.00213241, 0.0736544],
        [0.0, 0.0, 0.0],
        [-0.0219431, -0.00213241, -0.0736544],
        [-0.05558047, 0.09444154, 0.02226999],
        [-0.04959966, -0.01782063, 0.04442594],
        [0.04959966, 0.01782063, -0.04442594],
        [0.05558047, -0.09444154, -0.02226999],
        [0.10263265, 0.10272276, -0.08106993],
        [-0.00065076, -0.04987697, -0.07356612],
        [0.00065076, 0.04987697, 0.07356612],
        [-0.10263265, -0.10272276, 0.08106993]
    ],
    "relaxed_lattice": [
        [2.25413614, 2.24740944, -4.60261344],
        [-2.3190022, 4.62605668, 2.33479417],
        [4.6197901, -0.00288863, 4.6571541]
    ]
}