{
    "atom_type": [
        "N",
        "Zr"
    ],
    "atoms_per_type": [
        5,
        8
    ],
    "coord_mode": "direct",
    "relaxed_basis": [
        [0.74798175, 0.62750603, 0.93794218],
        [0.24730306, 0.37610616, 0.06075409],
        [0.75, 0.125, 0.1875],
        [0.25269694, 0.87389384, 0.31424591],
        [0.75201825, 0.62249397, 0.43705782],
        [0.99629313, 0.00581902, 0.01323359],
        [0.50312797, 0.7444803, 0.1334747],
        [0.99687203, 0.5055197, 0.2415253],
        [0.50370687, 0.24418098, 0.36176641],
        [0.00696563, 0.99004523, 0.48901134],
        [0.51315235, 0.74661226, 0.62037661],
        [0.98684765, 0.50338774, 0.75462339],
        [0.49303437, 0.25995477, 0.88598866]
    ],
    "relaxed_energy": -128.02896462,
    "relaxed_forces": [
        [0.01738797, -0.01954218, 0.01230096],
        [0.02012826, 0.00757702, 0.03010112],
        [0.0, -0.0, 0.0],
        [-0.02012826, -0.00757702, -0.03010112],
        [-0.01738797, 0.01954218, -0.01230096],
        [0.00466854, -0.00672085, 0.00717742],
        [0.00479894, 0.02119861, -0.0099107],
        [-0.00479894, -0.02119861, 0.0099107],
        [-0.00466854, 0.00672085, -0.00717742],
        [0.00869965, 0.00769473, -0.00833516],
        [-0.01854008, 0.0153204, -0.00960832],
        [0.01854008, -0.0153204, 0.00960832],
        [-0.00869965, -0.00769473, 0.00833516]
    ],
    "relaxed_lattice": [
        [2.27042885, 2.29852664, -4.67306807],
        [-2.27715515, 4.60567028, 2.33733451],
        [4.56076306, -0.00056879, 4.68257743]
    ]
}