{
    "atom_type": [
        "N",
        "Zr"
    ],
    "atoms_per_type": [
        3,
        7
    ],
    "coord_mode": "direct",
    "relaxed_basis": [
        [0.7857143, 0.5714286, 0.8571429],
        [0.49980484, 0.99960967, 0.00018259],
        [0.07162376, 0.14324743, 0.71410311],
        [0.99114591, 0.98229182, 0.98530891],
        [0.58028269, 0.16056528, 0.72897679],
        [0.14210359, 0.28420728, 0.43086662],
        [0.70899102, 0.41798203, 0.14619814],
        [0.2857143, 0.5714286, 0.8571429],
        [0.86243758, 0.72487507, 0.56808756],
        [0.42932491, 0.85864992, 0.28341908]
    ],
    "relaxed_energy": -95.24855927,
    "relaxed_forces": [
        [-0.0, -0.0, -0.0],
        [0.0, -0.04864994, 0.03234241],
        [-0.0, 0.04864994, -0.03234241],
        [0.0, -0.066891, 0.06868871],
        [-0.0, 0.066891, -0.06868871],
        [0.0, -0.00725463, -0.01401328],
        [0.0, -0.06602721, 0.01484271],
        [-0.0, -0.0, -0.0],
        [-0.0, 0.06602721, -0.01484271],
        [-0.0, 0.00725463, 0.01401328]
    ],
    "relaxed_lattice": [
        [4.57044801, -0.0, -0.0],
        [-2.28522401, 4.65801685, -2.27216698],
        [-0.0, 2.35151201, 6.86172309]
    ]
}