{
    "atom_type": [
        "N",
        "Zr"
    ],
    "atoms_per_type": [
        6,
        8
    ],
    "coord_mode": "direct",
    "relaxed_basis": [
        [0.0, 0.37555213, 0.75112448],
        [0.5, 0.49984619, 0.49854208],
        [0.0, 0.62637891, 0.25203986],
        [0.5, 0.74862109, 0.99796014],
        [0.0, 0.87515381, 0.75145792],
        [0.5, 0.99944787, 0.49887552],
        [0.0, 0.99080897, 0.99917402],
        [0.5, 0.12220432, 0.74216969],
        [0.0, 0.25279568, 0.50783031],
        [0.5, 0.38419103, 0.25082598],
        [0.0, 0.51210095, 0.00120967],
        [0.5, 0.62545825, 0.75130436],
        [0.0, 0.74954175, 0.49869564],
        [0.5, 0.86289905, 0.24879033]
    ],
    "relaxed_energy": -139.63183737,
    "relaxed_forces": [
        [0.01141998, -0.01141998, 0.12759308],
        [0.0174259, -0.0174259, -0.06932512],
        [0.03618296, -0.03618296, 0.01761775],
        [-0.03618296, 0.03618296, -0.01761775],
        [-0.0174259, 0.0174259, 0.06932512],
        [-0.01141998, 0.01141998, -0.12759308],
        [0.01871756, -0.01871756, -0.02824311],
        [-0.00669706, 0.00669706, -0.0728006],
        [0.00669706, -0.00669706, 0.0728006],
        [-0.01871756, 0.01871756, 0.02824311],
        [-0.03552713, 0.03552713, -0.08092623],
        [-0.00325061, 0.00325061, -0.08871229],
        [0.00325061, -0.00325061, 0.08871229],
        [0.03552713, -0.03552713, 0.08092623]
    ],
    "relaxed_lattice": [
        [2.30852386, 2.30852386, 0.0],
        [-4.60321822, 4.60321822, 0.01740043],
        [2.2841515, -2.2841515, 9.19006211]
    ]
}