{
    "atom_type": [
        "N",
        "Zr"
    ],
    "atoms_per_type": [
        3,
        7
    ],
    "coord_mode": "direct",
    "relaxed_basis": [
        [0.42753499, 0.85507008, 0.78570618],
        [0.5714286, 0.1428571, 0.2142857],
        [0.71532211, 0.43064422, 0.64286522],
        [0.0006122, 0.0012244, 0.00178433],
        [0.5714286, 0.1428571, 0.7142857],
        [0.1422449, 0.2844899, 0.42678707],
        [0.71637311, 0.43274622, 0.1465261],
        [0.28384099, 0.56768197, 0.8450878],
        [0.85901621, 0.71803233, 0.5834837],
        [0.42648399, 0.85296808, 0.2820453]
    ],
    "relaxed_energy": -95.19537472,
    "relaxed_forces": [
        [0.08956547, 0.02163141, 0.08956547],
        [-0.0, 0.0, 0.0],
        [-0.08956547, -0.02163141, -0.08956547],
        [0.04555103, -0.00401112, 0.04555103],
        [-0.0, 0.0, 0.0],
        [-0.04555103, 0.00401112, -0.04555103],
        [0.02385025, 0.09799843, 0.02385025],
        [-0.02723669, -0.10325011, -0.02723669],
        [0.02723669, 0.10325011, 0.02723669],
        [-0.02385025, -0.09799843, -0.02385025]
    ],
    "relaxed_lattice": [
        [2.30249381, 0.0, -2.30249381],
        [-0.00651586, 6.81411291, 2.29597796],
        [4.6170029, -4.55550695, 4.6170029]
    ]
}