{
    "atom_type": [
        "N",
        "Zr"
    ],
    "atoms_per_type": [
        3,
        7
    ],
    "coord_mode": "direct",
    "relaxed_basis": [
        [0.78301511, 0.06747437, 0.64372007],
        [0.3571429, 0.2142857, 0.9285714],
        [0.93127059, 0.36109713, 0.21342273],
        [0.01050243, 0.01781763, 0.99296321],
        [0.58694464, 0.14913413, 0.28501521],
        [0.12734106, 0.27943727, 0.57212769],
        [0.70378327, 0.41075377, 0.86417969],
        [0.27837528, 0.5581854, 0.14361101],
        [0.8571429, 0.7142857, 0.4285714],
        [0.43591042, 0.8703861, 0.71353179]
    ],
    "relaxed_energy": -95.52350048,
    "relaxed_forces": [
        [-0.00900225, 0.00893954, 0.04302441],
        [0.0, 0.0, -0.0],
        [0.00900225, -0.00893954, -0.04302441],
        [-0.0158093, -0.03764133, -0.03078776],
        [0.00066511, -0.04400051, -0.07887598],
        [-0.00066511, 0.04400051, 0.07887598],
        [0.0158093, 0.03764133, 0.03078776],
        [-0.04191075, 0.10433968, -0.01689851],
        [0.0, 0.0, -0.0],
        [0.04191075, -0.10433968, 0.01689851]
    ],
    "relaxed_lattice": [
        [2.29067349, -4.71066454, -2.29692799],
        [-4.54285405, -2.31765716, 2.26245984],
        [-2.32270318, 2.34344752, -4.60247364]
    ]
}