{
    "atom_type": [
        "N",
        "Zr"
    ],
    "atoms_per_type": [
        2,
        7
    ],
    "coord_mode": "direct",
    "relaxed_basis": [
        [0.57297201, 0.07297201, 0.14594391],
        [0.99845659, 0.49845659, 0.99691319],
        [0.00444071, 0.00444071, 0.00888141],
        [0.14233096, 0.14233096, 0.28466202],
        [0.2857143, 0.2857143, 0.5714286],
        [0.42909754, 0.42909754, 0.85819518],
        [0.56698789, 0.56698789, 0.13397569],
        [0.71870512, 0.71870512, 0.43741023],
        [0.85272348, 0.85272348, 0.70544687]
    ],
    "relaxed_energy": -83.32899676,
    "relaxed_forces": [
        [0.04693083, -0.0, 0.04693083],
        [-0.04693083, 0.0, -0.04693083],
        [-0.00442935, 0.0, -0.00442935],
        [0.02269819, -0.0, 0.02269819],
        [0.0, 0.0, -0.0],
        [-0.02269819, 0.0, -0.02269819],
        [0.00442935, -0.0, 0.00442935],
        [-0.02079787, 0.0, -0.02079787],
        [0.02079787, -0.0, 0.02079787]
    ],
    "relaxed_lattice": [
        [2.30838042, 0.0, -2.30838042],
        [-0.0, 4.5479531, -0.0],
        [6.89388023, -2.27397655, 9.20226064]
    ]
}