{
    "atom_type": [
        "N",
        "Zr"
    ],
    "atoms_per_type": [
        5,
        6
    ],
    "coord_mode": "direct",
    "relaxed_basis": [
        [0.5, 0.83389245, 0.83200995],
        [0.0, 0.00144884, 0.50082344],
        [0.5, 0.1666667, 0.1666667],
        [0.0, 0.33188446, 0.83250986],
        [0.5, 0.49944085, 0.50132335],
        [0.0, 0.00624102, 0.999667],
        [0.5, 0.1666667, 0.6666667],
        [0.0, 0.32709228, 0.3336663],
        [0.5, 0.49447933, 0.99468149],
        [0.0, 0.6666667, 0.6666667],
        [0.5, 0.83885397, 0.33865181]
    ],
    "relaxed_energy": -110.66432207,
    "relaxed_forces": [
        [0.00671205, 0.02423639, 0.00671205],
        [0.03932413, -0.00080238, 0.03932413],
        [-0.0, -0.0, 0.0],
        [-0.03932413, 0.00080238, -0.03932413],
        [-0.00671205, -0.02423639, -0.00671205],
        [0.02574055, -0.00106691, 0.02574055],
        [-0.0, -0.0, 0.0],
        [-0.02574055, 0.00106691, -0.02574055],
        [-0.04630387, -0.02145205, -0.04630387],
        [-0.0, -0.0, 0.0],
        [0.04630387, 0.02145205, 0.04630387]
    ],
    "relaxed_lattice": [
        [2.2981719, 0.0, -2.2981719],
        [2.30626682, 4.58089461, 2.30626682],
        [4.62423305, -4.5925464, 4.62423305]
    ]
}