{
    "atom_type": [
        "N",
        "Zr"
    ],
    "atoms_per_type": [
        4,
        8
    ],
    "coord_mode": "direct",
    "relaxed_basis": [
        [0.5, 0.62798616, 0.37798616],
        [0.0, 0.74963241, 0.75036759],
        [0.0, 0.00036759, 0.49963241],
        [0.5, 0.12201384, 0.87201384],
        [0.0, 0.00254129, 0.99290423],
        [0.5, 0.12220761, 0.37779239],
        [0.0, 0.24290423, 0.75254129],
        [0.5, 0.375, 0.125],
        [0.0, 0.50709577, 0.49745871],
        [0.5, 0.62779239, 0.87220761],
        [0.0, 0.74745871, 0.25709577],
        [0.5, 0.875, 0.625]
    ],
    "relaxed_energy": -115.51487989,
    "relaxed_forces": [
        [0.0, 0.0, 0.04645083],
        [0.04680306, -0.04680306, 0.0],
        [-0.04680306, 0.04680306, 0.0],
        [0.0, 0.0, -0.04645083],
        [-0.03181791, 0.03181791, -0.03664632],
        [0.02446556, -0.02446556, 0.0],
        [0.03181791, -0.03181791, -0.03664632],
        [0.0, 0.0, 0.0],
        [-0.03181791, 0.03181791, 0.03664632],
        [-0.02446556, 0.02446556, 0.0],
        [0.03181791, -0.03181791, 0.03664632],
        [0.0, 0.0, 0.0]
    ],
    "relaxed_lattice": [
        [2.30265708, 2.30265708, 0.0],
        [-4.55921425, 4.55921425, 4.66371105],
        [4.55921425, -4.55921425, 4.66371105]
    ]
}