{
    "atom_type": [
        "N",
        "Zr"
    ],
    "atoms_per_type": [
        5,
        7
    ],
    "coord_mode": "direct",
    "relaxed_basis": [
        [0.8571429, 0.7142857, 0.0714286],
        [0.9994443, 0.99888861, 0.50082099],
        [0.57135104, 0.14270197, 0.21606962],
        [0.14293466, 0.28586943, 0.92678748],
        [0.7148414, 0.42968279, 0.64203611],
        [0.00281309, 0.00562618, 0.00983256],
        [0.57541822, 0.15083635, 0.71374154],
        [0.13886748, 0.27773505, 0.42911556],
        [0.71147261, 0.42294522, 0.13302454],
        [0.28386109, 0.56772217, 0.86092979],
        [0.8571429, 0.7142857, 0.5714286],
        [0.43042461, 0.86084933, 0.28192741]
    ],
    "relaxed_energy": -119.48216983,
    "relaxed_forces": [
        [0.0, 0.0, 0.0],
        [-0.00105143, -0.02948627, -0.00105143],
        [0.02432308, -0.01144692, 0.02432308],
        [-0.02432308, 0.01144692, -0.02432308],
        [0.00105143, 0.02948627, 0.00105143],
        [0.05315387, 0.00197634, 0.05315387],
        [0.00169985, 0.00348374, 0.00169985],
        [-0.00169985, -0.00348374, -0.00169985],
        [-0.05315387, -0.00197634, -0.05315387],
        [0.0133098, 0.01720881, 0.0133098],
        [0.0, 0.0, 0.0],
        [-0.0133098, -0.01720881, -0.0133098]
    ],
    "relaxed_lattice": [
        [2.30716182, 0.0, -2.30716182],
        [-0.00229707, 6.85123793, 2.30486475],
        [4.62615061, -4.57458906, 4.62615061]
    ]
}