{
    "atom_type": [
        "N",
        "Zr"
    ],
    "atoms_per_type": [
        4,
        6
    ],
    "coord_mode": "direct",
    "relaxed_basis": [
        [0.50100692, 0.25045789, 0.00201383],
        [0.16566355, 0.08272368, 0.33132701],
        [0.83433645, 0.91727632, 0.66867299],
        [0.49899308, 0.74954211, 0.99798617],
        [0.0, 0.0, 0.0],
        [0.6667193, 0.84570813, 0.33343851],
        [0.33470941, 0.67874956, 0.66941892],
        [0.0, 0.5, 0.0],
        [0.66529059, 0.32125044, 0.33058108],
        [0.3332807, 0.15429187, 0.66656149]
    ],
    "relaxed_energy": -98.78099778,
    "relaxed_forces": [
        [0.02318111, 0.02318111, 0.05694621],
        [0.02916624, 0.02916624, 0.0866949],
        [-0.02916624, -0.02916624, -0.0866949],
        [-0.02318111, -0.02318111, -0.05694621],
        [0.0, 0.0, 0.0],
        [0.04537915, 0.04537915, -0.09849611],
        [0.07153994, 0.07153994, -0.08146482],
        [-0.0, 0.0, 0.0],
        [-0.07153994, -0.07153994, 0.08146482],
        [-0.04537915, -0.04537915, 0.09849611]
    ],
    "relaxed_lattice": [
        [2.3186812, -2.3186812, 0.0],
        [4.61051366, 4.61051366, 0.00105622],
        [-2.31110814, 0.00757307, 6.87170437]
    ]
}