{
    "atom_type": [
        "N",
        "Zr"
    ],
    "atoms_per_type": [
        5,
        8
    ],
    "coord_mode": "direct",
    "relaxed_basis": [
        [0.87543379, 0.87543379, 0.75086758],
        [0.00050448, 0.50050448, 0.00100897],
        [0.25197616, 0.75197616, 0.50395233],
        [0.37543379, 0.37543379, 0.75086758],
        [0.49975359, 0.99975359, 0.99950718],
        [0.99784941, 0.99784941, 0.99569882],
        [0.12730062, 0.62730062, 0.25460125],
        [0.24897219, 0.24897219, 0.49794437],
        [0.37265041, 0.87265041, 0.74530082],
        [0.49784941, 0.49784941, 0.99569882],
        [0.62341873, 0.12341873, 0.24683747],
        [0.74897219, 0.74897219, 0.49794437],
        [0.87988521, 0.37988521, 0.75977043]
    ],
    "relaxed_energy": -127.6393539,
    "relaxed_forces": [
        [0.0, 0.0, -0.04349911],
        [-0.0, -0.0, 0.11141345],
        [-0.0, -0.0, 0.06054421],
        [0.0, 0.0, -0.04349911],
        [0.0, 0.0, -0.07742843],
        [0.0, 0.0, -0.03685424],
        [-0.0, -0.0, 0.02077296],
        [-0.0, -0.0, 0.01771332],
        [0.0, 0.0, -0.0837766],
        [0.0, 0.0, -0.03685424],
        [0.0, 0.0, -0.03748197],
        [-0.0, -0.0, 0.01771332],
        [-0.0, -0.0, 0.13123645]
    ],
    "relaxed_lattice": [
        [4.59333387, 0.0, -0.0],
        [0.0, 4.59333387, -0.0],
        [-2.29666694, -2.29666694, 9.21617566]
    ]
}