{
    "atom_type": [
        "N",
        "Zr"
    ],
    "atoms_per_type": [
        4,
        8
    ],
    "coord_mode": "direct",
    "relaxed_basis": [
        [0.25120625, 0.12174675, 0.62839521],
        [0.74881279, 0.87610134, 0.87610134],
        [0.25034114, 0.124232, 0.124232],
        [0.25120625, 0.62839521, 0.12174675],
        [0.01186907, 0.99445254, 0.99445254],
        [0.00453789, 0.50152119, 0.00299563],
        [0.4746623, 0.25401906, 0.25401906],
        [0.49673481, 0.75532758, 0.23858606],
        [0.00370183, 0.49707926, 0.49707926],
        [0.00453789, 0.00299563, 0.50152119],
        [0.50565498, 0.75554339, 0.75554339],
        [0.49673481, 0.23858606, 0.75532758]
    ],
    "relaxed_energy": -115.83606648,
    "relaxed_forces": [
        [-0.02936259, -0.07464659, 0.05028309],
        [0.1357383, -0.03819282, -0.03819282],
        [-0.10548729, 0.0433894, 0.0433894],
        [-0.02936259, 0.05028309, -0.07464659],
        [-0.02883763, 0.08713166, 0.08713166],
        [0.01978799, 0.01550825, 0.00985393],
        [-0.07314316, 0.00013586, 0.00013586],
        [-0.03130605, -0.07459701, 0.05188862],
        [0.04676797, 0.08597897, 0.08597897],
        [0.01978799, 0.00985393, 0.01550825],
        [0.1067231, -0.15673337, -0.15673337],
        [-0.03130605, 0.05188862, -0.07459701]
    ],
    "relaxed_lattice": [
        [4.65043087, -2.28548027, -2.28548027],
        [4.65072149, 4.58178844, -0.01029783],
        [4.65072149, -0.01029783, 4.58178844]
    ]
}