{
    "atom_type": [
        "N",
        "Zr"
    ],
    "atoms_per_type": [
        2,
        8
    ],
    "coord_mode": "direct",
    "relaxed_basis": [
        [0.5, 0.87437947, 0.12421288],
        [0.5, 0.12562053, 0.87578712],
        [0.0, 0.0, 0.0],
        [0.5, 0.0, 0.5],
        [0.5, 0.24496799, 0.25405614],
        [0.0, 0.24516462, 0.75437568],
        [0.0, 0.5, 0.5],
        [0.5, 0.5, 0.0],
        [0.5, 0.75503201, 0.74594386],
        [0.0, 0.75483538, 0.24562432]
    ],
    "relaxed_energy": -91.72012275,
    "relaxed_forces": [
        [-0.01257944, 0.01944081, 0.01257944],
        [0.01257944, -0.01944081, -0.01257944],
        [0.0, 0.0, 0.0],
        [0.0, 0.0, 0.0],
        [-0.04019625, -0.01370109, 0.04019625],
        [-0.05150885, 0.04048018, 0.05150885],
        [0.0, 0.0, 0.0],
        [0.0, 0.0, 0.0],
        [0.04019625, 0.01370109, -0.04019625],
        [0.05150885, -0.04048018, -0.05150885]
    ],
    "relaxed_lattice": [
        [2.29335686, 0.0, 2.29335686],
        [2.28946761, 4.55845058, -2.28946761],
        [-6.87265153, 4.56280208, 6.87265153]
    ]
}