{
    "atom_type": [
        "N",
        "Zr"
    ],
    "atoms_per_type": [
        6,
        8
    ],
    "coord_mode": "direct",
    "relaxed_basis": [
        [0.5624913, 0.5624913, 0.31252609],
        [0.4375087, 0.4375087, 0.68747391],
        [0.18753971, 0.18753971, 0.43738086],
        [0.06269914, 0.06269914, 0.81190259],
        [0.93730086, 0.93730086, 0.18809741],
        [0.81246029, 0.81246029, 0.56261914],
        [0.0, 0.0, 0.0],
        [0.8747725, 0.8747725, 0.3756825],
        [0.74936692, 0.74936692, 0.75189923],
        [0.62464954, 0.62464954, 0.12605138],
        [0.5, 0.5, 0.5],
        [0.37535046, 0.37535046, 0.87394862],
        [0.25063308, 0.25063308, 0.24810077],
        [0.1252275, 0.1252275, 0.6243175]
    ],
    "relaxed_energy": -139.26594325,
    "relaxed_forces": [
        [0.03171667, 0.03171667, -0.03171667],
        [-0.03171667, -0.03171667, 0.03171667],
        [0.01652691, 0.01652691, -0.01652691],
        [0.017314, 0.017314, -0.017314],
        [-0.017314, -0.017314, 0.017314],
        [-0.01652691, -0.01652691, 0.01652691],
        [0.0, 0.0, 0.0],
        [0.01848665, 0.01848665, -0.01848665],
        [0.02400876, 0.02400876, -0.02400876],
        [-0.03480827, -0.03480827, 0.03480827],
        [-0.0, 0.0, 0.0],
        [0.03480827, 0.03480827, -0.03480827],
        [-0.02400876, -0.02400876, 0.02400876],
        [-0.01848665, -0.01848665, 0.01848665]
    ],
    "relaxed_lattice": [
        [2.29691216, 0.0, 2.29691216],
        [0.0, 2.29691216, 2.29691216],
        [-11.48875135, -11.48875135, 13.78566351]
    ]
}