{
    "atom_type": [
        "N",
        "Zr"
    ],
    "atoms_per_type": [
        3,
        8
    ],
    "coord_mode": "direct",
    "relaxed_basis": [
        [0.31207092, 0.81219058, 0.56366759],
        [0.564477, 0.0592002, 0.81184579],
        [0.18687358, 0.68966383, 0.936589],
        [0.00241863, 7.95e-05, 0.99508325],
        [0.62991162, 0.62063082, 0.11954594],
        [0.24716602, 0.25144911, 0.25421885],
        [0.87267382, 0.87503927, 0.37961309],
        [0.50238128, 0.50126079, 0.49397664],
        [0.12510002, 0.12022708, 0.62957288],
        [0.74513852, 0.75793715, 0.7517858],
        [0.37428858, 0.37482166, 0.87660117]
    ],
    "relaxed_energy": -103.692622,
    "relaxed_forces": [
        [-0.00860325, -0.02916888, 0.00860325],
        [-0.02295267, 0.05296975, 0.02295267],
        [0.02339386, 0.0352464, -0.02339386],
        [-0.03798387, 0.07346598, 0.03798387],
        [0.04394509, -0.14120745, -0.04394509],
        [-0.06883831, 0.01619226, 0.06883831],
        [-0.0227044, 0.00925775, 0.0227044],
        [0.06957029, -0.00903, -0.06957029],
        [-0.00833862, 0.0735447, 0.00833862],
        [0.01307236, -0.09523382, -0.01307236],
        [0.01943953, 0.01396331, -0.01943953]
    ],
    "relaxed_lattice": [
        [2.29634315, 0.0, 2.29634315],
        [2.30287612, 6.89123023, -0.00653297],
        [-4.57230333, 2.27940904, 6.86864649]
    ]
}