{
    "atom_type": [
        "N",
        "Zr"
    ],
    "atoms_per_type": [
        2,
        4
    ],
    "coord_mode": "direct",
    "relaxed_basis": [
        [0.12463538, 0.12463538, 0.62609385],
        [0.37536462, 0.37536462, 0.87390615],
        [0.00018197, 0.00018197, 0.99945409],
        [0.25, 0.25, 0.25],
        [0.49981803, 0.49981803, 0.50054591],
        [0.75, 0.75, 0.75]
    ],
    "relaxed_energy": -57.69824932,
    "relaxed_forces": [
        [-0.05765451, 0.05765451, 0.05765451],
        [0.05765451, -0.05765451, -0.05765451],
        [0.02649492, -0.02649492, -0.02649492],
        [-0.0, 0.0, 0.0],
        [-0.02649492, 0.02649492, 0.02649492],
        [0.0, 0.0, 0.0]
    ],
    "relaxed_lattice": [
        [2.2887661, 0.0, 2.2887661],
        [2.2887661, 2.2887661, 0.0],
        [-4.61007442, 6.89884053, 6.89884053]
    ]
}