{
    "atom_type": [
        "N",
        "Zr"
    ],
    "atoms_per_type": [
        4,
        8
    ],
    "coord_mode": "direct",
    "relaxed_basis": [
        [0.87481208, 0.74962417, 0.81124992],
        [0.37540718, 0.75081436, 0.56219154],
        [0.62432907, 0.24865814, 0.43770257],
        [0.87497395, 0.74994789, 0.31298239],
        [0.00303041, 0.00606082, 0.00010455],
        [0.25508736, 0.51017472, 0.87566944],
        [0.49033688, 0.98067377, 0.75240811],
        [0.75585706, 0.51171413, 0.62345771],
        [0.99727382, 0.99454763, 0.49412229],
        [0.25408726, 0.50817452, 0.37857472],
        [0.49683379, 0.99366759, 0.25318923],
        [0.74797113, 0.49594226, 0.12334753]
    ],
    "relaxed_energy": -115.84189619,
    "relaxed_forces": [
        [0.05449546, -0.05449546, -0.01253042],
        [-0.09171915, 0.09171915, 0.04159769],
        [-0.00086872, 0.00086872, 0.00692175],
        [0.03191446, -0.03191446, -0.08833082],
        [-0.05857252, 0.05857252, 0.14391566],
        [-0.01483429, 0.01483429, 0.01619175],
        [0.00894527, -0.00894527, -0.01135691],
        [-0.00062597, 0.00062597, -0.11185419],
        [-0.04084535, 0.04084535, 0.08314612],
        [0.0116705, -0.0116705, -0.0609992],
        [0.05481028, -0.05481028, -0.01869227],
        [0.04563003, -0.04563003, 0.01199084]
    ],
    "relaxed_lattice": [
        [2.30937426, 2.30937426, -0.0],
        [-4.599025, 2.28965075, 2.28234663],
        [4.60749363, -4.60749363, 9.17452317]
    ]
}