{
    "atom_type": [
        "N",
        "Zr"
    ],
    "atoms_per_type": [
        4,
        8
    ],
    "coord_mode": "direct",
    "relaxed_basis": [
        [0.62435551, 0.24871101, 0.93734828],
        [0.12719042, 0.25438084, 0.68646726],
        [0.37280958, 0.74561916, 0.56353274],
        [0.87564449, 0.75128899, 0.31265172],
        [0.00671636, 0.01343272, 0.99627689],
        [0.2406025, 0.48120501, 0.87917034],
        [0.50975519, 0.01951039, 0.74663833],
        [0.75, 0.5, 0.625],
        [0.99024481, 0.98048961, 0.50336167],
        [0.2593975, 0.51879499, 0.37082966],
        [0.49328364, 0.98656728, 0.25372311],
        [0.75, 0.5, 0.125]
    ],
    "relaxed_energy": -116.08236032,
    "relaxed_forces": [
        [-0.00171835, 0.00171835, 0.02424849],
        [-0.00414875, 0.00414875, 0.01622825],
        [0.00414875, -0.00414875, -0.01622825],
        [0.00171835, -0.00171835, -0.02424849],
        [0.02589141, -0.02589141, -0.01921303],
        [-0.01314252, 0.01314252, 0.03496962],
        [-0.05249125, 0.05249125, -0.0121041],
        [-0.0, -0.0, 0.0],
        [0.05249125, -0.05249125, 0.0121041],
        [0.01314252, -0.01314252, -0.03496962],
        [-0.02589141, 0.02589141, 0.01921303],
        [-0.0, -0.0, 0.0]
    ],
    "relaxed_lattice": [
        [2.33385643, 2.33385643, -0.0],
        [-4.63941326, 2.30555684, 2.24799799],
        [4.66926832, -4.66926832, 9.1068952]
    ]
}