{
    "atom_type": [
        "N",
        "Zr"
    ],
    "atoms_per_type": [
        4,
        6
    ],
    "coord_mode": "direct",
    "relaxed_basis": [
        [0.8333333, 0.4166667, 0.6666667],
        [0.16792347, 0.08354453, 0.33584684],
        [0.8333333, 0.9166667, 0.6666667],
        [0.49874323, 0.74978877, 0.99748646],
        [0.00020208, 0.98952506, 0.00040416],
        [0.66646462, 0.84380824, 0.33292914],
        [0.33815748, 0.66941499, 0.67631506],
        [0.99881826, 0.50845267, 0.99763651],
        [0.66784844, 0.32488063, 0.33569679],
        [0.32850912, 0.16391841, 0.65701834]
    ],
    "relaxed_energy": -98.945728,
    "relaxed_forces": [
        [0.0, 0.0, 0.0],
        [0.03215881, 0.03215881, -0.05682255],
        [0.0, 0.0, 0.0],
        [-0.03215881, -0.03215881, 0.05682255],
        [-0.07277368, -0.07277368, -0.05064604],
        [0.07277368, 0.07277368, 0.05064604],
        [0.03433401, 0.03433401, -0.01256419],
        [0.0369372, 0.0369372, -0.01219785],
        [-0.0369372, -0.0369372, 0.01219785],
        [-0.03433401, -0.03433401, 0.01256419]
    ],
    "relaxed_lattice": [
        [2.31695976, -2.31695976, 0.0],
        [4.60157948, 4.60157948, 0.00568533],
        [-2.30461816, 0.0123416, 6.89034129]
    ]
}