{
    "atom_type": [
        "N",
        "Zr"
    ],
    "atoms_per_type": [
        3,
        7
    ],
    "coord_mode": "direct",
    "relaxed_basis": [
        [0.78536961, 0.57073922, 0.85500931],
        [0.9285714, 0.8571429, 0.2857143],
        [0.07177329, 0.14354648, 0.71641929],
        [0.98505337, 0.97010675, 0.99269328],
        [0.58547048, 0.17094085, 0.72054692],
        [0.12982475, 0.2596496, 0.41810011],
        [0.72731805, 0.4546361, 0.15332839],
        [0.27167242, 0.54334485, 0.85088168],
        [0.87208953, 0.74417895, 0.57873532],
        [0.4285714, 0.8571429, 0.2857143]
    ],
    "relaxed_energy": -95.77561133,
    "relaxed_forces": [
        [0.0, -0.06745199, 0.08626102],
        [0.0, -0.0, -0.0],
        [-0.0, 0.06745199, -0.08626102],
        [0.0, -0.0601309, 0.03316795],
        [-0.0, 0.04505722, -0.06913274],
        [0.0, -0.02757045, -0.01249462],
        [-0.0, 0.02757045, 0.01249462],
        [0.0, -0.04505722, 0.06913274],
        [-0.0, 0.0601309, -0.03316795],
        [0.0, -0.0, -0.0]
    ],
    "relaxed_lattice": [
        [4.53107774, -0.0, -0.0],
        [-2.26553888, 4.80075644, -2.2485163],
        [-0.0, 2.43108881, 6.80037671]
    ]
}