{
    "atom_type": [
        "N",
        "Zr"
    ],
    "atoms_per_type": [
        4,
        8
    ],
    "coord_mode": "direct",
    "relaxed_basis": [
        [0.12583062, 0.12583062, 0.25166124],
        [0.25071279, 0.75071279, 0.50142559],
        [0.37428721, 0.37428721, 0.74857441],
        [0.49916938, 0.99916938, 0.99833876],
        [0.0059372, 0.0059372, 0.0118744],
        [0.13310469, 0.63310469, 0.26620938],
        [0.25085625, 0.25085625, 0.50171251],
        [0.37414375, 0.87414375, 0.74828749],
        [0.49189531, 0.49189531, 0.98379062],
        [0.6190628, 0.1190628, 0.2381256],
        [0.75281728, 0.75281728, 0.50563456],
        [0.87218272, 0.37218272, 0.74436544]
    ],
    "relaxed_energy": -115.90726388,
    "relaxed_forces": [
        [-0.0, -0.0, 0.0085137],
        [0.0, 0.0, -0.03099843],
        [-0.0, -0.0, 0.03099843],
        [0.0, 0.0, -0.0085137],
        [0.0, 0.0, -0.01471648],
        [-0.0, -0.0, 0.04064325],
        [-0.0, -0.0, 0.00613453],
        [0.0, 0.0, -0.00613453],
        [0.0, 0.0, -0.04064325],
        [-0.0, -0.0, 0.01471648],
        [-0.0, -0.0, 0.03014375],
        [0.0, 0.0, -0.03014375]
    ],
    "relaxed_lattice": [
        [4.54548188, 0.0, -0.0],
        [0.0, 4.56306634, -0.0],
        [-2.27274094, -2.28153318, 9.39759132]
    ]
}