{
    "atom_type": [
        "N",
        "Zr"
    ],
    "atoms_per_type": [
        3,
        6
    ],
    "coord_mode": "direct",
    "relaxed_basis": [
        [0.41609475, 0.6678106, 0.75],
        [0.5833333, 0.3333333, 0.25],
        [0.75057195, 0.9988561, 0.75],
        [0.98776418, 0.99800516, 0.98892509],
        [0.17890252, 0.66866154, 0.51107491],
        [0.35499642, 0.3333333, 0.00846228],
        [0.51423066, 0.99800516, 0.51107491],
        [0.65243604, 0.66866154, 0.98892509],
        [0.81167018, 0.3333333, 0.49153772]
    ],
    "relaxed_energy": -87.22407787,
    "relaxed_forces": [
        [-0.0, -0.0313569, -0.0313569],
        [-0.0, 0.0, -0.0],
        [0.0, 0.0313569, 0.0313569],
        [-0.03413403, -0.0133729, -0.00898252],
        [0.03413403, 0.0133729, 0.00898252],
        [-0.02132165, -0.0065888, 0.0065888],
        [0.03413403, -0.00898252, -0.0133729],
        [-0.03413403, 0.00898252, 0.0133729],
        [0.02132165, 0.0065888, -0.0065888]
    ],
    "relaxed_lattice": [
        [4.77225874, 2.26405825, -2.26405825],
        [2.38612937, 4.5724767, 2.30841846],
        [4.76110984, -2.25158963, 2.25158963]
    ]
}