{
    "atom_type": [
        "N",
        "Zr"
    ],
    "atoms_per_type": [
        4,
        8
    ],
    "coord_mode": "direct",
    "relaxed_basis": [
        [0.5, 0.0, 0.37307584],
        [0.0, 0.5, 0.50156005],
        [0.0, 0.5, 0.74843995],
        [0.5, 0.0, 0.87692416],
        [0.0, 0.0, 0.99884909],
        [0.5, 0.5, 0.125],
        [0.0, 0.0, 0.25115091],
        [0.5, 0.5, 0.38187696],
        [0.0, 0.0, 0.48938832],
        [0.5, 0.5, 0.625],
        [0.0, 0.0, 0.76061168],
        [0.5, 0.5, 0.86812304]
    ],
    "relaxed_energy": -115.87662536,
    "relaxed_forces": [
        [0.02335999, 0.0, -0.02335999],
        [-0.03604898, 0.0, 0.03604898],
        [0.03604898, 0.0, -0.03604898],
        [-0.02335999, 0.0, 0.02335999],
        [0.00215837, 0.0, -0.00215837],
        [-0.0, 0.0, 0.0],
        [-0.00215837, 0.0, 0.00215837],
        [0.00078694, 0.0, -0.00078694],
        [-0.00127509, 0.0, 0.00127509],
        [-0.0, 0.0, 0.0],
        [0.00127509, 0.0, -0.00127509],
        [-0.00078694, 0.0, 0.00078694]
    ],
    "relaxed_lattice": [
        [2.30391027, 0.0, 2.30391027],
        [0.0, 4.55814946, 0.0],
        [-9.28886879, 0.0, 9.28886879]
    ]
}