{
    "atom_type": [
        "N",
        "Zr"
    ],
    "atoms_per_type": [
        2,
        8
    ],
    "coord_mode": "direct",
    "relaxed_basis": [
        [0.0, 0.0, 0.74742761],
        [0.0, 0.5, 0.00257239],
        [0.0, 0.0, 0.99142018],
        [0.5, 0.5, 0.00793288],
        [0.0, 0.5, 0.24683733],
        [0.5, 0.0, 0.26093865],
        [0.0, 0.0, 0.50316267],
        [0.5, 0.5, 0.48906135],
        [0.0, 0.5, 0.75857982],
        [0.5, 0.0, 0.74206712]
    ],
    "relaxed_energy": -92.04354158,
    "relaxed_forces": [
        [0.0, 0.0, 0.0168363],
        [0.0, 0.0, -0.0168363],
        [0.0, 0.0, -0.06026612],
        [0.0, 0.0, 0.01498334],
        [0.0, 0.0, 0.02724956],
        [0.0, 0.0, 0.02146647],
        [0.0, 0.0, -0.02724956],
        [0.0, 0.0, -0.02146647],
        [0.0, 0.0, 0.06026612],
        [0.0, 0.0, -0.01498334]
    ],
    "relaxed_lattice": [
        [4.57522535, 0.0, 0.0],
        [0.0, 4.54921313, 0.0],
        [0.0, 0.0, 9.19924332]
    ]
}