{
    "atom_type": [
        "N",
        "Zr"
    ],
    "atoms_per_type": [
        1,
        3
    ],
    "coord_mode": "direct",
    "relaxed_basis": [
        [0.5, 0.5, 0.0],
        [0.0, 0.0, 0.0],
        [0.66707495, 0.66707495, 0.33414981],
        [0.33292505, 0.33292505, 0.66585019]
    ],
    "relaxed_energy": -37.33926104,
    "relaxed_forces": [
        [0.0, 0.0, 0.0],
        [0.0, 0.0, 0.0],
        [-0.0, 0.0, 0.07982457],
        [0.0, 0.0, -0.07982457]
    ],
    "relaxed_lattice": [
        [2.29811512, -2.29811512, 0.0],
        [2.29811512, 2.29811512, 0.0],
        [-2.29811512, 0.0, 6.8059417]
    ]
}