{
    "atom_type": [
        "N",
        "Zr"
    ],
    "atoms_per_type": [
        4,
        8
    ],
    "coord_mode": "direct",
    "relaxed_basis": [
        [0.25, 0.25, 0.74954733],
        [0.75, 0.25, 0.50055151],
        [0.75, 0.75, 0.25009998],
        [0.25, 0.25, 0.25312726],
        [0.00848876, 0.00123506, 0.00516866],
        [0.49151124, 0.49876494, 0.00516866],
        [0.49562959, 0.0135078, 0.74561959],
        [0.00437041, 0.4864922, 0.74561959],
        [0.99968136, 0.01227912, 0.49278325],
        [0.50031864, 0.48772088, 0.49278325],
        [0.50992146, 0.0030775, 0.25476547],
        [0.99007854, 0.4969225, 0.25476547]
    ],
    "relaxed_energy": -115.83900222,
    "relaxed_forces": [
        [0.01785226, -0.01785226, 0.0],
        [-0.03894093, 0.03894093, 0.0],
        [0.03970641, -0.03970641, 0.0],
        [0.00489224, -0.00489224, 0.0],
        [-0.02827253, -0.00240613, -0.17646716],
        [0.00240613, 0.02827253, 0.17646716],
        [-0.00766712, 0.04250999, 0.05381803],
        [-0.04250999, 0.00766712, -0.05381803],
        [0.03065694, 0.03412518, -0.03616596],
        [-0.03412518, -0.03065694, 0.03616596],
        [0.0556321, -0.00036967, -0.06207643],
        [0.00036967, -0.0556321, 0.06207643]
    ],
    "relaxed_lattice": [
        [-2.31196568, -2.31196568, -4.58944384],
        [-2.29308967, -2.29308967, 4.57044649],
        [-4.6152782, 4.6152782, 0.0]
    ]
}