{
    "atom_type": [
        "N",
        "Zr"
    ],
    "atoms_per_type": [
        4,
        8
    ],
    "coord_mode": "direct",
    "relaxed_basis": [
        [0.75, 0.75, 0.25],
        [0.75, 0.25, 0.75],
        [0.25, 0.75, 0.75],
        [0.75, 0.75, 0.75],
        [0.99628268, 0.99628268, 0.99628268],
        [0.51115195, 0.99628268, 0.99628268],
        [0.99628268, 0.51115195, 0.99628268],
        [0.50371732, 0.50371732, 0.98884805],
        [0.99628268, 0.99628268, 0.51115195],
        [0.50371732, 0.98884805, 0.50371732],
        [0.98884805, 0.50371732, 0.50371732],
        [0.50371732, 0.50371732, 0.50371732]
    ],
    "relaxed_energy": -115.64238472,
    "relaxed_forces": [
        [-0.0, -0.0, -0.0],
        [-0.0, -0.0, -0.0],
        [-0.0, -0.0, -0.0],
        [-0.0, -0.0, -0.0],
        [0.00986313, 0.00986313, 0.00986313],
        [0.00986313, -0.00986313, -0.00986313],
        [-0.00986313, 0.00986313, -0.00986313],
        [0.00986313, 0.00986313, -0.00986313],
        [-0.00986313, -0.00986313, 0.00986313],
        [0.00986313, -0.00986313, 0.00986313],
        [-0.00986313, 0.00986313, 0.00986313],
        [-0.00986313, -0.00986313, -0.00986313]
    ],
    "relaxed_lattice": [
        [0.0, 4.61238911, 4.61238911],
        [4.61238911, 0.0, 4.61238911],
        [4.61238911, 4.61238911, 0.0]
    ]
}