{
    "atom_type": [
        "N",
        "Zr"
    ],
    "atoms_per_type": [
        2,
        7
    ],
    "coord_mode": "direct",
    "relaxed_basis": [
        [0.00050623, 0.00101246, 0.49956919],
        [0.71377947, 0.42755894, 0.64328791],
        [0.00341164, 0.00682327, 0.00385322],
        [0.57002853, 0.14005697, 0.70358166],
        [0.14425717, 0.28851443, 0.43927544],
        [0.71087406, 0.42174813, 0.13900388],
        [0.28629363, 0.57258725, 0.85439853],
        [0.8571429, 0.7142857, 0.5714286],
        [0.42799207, 0.85598425, 0.28845867]
    ],
    "relaxed_energy": -83.27059937,
    "relaxed_forces": [
        [-0.02594731, 0.0387455, -0.02594731],
        [0.02594731, -0.0387455, 0.02594731],
        [0.03931439, 0.04746093, 0.03931439],
        [-0.05523441, 0.08016451, -0.05523441],
        [0.05523441, -0.08016451, 0.05523441],
        [-0.03931439, -0.04746093, -0.03931439],
        [0.016969, 0.05056428, 0.016969],
        [-0.0, 0.0, 0.0],
        [-0.016969, -0.05056428, -0.016969]
    ],
    "relaxed_lattice": [
        [2.28495001, 0.0, -2.28495001],
        [-0.01887869, 6.89735368, 2.26607132],
        [4.59510485, -4.63161631, 4.59510485]
    ]
}