{
    "atom_type": [
        "N",
        "Zr"
    ],
    "atoms_per_type": [
        2,
        6
    ],
    "coord_mode": "direct",
    "relaxed_basis": [
        [0.58401353, 0.91924929, 0.16802715],
        [0.24931977, 0.24741741, 0.49863955],
        [0.00024711, 0.99697682, 0.00049422],
        [0.83308619, 0.16968988, 0.66617248],
        [0.66923938, 0.32142389, 0.33847865],
        [0.49991573, 0.50436401, 0.99983146],
        [0.33341757, 0.66230269, 0.66683524],
        [0.16409402, 0.84524271, 0.32818795]
    ],
    "relaxed_energy": -74.77822625,
    "relaxed_forces": [
        [0.03705338, 0.06919622, -0.03705338],
        [-0.03705338, -0.06919622, 0.03705338],
        [0.04411482, 0.00883223, -0.04411482],
        [-0.04411482, -0.00883223, 0.04411482],
        [0.01653164, -0.02638075, -0.01653164],
        [0.01681676, 0.04039783, -0.01681676],
        [-0.01681676, -0.04039783, 0.01681676],
        [-0.01653164, 0.02638075, 0.01653164]
    ],
    "relaxed_lattice": [
        [2.29042656, 0.0, 2.29042656],
        [2.26054305, 4.63080902, -2.26054305],
        [-6.8445246, 2.36358907, 4.55409804]
    ]
}