{
    "atom_type": [
        "N",
        "Zr"
    ],
    "atoms_per_type": [
        1,
        7
    ],
    "coord_mode": "direct",
    "relaxed_basis": [
        [0.5, 0.5, 0.5],
        [0.0, 0.0, 0.0],
        [0.14358195, 0.14358195, 0.56925404],
        [0.28578051, 0.28578051, 0.14265846],
        [0.42751964, 0.42751964, 0.71744097],
        [0.57248036, 0.57248036, 0.28255903],
        [0.71421949, 0.71421949, 0.85734154],
        [0.85641805, 0.85641805, 0.43074596]
    ],
    "relaxed_energy": -71.28702839,
    "relaxed_forces": [
        [-0.0, -0.0, -0.0],
        [-0.0, -0.0, -0.0],
        [0.05948718, -0.05948718, -0.05948718],
        [0.02913842, -0.02913842, -0.02913842],
        [-0.06364664, 0.06364664, 0.06364664],
        [0.06364664, -0.06364664, -0.06364664],
        [-0.02913842, 0.02913842, 0.02913842],
        [-0.05948718, 0.05948718, 0.05948718]
    ],
    "relaxed_lattice": [
        [2.29183275, 0.0, 2.29183275],
        [2.29183275, 2.29183275, 0.0],
        [-9.05600832, 11.34784105, 11.34784105]
    ]
}