{
    "atom_type": [
        "N",
        "Zr"
    ],
    "atoms_per_type": [
        7,
        8
    ],
    "coord_mode": "direct",
    "relaxed_basis": [
        [0.75, 0.25, 0.25],
        [0.25, 0.75, 0.25],
        [0.75, 0.75, 0.25],
        [0.25, 0.25, 0.75],
        [0.75, 0.25, 0.75],
        [0.25, 0.75, 0.75],
        [0.75, 0.75, 0.75],
        [0.0, 0.0, 0.0],
        [0.50539058, 0.99460942, 0.99460942],
        [0.99460942, 0.50539058, 0.99460942],
        [0.50539058, 0.50539058, 0.99460942],
        [0.99460942, 0.99460942, 0.50539058],
        [0.50539058, 0.99460942, 0.50539058],
        [0.99460942, 0.50539058, 0.50539058],
        [0.5, 0.5, 0.5]
    ],
    "relaxed_energy": -151.46622875,
    "relaxed_forces": [
        [-0.0, -0.0, -0.0],
        [-0.0, -0.0, -0.0],
        [-0.0, -0.0, -0.0],
        [-0.0, -0.0, -0.0],
        [-0.0, -0.0, -0.0],
        [-0.0, -0.0, -0.0],
        [-0.0, -0.0, -0.0],
        [-0.0, -0.0, -0.0],
        [0.016449, -0.0, -0.0],
        [-0.0, 0.016449, -0.0],
        [-0.0, -0.0, -0.016449],
        [-0.0, -0.0, 0.016449],
        [-0.0, -0.016449, -0.0],
        [-0.016449, -0.0, -0.0],
        [0.0, -0.0, -0.0]
    ],
    "relaxed_lattice": [
        [0.0, 4.59881846, 4.59881846],
        [4.59881846, 0.0, 4.59881846],
        [4.59881846, 4.59881846, 0.0]
    ]
}