{
    "atom_type": [
        "N",
        "Zr"
    ],
    "atoms_per_type": [
        3,
        6
    ],
    "coord_mode": "direct",
    "relaxed_basis": [
        [0.0016646, 0.5, 0.00332919],
        [0.33375981, 0.5, 0.66751973],
        [0.50149525, 0.0, 0.0029905],
        [0.0014972, 0.0, 0.00299439],
        [0.16961454, 0.5, 0.33922899],
        [0.3358182, 0.0, 0.67163651],
        [0.49286279, 0.5, 0.98572559],
        [0.66182972, 0.0, 0.32365934],
        [0.83479119, 0.5, 0.66958247]
    ],
    "relaxed_energy": -86.83343839,
    "relaxed_forces": [
        [-0.0, 0.0, 0.09470649],
        [0.0, 0.0, -0.07921072],
        [-0.0, 0.0, 0.03416678],
        [0.0, 0.0, -0.07731318],
        [0.0, 0.0, -0.02125068],
        [-0.0, 0.0, 0.03200174],
        [0.0, 0.0, -0.0042297],
        [0.0, 0.0, -0.02319898],
        [-0.0, 0.0, 0.04432824]
    ],
    "relaxed_lattice": [
        [4.61324125, 0.0, -0.0],
        [0.0, 4.57648024, 0.0],
        [-2.30662063, 0.0, 6.88011637]
    ]
}