{
    "atom_type": [
        "N",
        "Zr"
    ],
    "atoms_per_type": [
        4,
        8
    ],
    "coord_mode": "direct",
    "relaxed_basis": [
        [0.0, 0.375, 0.75],
        [0.5, 0.74897595, 0.99795191],
        [0.0, 0.875, 0.75],
        [0.5, 0.00102405, 0.50204809],
        [0.0, 0.99069173, 0.00128223],
        [0.5, 0.12109516, 0.74219032],
        [0.0, 0.2394095, 0.49871777],
        [0.5, 0.375, 0.25],
        [0.0, 0.5105905, 0.00128223],
        [0.5, 0.62890484, 0.75780968],
        [0.0, 0.75930827, 0.49871777],
        [0.5, 0.875, 0.25]
    ],
    "relaxed_energy": -115.89266352,
    "relaxed_forces": [
        [-0.0, 0.0, 0.0],
        [0.0, -0.0, 0.01702215],
        [-0.0, 0.0, 0.0],
        [-0.0, 0.0, -0.01702215],
        [0.01365252, -0.01365252, 0.04884403],
        [0.0, -0.0, 0.0395887],
        [0.01365252, -0.01365252, -0.04884403],
        [0.0, 0.0, 0.0],
        [-0.01365252, 0.01365252, 0.04884403],
        [-0.0, 0.0, -0.0395887],
        [-0.01365252, 0.01365252, -0.04884403],
        [0.0, 0.0, 0.0]
    ],
    "relaxed_lattice": [
        [2.31668008, 2.31668008, 0.0],
        [-4.59789533, 4.59789533, 0.0],
        [2.29894767, -2.29894767, 9.11465286]
    ]
}