{
    "atom_type": [
        "N",
        "Zr"
    ],
    "atoms_per_type": [
        3,
        8
    ],
    "coord_mode": "direct",
    "relaxed_basis": [
        [0.12357496, 0.24714991, 0.6887671],
        [0.62714327, 0.25428653, 0.43534341],
        [0.87220149, 0.74440298, 0.31319908],
        [0.99905276, 0.99810552, 0.00275016],
        [0.25645735, 0.5129147, 0.88001595],
        [0.50708134, 0.01416269, 0.74894235],
        [0.74001456, 0.48002912, 0.62976496],
        [0.00974329, 0.01948658, 0.49465834],
        [0.25137819, 0.50275637, 0.37268853],
        [0.48930833, 0.97861666, 0.25235661],
        [0.74904447, 0.49808894, 0.11901351]
    ],
    "relaxed_energy": -103.83059289,
    "relaxed_forces": [
        [-0.04346982, 0.04346982, 0.06697869],
        [0.05652937, -0.05652937, -0.00331918],
        [-0.00937825, 0.00937825, -0.03035277],
        [-0.02470711, 0.02470711, 0.02740172],
        [-0.04313926, 0.04313926, -0.03145065],
        [0.02043671, -0.02043671, 0.03688105],
        [-0.01855801, 0.01855801, 0.0568282],
        [0.01792525, -0.01792525, -0.0214017],
        [0.01986955, -0.01986955, 0.01593287],
        [0.01015411, -0.01015411, -0.08944144],
        [0.01433747, -0.01433747, -0.02805679]
    ],
    "relaxed_lattice": [
        [2.32106877, 2.32106877, -0.0],
        [-4.64240508, 2.32133632, 2.2366528],
        [4.66616668, -4.66616668, 9.01457024]
    ]
}