{
    "atom_type": [
        "N",
        "Zr"
    ],
    "atoms_per_type": [
        3,
        4
    ],
    "coord_mode": "direct",
    "relaxed_basis": [
        [0.0, 0.5, 0.0],
        [0.25, 0.25, 0.5],
        [0.5, 0.0, 0.0],
        [0.0129384, 0.0129384, 0.02587681],
        [0.25, 0.75, 0.5],
        [0.4870616, 0.4870616, 0.97412319],
        [0.75, 0.25, 0.5]
    ],
    "relaxed_energy": -69.81481098,
    "relaxed_forces": [
        [0.0, -0.0, 0.0],
        [0.0, 0.0, 0.0],
        [-0.0, 0.0, 0.0],
        [-0.0, -0.0, 0.08540605],
        [0.0, 0.0, 0.0],
        [0.0, 0.0, -0.08540605],
        [0.0, 0.0, 0.0]
    ],
    "relaxed_lattice": [
        [4.59236004, 0.0, -0.0],
        [0.0, 4.59236004, -0.0],
        [-2.29618002, -2.29618002, 4.6318914]
    ]
}