{
    "atom_type": [
        "N",
        "Zr"
    ],
    "atoms_per_type": [
        2,
        6
    ],
    "coord_mode": "direct",
    "relaxed_basis": [
        [0.16408572, 0.08175984, 0.32817134],
        [0.50258098, 0.75157346, 0.00516196],
        [0.00135267, 0.9907887, 0.00270533],
        [0.66531403, 0.8425446, 0.33062797],
        [0.33452379, 0.66597121, 0.66904768],
        [0.99579265, 0.50511599, 0.99158531],
        [0.67087405, 0.32821731, 0.34174799],
        [0.33214281, 0.16736219, 0.66428572]
    ],
    "relaxed_energy": -74.81502801,
    "relaxed_forces": [
        [0.02327079, 0.02327079, -0.05955171],
        [-0.02327079, -0.02327079, 0.05955171],
        [0.02437741, 0.02437741, -0.01417655],
        [-0.02437741, -0.02437741, 0.01417655],
        [0.04447652, 0.04447652, 0.0186313],
        [-0.04674808, -0.04674808, -0.0659228],
        [0.04674808, 0.04674808, 0.0659228],
        [-0.04447652, -0.04447652, -0.0186313]
    ],
    "relaxed_lattice": [
        [2.29295306, -2.29295306, 0.0],
        [4.54595246, 4.54595246, 0.0472181],
        [-2.24784192, 0.04511114, 6.96708378]
    ]
}