{
    "atom_type": [
        "N",
        "Zr"
    ],
    "atoms_per_type": [
        5,
        7
    ],
    "coord_mode": "direct",
    "relaxed_basis": [
        [0.64348858, 0.78635695, 0.06991727],
        [0.2140937, 0.92841992, 0.35675772],
        [0.7857143, 0.0714286, 0.6428571],
        [0.3573349, 0.21443718, 0.92895658],
        [0.92793992, 0.35650025, 0.21579703],
        [0.00025858, 0.01456931, 0.00463541],
        [0.57117002, 0.12828779, 0.28107889],
        [0.12817779, 0.26887639, 0.56951534],
        [0.70366893, 0.42504764, 0.87142533],
        [0.2857143, 0.5714286, 0.1428571],
        [0.86775967, 0.71780946, 0.41428897],
        [0.44325071, 0.87398081, 0.71619896]
    ],
    "relaxed_energy": -119.55331099,
    "relaxed_forces": [
        [-0.01819528, -0.02140651, -0.01708826],
        [0.01771521, -0.01502655, -0.00635168],
        [-0.0, -0.0, 0.0],
        [-0.01771521, 0.01502655, 0.00635168],
        [0.01819528, 0.02140651, 0.01708826],
        [0.0081535, 0.00077753, -0.00083177],
        [-0.0081535, -0.00077753, 0.00083177],
        [-0.01654847, 0.04777669, -0.0011621],
        [-0.00612299, 0.04349274, 0.03279991],
        [-0.0, -0.0, 0.0],
        [0.00612299, -0.04349274, -0.03279991],
        [0.01654847, -0.04777669, 0.0011621]
    ],
    "relaxed_lattice": [
        [2.28551273, -4.63899043, -2.29176003],
        [-4.59402611, -2.33379715, 2.29721965],
        [-2.29644369, 2.3239911, -4.60323748]
    ]
}