{
    "atom_type": [
        "N",
        "Zr"
    ],
    "atoms_per_type": [
        4,
        8
    ],
    "coord_mode": "direct",
    "relaxed_basis": [
        [0.0, 0.5, 0.50105845],
        [0.0, 0.0, 0.75142629],
        [0.5, 0.0, 0.00166693],
        [0.0, 0.5, 0.00199145],
        [0.0, 0.0, 0.98995547],
        [0.5, 0.5, 0.00569335],
        [0.0, 0.5, 0.25551033],
        [0.5, 0.0, 0.2459404],
        [0.0, 0.0, 0.50659062],
        [0.5, 0.5, 0.48939064],
        [0.0, 0.5, 0.74392296],
        [0.5, 0.0, 0.75685312]
    ],
    "relaxed_energy": -115.81794188,
    "relaxed_forces": [
        [0.0, 0.0, -0.01474092],
        [0.0, 0.0, -0.0154492],
        [0.0, 0.0, 0.00935051],
        [0.0, 0.0, 0.042687],
        [0.0, 0.0, 0.02796312],
        [0.0, 0.0, -0.02225399],
        [0.0, 0.0, 0.00644709],
        [0.0, 0.0, 0.00948223],
        [0.0, 0.0, -0.05671873],
        [0.0, 0.0, -0.07506236],
        [0.0, 0.0, 0.01855734],
        [0.0, 0.0, 0.06973793]
    ],
    "relaxed_lattice": [
        [4.5642737, 0.0, 0.0],
        [0.0, 4.59102619, 0.0],
        [0.0, 0.0, 9.23667966]
    ]
}