{
    "atom_type": [
        "N",
        "Zr"
    ],
    "atoms_per_type": [
        4,
        8
    ],
    "coord_mode": "direct",
    "relaxed_basis": [
        [0.0625, 0.5625, 0.3125],
        [0.93765676, 0.43742768, 0.68725881],
        [0.5625, 0.0625, 0.8125],
        [0.18734324, 0.68757232, 0.93774119],
        [0.00457323, 0.99923424, 0.99161929],
        [0.62325993, 0.62427555, 0.12920458],
        [0.24904093, 0.24648916, 0.25542898],
        [0.87595907, 0.87851084, 0.36957102],
        [0.50174007, 0.50072445, 0.49579542],
        [0.12042677, 0.12576576, 0.63338071],
        [0.74593204, 0.74647594, 0.76165997],
        [0.37906796, 0.37852406, 0.86334003]
    ],
    "relaxed_energy": -115.82834814,
    "relaxed_forces": [
        [0.0, 0.0, 0.0],
        [0.12073289, 0.01324504, -0.12073289],
        [0.0, 0.0, 0.0],
        [-0.12073289, -0.01324504, 0.12073289],
        [-0.00839416, 0.11164053, 0.00839416],
        [-0.03554086, -0.08622341, 0.03554086],
        [-0.02751382, -0.1122311, 0.02751382],
        [0.02751382, 0.1122311, -0.02751382],
        [0.03554086, 0.08622341, -0.03554086],
        [0.00839416, -0.11164053, -0.00839416],
        [-0.02216223, -0.04209883, 0.02216223],
        [0.02216223, 0.04209883, -0.02216223]
    ],
    "relaxed_lattice": [
        [2.30773789, 0.0, 2.30773789],
        [2.29793427, 6.83780588, 0.00980362],
        [-4.6229404, 2.29795984, 6.93067829]
    ]
}