{
    "atom_type": [
        "N",
        "Zr"
    ],
    "atoms_per_type": [
        2,
        6
    ],
    "coord_mode": "direct",
    "relaxed_basis": [
        [0.0, 0.0, 0.7504128],
        [0.6666667, 0.3333333, 0.4162539],
        [0.0, 0.0, 0.00339218],
        [0.3333333, 0.6666667, 0.82959011],
        [0.6666667, 0.3333333, 0.67134903],
        [0.0, 0.0, 0.49531767],
        [0.3333333, 0.6666667, 0.33707649],
        [0.6666667, 0.3333333, 0.16327452]
    ],
    "relaxed_energy": -74.79744026,
    "relaxed_forces": [
        [0.02029202, 0.02029202, 0.02029202],
        [-0.02029202, -0.02029202, -0.02029202],
        [0.03682365, 0.03682365, 0.03682365],
        [0.02046552, 0.02046552, 0.02046552],
        [-0.01507535, -0.01507535, -0.01507535],
        [0.01507535, 0.01507535, 0.01507535],
        [-0.02046552, -0.02046552, -0.02046552],
        [-0.03682365, -0.03682365, -0.03682365]
    ],
    "relaxed_lattice": [
        [2.31145842, 0.0, -2.31145842],
        [-2.31145842, 2.31145842, 0.0],
        [9.08947644, 9.08947644, 9.08947644]
    ]
}