{
    "atom_type": [
        "N",
        "Zr"
    ],
    "atoms_per_type": [
        4,
        8
    ],
    "coord_mode": "direct",
    "relaxed_basis": [
        [0.43766084, 0.43766084, 0.68701749],
        [0.18729565, 0.18729565, 0.43811304],
        [0.93766379, 0.93766379, 0.18700864],
        [0.81243221, 0.81243221, 0.56270337],
        [0.00063772, 0.00063772, 0.99808685],
        [0.87430751, 0.87430751, 0.37707747],
        [0.7504983, 0.7504983, 0.74850511],
        [0.62403736, 0.62403736, 0.12788792],
        [0.50081261, 0.50081261, 0.49756218],
        [0.37443087, 0.37443087, 0.87670738],
        [0.25105373, 0.25105373, 0.24683882],
        [0.12416942, 0.12416942, 0.62749174]
    ],
    "relaxed_energy": -115.6040176,
    "relaxed_forces": [
        [-0.00546158, -0.00546158, 0.00546158],
        [-0.02956641, -0.02956641, 0.02956641],
        [0.03610206, 0.03610206, -0.03610206],
        [-0.00830428, -0.00830428, 0.00830428],
        [0.0952531, 0.0952531, -0.0952531],
        [0.02394163, 0.02394163, -0.02394163],
        [0.005918, 0.005918, -0.005918],
        [-0.00297625, -0.00297625, 0.00297625],
        [-0.03889062, -0.03889062, 0.03889062],
        [-0.08529934, -0.08529934, 0.08529934],
        [-0.00455779, -0.00455779, 0.00455779],
        [0.01384149, 0.01384149, -0.01384149]
    ],
    "relaxed_lattice": [
        [2.30112333, 0.0, 2.30112333],
        [0.0, 2.30112333, 2.30112333],
        [-11.42544453, -11.42544453, 13.72656786]
    ]
}