{
    "atom_type": [
        "N",
        "Zr"
    ],
    "atoms_per_type": [
        4,
        7
    ],
    "coord_mode": "direct",
    "relaxed_basis": [
        [0.92834289, 0.92834289, 0.21497123],
        [0.21425387, 0.21425387, 0.3572384],
        [0.35721663, 0.35721663, 0.9283502],
        [0.50024911, 0.50024911, 0.49925266],
        [0.00124733, 0.00124733, 0.99625802],
        [0.14338784, 0.14338784, 0.56983638],
        [0.28494383, 0.28494383, 0.1451685],
        [0.4286494, 0.4286494, 0.71405171],
        [0.57224309, 0.57224309, 0.28327082],
        [0.71318026, 0.71318026, 0.86045923],
        [0.85628575, 0.85628575, 0.43114285]
    ],
    "relaxed_energy": -107.11322897,
    "relaxed_forces": [
        [-0.03398455, 0.03398455, 0.03398455],
        [-0.01597365, 0.01597365, 0.01597365],
        [-0.00033085, 0.00033085, 0.00033085],
        [0.04492598, -0.04492598, -0.04492598],
        [0.0291414, -0.0291414, -0.0291414],
        [0.05358093, -0.05358093, -0.05358093],
        [-0.04155394, 0.04155394, 0.04155394],
        [0.00193251, -0.00193251, -0.00193251],
        [0.02537209, -0.02537209, -0.02537209],
        [-0.04078976, 0.04078976, 0.04078976],
        [-0.02232016, 0.02232016, 0.02232016]
    ],
    "relaxed_lattice": [
        [2.3032843, -0.0, 2.3032843],
        [2.3032843, 2.3032843, -0.0],
        [-9.18206669, 11.48535097, 11.48535097]
    ]
}