{
    "atom_type": [
        "N",
        "Zr"
    ],
    "atoms_per_type": [
        1,
        8
    ],
    "coord_mode": "direct",
    "relaxed_basis": [
        [0.0, 0.25, 0.25],
        [0.0, 0.00281336, 0.00281336],
        [0.0, 0.00281336, 0.49718664],
        [0.5, 0.25, 0.25],
        [0.5, 0.25, 0.75],
        [0.0, 0.49718664, 0.49718664],
        [0.0, 0.49718664, 0.00281336],
        [0.5, 0.75, 0.75],
        [0.5, 0.75, 0.25]
    ],
    "relaxed_energy": -79.87483957,
    "relaxed_forces": [
        [-0.0, 0.0, 0.0],
        [0.0, 0.07041447, -0.0],
        [-0.0, 0.0, 0.07041447],
        [-0.0, 0.0, -0.0],
        [0.0, -0.0, -0.0],
        [-0.0, -0.07041447, -0.0],
        [-0.0, 0.0, -0.07041447],
        [-0.0, 0.0, 0.0],
        [0.0, -0.0, -0.0]
    ],
    "relaxed_lattice": [
        [-4.57662687, 0.0, 0.0],
        [0.0, 4.55399051, 4.55399051],
        [0.0, 4.55399051, -4.55399051]
    ]
}