{
    "atom_type": [
        "N",
        "Zr"
    ],
    "atoms_per_type": [
        6,
        8
    ],
    "coord_mode": "direct",
    "relaxed_basis": [
        [0.25037699, 0.87605396, 0.81219312],
        [0.74988491, 0.62526319, 0.93875198],
        [0.24977866, 0.37390959, 0.06289736],
        [0.75022134, 0.12609041, 0.18710264],
        [0.25011509, 0.87473681, 0.31124802],
        [0.74962301, 0.62394604, 0.43780688],
        [0.0073487, 0.99952544, 0.00680447],
        [0.5, 0.75, 0.125],
        [0.9926513, 0.50047456, 0.24319553],
        [0.50555081, 0.25191505, 0.36454722],
        [0.00365927, 0.98476192, 0.49412181],
        [0.5, 0.75, 0.625],
        [0.99634073, 0.51523808, 0.75587819],
        [0.49444919, 0.24808495, 0.88545278]
    ],
    "relaxed_energy": -139.88733374,
    "relaxed_forces": [
        [-0.01120639, 0.01314961, 0.01744301],
        [-0.01023057, 0.00516831, 0.03961495],
        [-0.00223254, 0.00232128, 0.03284815],
        [0.00223254, -0.00232128, -0.03284815],
        [0.01023057, -0.00516831, -0.03961495],
        [0.01120639, -0.01314961, -0.01744301],
        [-0.04654218, 0.00693174, 0.0100781],
        [0.0, -0.0, 0.0],
        [0.04654218, -0.00693174, -0.0100781],
        [0.06466073, 0.00533875, -0.02322739],
        [0.00201996, 0.0009477, -0.02524011],
        [0.0, -0.0, 0.0],
        [-0.00201996, -0.0009477, 0.02524011],
        [-0.06466073, -0.00533875, 0.02322739]
    ],
    "relaxed_lattice": [
        [2.28904043, 2.30151638, -4.62353705],
        [-2.28612206, 4.60546562, 2.31450615],
        [4.57332061, 0.00350822, 4.62281393]
    ]
}