{
    "atom_type": [
        "N",
        "Zr"
    ],
    "atoms_per_type": [
        2,
        6
    ],
    "coord_mode": "direct",
    "relaxed_basis": [
        [0.33313896, 0.5, 0.66627801],
        [0.50019434, 0.0, 0.00038869],
        [0.00358344, 0.0, 0.00716688],
        [0.17535074, 0.5, 0.35070138],
        [0.34149993, 0.0, 0.68299996],
        [0.49183337, 0.5, 0.98366674],
        [0.65798266, 0.0, 0.31596522],
        [0.82974986, 0.5, 0.65949982]
    ],
    "relaxed_energy": -75.09564397,
    "relaxed_forces": [
        [-0.0, 0.0, 0.02246213],
        [0.0, 0.0, -0.02246213],
        [0.0, 0.0, -0.01268777],
        [-0.0, 0.0, 0.05664948],
        [0.0, 0.0, -0.02166746],
        [-0.0, 0.0, 0.02166746],
        [0.0, 0.0, -0.05664948],
        [-0.0, 0.0, 0.01268777]
    ],
    "relaxed_lattice": [
        [4.55287413, 0.0, -0.0],
        [0.0, 4.51826397, 0.0],
        [-2.27643707, 0.0, 7.08601139]
    ]
}