{
    "atom_type": [
        "N",
        "Zr"
    ],
    "atoms_per_type": [
        3,
        6
    ],
    "coord_mode": "direct",
    "relaxed_basis": [
        [0.0, 0.0, 0.16075767],
        [0.0, 0.0, 0.4987553],
        [0.5, 0.5, 0.66930156],
        [0.0, 0.0, 0.99665643],
        [0.5, 0.5, 0.16986687],
        [0.0, 0.0, 0.33105332],
        [0.5, 0.5, 0.50275173],
        [0.0, 0.0, 0.66301313],
        [0.5, 0.5, 0.8411774]
    ],
    "relaxed_energy": -86.77000038,
    "relaxed_forces": [
        [-0.0, 0.0, 0.0541008],
        [-0.0, -0.0, -0.0284246],
        [-0.0, 0.0, -0.03189894],
        [0.0, 0.0, 0.03339454],
        [0.0, -0.0, -0.00472046],
        [-0.0, 0.0, 0.07099066],
        [0.0, 0.0, -0.09156603],
        [-0.0, -0.0, -0.06605083],
        [-0.0, -0.0, 0.06417487]
    ],
    "relaxed_lattice": [
        [2.3079844, 2.3079844, 0.0],
        [2.3079844, -2.3079844, 0.0],
        [0.0, 0.0, -13.5460104]
    ]
}