{
    "atom_type": [
        "N",
        "Zr"
    ],
    "atoms_per_type": [
        6,
        8
    ],
    "coord_mode": "direct",
    "relaxed_basis": [
        [0.125, 0.125, 0.75],
        [0.875, 0.875, 0.25],
        [0.24807489, 0.74807489, 0.99614979],
        [0.625, 0.625, 0.75],
        [0.00192511, 0.50192511, 0.50385021],
        [0.375, 0.375, 0.25],
        [0.00711357, 0.9940792, 0.00119277],
        [0.3636451, 0.8636451, 0.75],
        [0.7559208, 0.74288643, 0.49880723],
        [0.125, 0.625, 0.25],
        [0.4940792, 0.50711357, 0.00119277],
        [0.8863549, 0.3863549, 0.75],
        [0.24288643, 0.2559208, 0.49880723],
        [0.625, 0.125, 0.25]
    ],
    "relaxed_energy": -139.83415083,
    "relaxed_forces": [
        [-0.0, -0.0, 0.0],
        [-0.0, -0.0, 0.0],
        [-0.0, -0.00592677, 0.00592677],
        [-0.0, -0.0, 0.0],
        [-0.0, 0.00592677, -0.00592677],
        [-0.0, -0.0, 0.0],
        [0.07789164, -0.01194158, 0.01194158],
        [-0.0, 0.02590217, 0.02590217],
        [0.07789164, 0.01194158, -0.01194158],
        [-0.0, -0.0, 0.0],
        [-0.07789164, -0.01194158, 0.01194158],
        [-0.0, -0.02590217, -0.02590217],
        [-0.07789164, 0.01194158, -0.01194158],
        [-0.0, -0.0, 0.0]
    ],
    "relaxed_lattice": [
        [4.60352469, 2.29716584, 2.29716584],
        [-4.60352469, 2.29716584, 2.29716584],
        [0.0, -6.90672667, 2.31239499]
    ]
}