{
    "atom_type": [
        "N",
        "Zr"
    ],
    "atoms_per_type": [
        4,
        8
    ],
    "coord_mode": "direct",
    "relaxed_basis": [
        [0.0, 0.5, 0.25073402],
        [0.0, 0.5, 0.49909894],
        [0.5, 0.0, 0.62590106],
        [0.5, 0.0, 0.87426598],
        [0.0, 0.0, 0.99179674],
        [0.5, 0.5, 0.13320326],
        [0.0, 0.0, 0.24627247],
        [0.5, 0.5, 0.37230202],
        [0.0, 0.0, 0.50972139],
        [0.5, 0.5, 0.61527861],
        [0.0, 0.0, 0.75269798],
        [0.5, 0.5, 0.87872753]
    ],
    "relaxed_energy": -115.90782976,
    "relaxed_forces": [
        [-0.02006172, 0.0, 0.02006172],
        [0.0306127, 0.0, -0.0306127],
        [-0.0306127, 0.0, 0.0306127],
        [0.02006172, 0.0, -0.02006172],
        [-0.00390026, 0.0, 0.00390026],
        [0.00390026, 0.0, -0.00390026],
        [-0.00563006, 0.0, 0.00563006],
        [-0.0153814, 0.0, 0.0153814],
        [0.00175561, 0.0, -0.00175561],
        [-0.00175561, 0.0, 0.00175561],
        [0.0153814, 0.0, -0.0153814],
        [0.00563006, 0.0, -0.00563006]
    ],
    "relaxed_lattice": [
        [2.33205215, 0.0, 2.33205215],
        [0.0, 4.51966027, 0.0],
        [-9.28181841, 0.0, 9.28181841]
    ]
}