{
    "atom_type": [
        "N",
        "Zr"
    ],
    "atoms_per_type": [
        2,
        8
    ],
    "coord_mode": "direct",
    "relaxed_basis": [
        [0.37438582, 0.74877164, 0.56256809],
        [0.87561418, 0.75122836, 0.31243191],
        [0.00249291, 0.00498582, 0.99658912],
        [0.24750709, 0.49501418, 0.87841088],
        [0.50282573, 0.00565145, 0.75263302],
        [0.75607499, 0.51214998, 0.62711447],
        [0.99215221, 0.98430442, 0.50104458],
        [0.25784779, 0.51569558, 0.37395542],
        [0.49392501, 0.98785002, 0.24788553],
        [0.74717427, 0.49434855, 0.12236698]
    ],
    "relaxed_energy": -91.79677546,
    "relaxed_forces": [
        [-0.00265119, 0.00265119, -0.00196198],
        [0.00265119, -0.00265119, 0.00196198],
        [-0.03652396, 0.03652396, -0.07582184],
        [0.03652396, -0.03652396, 0.07582184],
        [-0.06486261, 0.06486261, 0.14643913],
        [0.03478116, -0.03478116, 0.12881203],
        [0.0047591, -0.0047591, 0.00845399],
        [-0.0047591, 0.0047591, -0.00845399],
        [-0.03478116, 0.03478116, -0.12881203],
        [0.06486261, -0.06486261, -0.14643913]
    ],
    "relaxed_lattice": [
        [2.29555545, 2.29555545, -0.0],
        [-4.55945566, 2.26390022, 2.26936273],
        [4.58530219, -4.58530219, 9.18617467]
    ]
}