{
    "atom_type": [
        "N",
        "Zr"
    ],
    "atoms_per_type": [
        1,
        3
    ],
    "coord_mode": "direct",
    "relaxed_basis": [
        [0.6666667, 0.3333333, 0.8333333],
        [0.0, 0.0, 0.99219527],
        [0.3333333, 0.6666667, 0.67447143],
        [0.6666667, 0.3333333, 0.3333333]
    ],
    "relaxed_energy": -37.36522454,
    "relaxed_forces": [
        [-0.0, 0.0, 0.0],
        [-0.0089774, -0.0089774, -0.0089774],
        [0.0089774, 0.0089774, 0.0089774],
        [-0.0, 0.0, 0.0]
    ],
    "relaxed_lattice": [
        [2.29994353, 0.0, -2.29994353],
        [-2.29994353, 2.29994353, 0.0],
        [4.60789368, 4.60789368, 4.60789368]
    ]
}