{
    "atom_type": [
        "N",
        "Zr"
    ],
    "atoms_per_type": [
        3,
        8
    ],
    "coord_mode": "direct",
    "relaxed_basis": [
        [0.31237026, 0.31237026, 0.06288921],
        [0.0625, 0.0625, 0.8125],
        [0.81262974, 0.81262974, 0.56211079],
        [0.99879725, 0.99879725, 0.00360826],
        [0.87585411, 0.87585411, 0.37243768],
        [0.74887231, 0.74887231, 0.75338308],
        [0.62602312, 0.62602312, 0.12193065],
        [0.49897688, 0.49897688, 0.50306935],
        [0.37612769, 0.37612769, 0.87161692],
        [0.24914589, 0.24914589, 0.25256232],
        [0.12620275, 0.12620275, 0.62139174]
    ],
    "relaxed_energy": -103.7513984,
    "relaxed_forces": [
        [-0.01370102, -0.01370102, 0.01370102],
        [0.0, 0.0, -0.0],
        [0.01370102, 0.01370102, -0.01370102],
        [0.01083465, 0.01083465, -0.01083465],
        [0.03801863, 0.03801863, -0.03801863],
        [-0.01429657, -0.01429657, 0.01429657],
        [-0.02985427, -0.02985427, 0.02985427],
        [0.02985427, 0.02985427, -0.02985427],
        [0.01429657, 0.01429657, -0.01429657],
        [-0.03801863, -0.03801863, 0.03801863],
        [-0.01083465, -0.01083465, 0.01083465]
    ],
    "relaxed_lattice": [
        [2.31419123, 0.0, 2.31419123],
        [0.0, 2.31419123, 2.31419123],
        [-11.36883828, -11.36883828, 13.68302951]
    ]
}