{
    "atom_type": [
        "N",
        "Zr"
    ],
    "atoms_per_type": [
        2,
        5
    ],
    "coord_mode": "direct",
    "relaxed_basis": [
        [0.29964429, 0.29964429, 0.10106713],
        [0.90035571, 0.90035571, 0.29893287],
        [9.29e-06, 9.29e-06, 0.99997214],
        [0.79958392, 0.79958392, 0.60124823],
        [0.6, 0.6, 0.2],
        [0.40041608, 0.40041608, 0.79875177],
        [0.19999071, 0.19999071, 0.40002786]
    ],
    "relaxed_energy": -66.15499708,
    "relaxed_forces": [
        [-0.03111819, -0.03111819, 0.03111819],
        [0.03111819, 0.03111819, -0.03111819],
        [-0.0074483, -0.0074483, 0.0074483],
        [-0.05228873, -0.05228873, 0.05228873],
        [0.0, 0.0, -0.0],
        [0.05228873, 0.05228873, -0.05228873],
        [0.0074483, 0.0074483, -0.0074483]
    ],
    "relaxed_lattice": [
        [2.28405955, 0.0, 2.28405955],
        [0.0, 2.28405955, 2.28405955],
        [-6.90465376, -6.90465376, 9.1887133]
    ]
}