{
    "atom_type": [
        "N",
        "Zr"
    ],
    "atoms_per_type": [
        3,
        8
    ],
    "coord_mode": "direct",
    "relaxed_basis": [
        [0.5, 0.62563086, 0.37613102],
        [0.0, 0.00012636, 0.49987364],
        [0.5, 0.12386898, 0.87436914],
        [0.0, 0.00325068, 0.99477281],
        [0.5, 0.12203785, 0.37796215],
        [0.0, 0.24296202, 0.75373736],
        [0.5, 0.37509726, 0.12490274],
        [0.0, 0.50522719, 0.49674932],
        [0.5, 0.62394171, 0.87605829],
        [0.0, 0.74626264, 0.25703798],
        [0.5, 0.88159445, 0.61840555]
    ],
    "relaxed_energy": -103.73597551,
    "relaxed_forces": [
        [0.03878993, -0.03878993, 0.00690101],
        [-0.08633924, 0.08633924, -0.0],
        [0.03878993, -0.03878993, -0.00690101],
        [-0.01098625, 0.01098625, -0.06092638],
        [-0.02955864, 0.02955864, -0.0],
        [0.01281612, -0.01281612, 0.0539494],
        [0.0236731, -0.0236731, -0.0],
        [-0.01098625, 0.01098625, 0.06092638],
        [0.04659265, -0.04659265, -0.0],
        [0.01281612, -0.01281612, -0.0539494],
        [-0.03560748, 0.03560748, -0.0]
    ],
    "relaxed_lattice": [
        [2.30071135, 2.30071135, 0.0],
        [-4.58086976, 4.58086976, 4.60503548],
        [4.58086976, -4.58086976, 4.60503548]
    ]
}