{
    "atom_type": [
        "N",
        "Zr"
    ],
    "atoms_per_type": [
        3,
        4
    ],
    "coord_mode": "direct",
    "relaxed_basis": [
        [0.5, 0.75, 0.75],
        [0.0, 0.25, 0.75],
        [0.5, 0.25, 0.25],
        [0.0, 0.00529547, 0.99470453],
        [0.5, 0.01001848, 0.51001848],
        [0.0, 0.49470453, 0.50529547],
        [0.5, 0.48998152, 0.98998152]
    ],
    "relaxed_energy": -69.95735651,
    "relaxed_forces": [
        [-0.0, 0.0, 0.0],
        [0.0, 0.0, 0.0],
        [-0.0, 0.0, 0.0],
        [0.0, 0.03561508, 0.0],
        [0.00697212, 0.0, 0.00697212],
        [0.0, -0.03561508, 0.0],
        [-0.00697212, 0.0, -0.00697212]
    ],
    "relaxed_lattice": [
        [2.30811194, 0.0, -2.30811194],
        [2.29361198, 4.60490489, 2.29361198],
        [2.29361198, -4.60490489, 2.29361198]
    ]
}