{
    "atom_type": [
        "N",
        "Zr"
    ],
    "atoms_per_type": [
        3,
        8
    ],
    "coord_mode": "direct",
    "relaxed_basis": [
        [0.74824697, 0.62657055, 0.93752082],
        [0.25066927, 0.87575766, 0.31203118],
        [0.75121402, 0.6231332, 0.43723678],
        [0.00201506, 0.99041543, 0.0037928],
        [0.50434625, 0.74754805, 0.13217472],
        [0.99148227, 0.52073407, 0.24756253],
        [0.49828305, 0.24549379, 0.3748617],
        [0.00938464, 0.99124837, 0.50043222],
        [0.50959511, 0.74782212, 0.62104933],
        [0.98350399, 0.49563777, 0.74664253],
        [0.50125936, 0.26063897, 0.87419538]
    ],
    "relaxed_energy": -103.81591985,
    "relaxed_forces": [
        [-0.07756745, 0.03362552, 0.13134053],
        [0.02219454, 0.04694191, -0.05388839],
        [0.01791206, -0.03249124, -0.04365807],
        [-0.00636265, 0.04728771, 0.03785394],
        [-0.02935771, -0.01801785, 0.03398721],
        [0.03201215, -0.02202006, -0.03413576],
        [-0.02237792, 0.00524625, -0.0531519],
        [0.10504336, 0.09361176, -0.06561725],
        [-0.02550661, 0.03437499, -0.02807523],
        [0.03512799, -0.16449048, 0.03508938],
        [-0.05111777, -0.0240685, 0.04025554]
    ],
    "relaxed_lattice": [
        [2.28454114, 2.29863141, -4.60307062],
        [-2.27998609, 4.57620212, 2.29320394],
        [4.6233861, 0.00783774, 4.63418065]
    ]
}