{
    "atom_type": [
        "N",
        "Zr"
    ],
    "atoms_per_type": [
        5,
        8
    ],
    "coord_mode": "direct",
    "relaxed_basis": [
        [0.0, 0.62633845, 0.87267795],
        [0.0, 0.86982597, 0.62552235],
        [0.5, 0.87829262, 0.12449981],
        [0.5, 0.1238569, 0.87620855],
        [0.0, 0.12218337, 0.3752984],
        [0.0, 0.99138181, 0.99856061],
        [0.5, 0.00295269, 0.500588],
        [0.5, 0.24103917, 0.25981454],
        [0.0, 0.24244411, 0.7572033],
        [0.0, 0.50042008, 0.49837795],
        [0.5, 0.50646518, 0.99300961],
        [0.5, 0.75957675, 0.7502406],
        [0.0, 0.7602229, 0.24299833]
    ],
    "relaxed_energy": -127.98198262,
    "relaxed_forces": [
        [0.03947868, -0.00145343, -0.03947868],
        [-0.00534064, -0.02073569, 0.00534064],
        [0.03944342, 0.07138863, -0.03944342],
        [-0.02387498, -0.00405408, 0.02387498],
        [-0.05431222, -0.08623177, 0.05431222],
        [0.01755648, 0.05547852, -0.01755648],
        [0.00671786, 0.03139629, -0.00671786],
        [-0.05485836, 0.04213099, 0.05485836],
        [-0.01826424, -0.02988795, 0.01826424],
        [-0.02664223, -0.00280078, 0.02664223],
        [0.06634518, 0.03307696, -0.06634518],
        [-0.02179852, -0.02326127, 0.02179852],
        [0.03554957, -0.06504641, -0.03554957]
    ],
    "relaxed_lattice": [
        [2.3291947, 0.0, 2.3291947],
        [2.31577389, 4.52865767, -2.31577389],
        [-6.97242862, 4.55357006, 6.97242862]
    ]
}