{
    "atom_type": [
        "N",
        "Zr"
    ],
    "atoms_per_type": [
        5,
        8
    ],
    "coord_mode": "direct",
    "relaxed_basis": [
        [0.0, 0.0, 0.24805822],
        [0.0, 0.5, 0.5],
        [0.5, 0.5, 0.75194178],
        [0.5, 0.0, 0.0],
        [0.0, 0.5, 0.0],
        [0.0, 0.0, 0.01442878],
        [0.5, 0.5, 0.98557122],
        [0.0, 0.5, 0.25625302],
        [0.5, 0.0, 0.2424808],
        [0.0, 0.0, 0.48607904],
        [0.5, 0.5, 0.51392096],
        [0.0, 0.5, 0.74374698],
        [0.5, 0.0, 0.7575192]
    ],
    "relaxed_energy": -127.98582329,
    "relaxed_forces": [
        [0.0, 0.0, -0.01660761],
        [0.0, 0.0, -0.0],
        [0.0, 0.0, 0.01660761],
        [0.0, 0.0, -0.0],
        [0.0, 0.0, -0.0],
        [0.0, 0.0, -0.01701384],
        [0.0, 0.0, 0.01701384],
        [0.0, 0.0, -0.02483076],
        [0.0, 0.0, -0.08903143],
        [0.0, 0.0, -0.05915077],
        [0.0, 0.0, 0.05915077],
        [0.0, 0.0, 0.02483076],
        [0.0, 0.0, 0.08903143]
    ],
    "relaxed_lattice": [
        [4.57544724, 0.0, 0.0],
        [0.0, 4.57544724, 0.0],
        [0.0, 0.0, 9.34405082]
    ]
}