{
    "atom_type": [
        "N",
        "Zr"
    ],
    "atoms_per_type": [
        3,
        8
    ],
    "coord_mode": "direct",
    "relaxed_basis": [
        [0.3123104, 0.3123104, 0.06306881],
        [0.93783543, 0.93783543, 0.18649371],
        [0.81241356, 0.81241356, 0.56275931],
        [0.99981765, 0.99981765, 0.00054704],
        [0.87518294, 0.87518294, 0.37445118],
        [0.74930086, 0.74930086, 0.75209743],
        [0.62508467, 0.62508467, 0.12474599],
        [0.49901916, 0.49901916, 0.50294251],
        [0.37556057, 0.37556057, 0.87331829],
        [0.25005618, 0.25005618, 0.24983145],
        [0.12591858, 0.12591858, 0.62224427]
    ],
    "relaxed_energy": -103.53046233,
    "relaxed_forces": [
        [0.01555958, 0.01555958, -0.01555958],
        [0.00671916, 0.00671916, -0.00671916],
        [-0.01649176, -0.01649176, 0.01649176],
        [0.01368735, 0.01368735, -0.01368735],
        [0.01855968, 0.01855968, -0.01855968],
        [-0.03549434, -0.03549434, 0.03549434],
        [0.00454832, 0.00454832, -0.00454832],
        [-0.01068599, -0.01068599, 0.01068599],
        [0.02775291, 0.02775291, -0.02775291],
        [-0.00416253, -0.00416253, 0.00416253],
        [-0.0199924, -0.0199924, 0.0199924]
    ],
    "relaxed_lattice": [
        [2.29323961, 0.0, 2.29323961],
        [0.0, 2.29323961, 2.29323961],
        [-11.45832697, -11.45832697, 13.75156658]
    ]
}