{
    "atom_type": [
        "N",
        "Zr"
    ],
    "atoms_per_type": [
        1,
        4
    ],
    "coord_mode": "direct",
    "relaxed_basis": [
        [0.0, 0.0, 0.5],
        [0.0, 0.0, 0.0],
        [0.5, 0.0, 0.5],
        [0.0, 0.5, 0.5],
        [0.5, 0.5, 0.0]
    ],
    "relaxed_energy": -46.05685496,
    "relaxed_forces": [
        [0.0, 0.0, 0.0],
        [0.0, 0.0, 0.0],
        [0.0, 0.0, 0.0],
        [0.0, 0.0, 0.0],
        [0.0, 0.0, 0.0]
    ],
    "relaxed_lattice": [
        [4.56310454, 0.0, 0.0],
        [0.0, 4.56310454, 0.0],
        [0.0, 0.0, 4.56310454]
    ]
}