{
    "atom_type": [
        "N",
        "Zr"
    ],
    "atoms_per_type": [
        6,
        8
    ],
    "coord_mode": "direct",
    "relaxed_basis": [
        [0.43692061, 0.93803879, 0.18811999],
        [0.06307939, 0.56196121, 0.31188001],
        [0.31372187, 0.81125899, 0.56129728],
        [0.93672255, 0.43847669, 0.6880782],
        [0.56327745, 0.06152331, 0.8119218],
        [0.18627813, 0.68874101, 0.93870272],
        [0.00354926, 0.99509522, 0.99780626],
        [0.62043754, 0.63254628, 0.12657863],
        [0.25, 0.25, 0.25],
        [0.87956246, 0.86745372, 0.37342137],
        [0.49645074, 0.50490478, 0.50219374],
        [0.12081581, 0.12337549, 0.6349929],
        [0.75, 0.75, 0.75],
        [0.37918419, 0.37662451, 0.8650071]
    ],
    "relaxed_energy": -139.77370614,
    "relaxed_forces": [
        [-0.03048391, 0.10279643, 0.03048391],
        [0.03048391, -0.10279643, -0.03048391],
        [0.02001195, 0.03804421, -0.02001195],
        [0.04534942, 0.02236587, -0.04534942],
        [-0.04534942, -0.02236587, 0.04534942],
        [-0.02001195, -0.03804421, 0.02001195],
        [0.01434082, 0.01666686, -0.01434082],
        [0.03558983, 0.01638405, -0.03558983],
        [-0.0, 0.0, 0.0],
        [-0.03558983, -0.01638405, 0.03558983],
        [-0.01434082, -0.01666686, 0.01434082],
        [-0.07037591, -0.0432569, 0.07037591],
        [-0.0, 0.0, 0.0],
        [0.07037591, 0.0432569, -0.07037591]
    ],
    "relaxed_lattice": [
        [2.31022187, 0.0, 2.31022187],
        [2.30732641, 6.86840568, 0.00289546],
        [-4.60466614, 2.28905307, 6.91488801]
    ]
}