{
    "atom_type": [
        "N",
        "Zr"
    ],
    "atoms_per_type": [
        5,
        8
    ],
    "coord_mode": "direct",
    "relaxed_basis": [
        [0.50027178, 0.00027178, 0.50054355],
        [0.25, 0.75, 0.0],
        [0.62412237, 0.62412237, 0.74824473],
        [0.99972822, 0.49972822, 0.49945645],
        [0.37587763, 0.37587763, 0.25175527],
        [0.00837375, 0.99162625, 0.0],
        [0.37411306, 0.86000081, 0.74497782],
        [0.73836763, 0.73836763, 0.5],
        [0.13999919, 0.62588694, 0.25502218],
        [0.49162625, 0.50837375, 0.0],
        [0.87086476, 0.38497701, 0.74497782],
        [0.26163237, 0.26163237, 0.5],
        [0.61502299, 0.12913524, 0.25502218]
    ],
    "relaxed_energy": -128.18931749,
    "relaxed_forces": [
        [-0.00051969, -0.06563218, 0.06408174],
        [5.262e-05, -0.0, -0.0],
        [-0.00011199, -0.04246244, 0.039844],
        [-0.00051969, 0.06563218, -0.06408174],
        [-0.00011199, 0.04246244, -0.039844],
        [0.13172119, -0.0, -0.0],
        [0.07368884, 0.04087334, 0.05995952],
        [-0.00028096, 0.09452117, 0.09883576],
        [0.07368884, -0.04087334, -0.05995952],
        [-0.13280177, 0.0, -0.0],
        [-0.07226221, -0.06042958, -0.03818185],
        [-0.00028096, -0.09452117, -0.09883576],
        [-0.07226221, 0.06042958, 0.03818185]
    ],
    "relaxed_lattice": [
        [4.61368355, 2.28872825, 2.28872825],
        [-4.61368355, 2.28872825, 2.28872825],
        [0.0, -6.90295357, 2.32549708]
    ]
}