{
    "atom_type": [
        "N",
        "Zr"
    ],
    "atoms_per_type": [
        4,
        7
    ],
    "coord_mode": "direct",
    "relaxed_basis": [
        [0.42800185, 0.92800185, 0.8560038],
        [0.71564813, 0.21564813, 0.43129626],
        [0.85757603, 0.35757603, 0.71515197],
        [2.745e-05, 0.50002745, 5.491e-05],
        [0.99709165, 0.99709165, 0.99418331],
        [0.14697099, 0.14697099, 0.29394208],
        [0.28377236, 0.28377236, 0.56754473],
        [0.42944716, 0.42944716, 0.85889442],
        [0.5687362, 0.5687362, 0.13747231],
        [0.71207125, 0.71207125, 0.4241425],
        [0.86065691, 0.86065691, 0.72131372]
    ],
    "relaxed_energy": -107.25175055,
    "relaxed_forces": [
        [-0.0128973, 0.0, -0.0128973],
        [0.03767767, -0.0, 0.03767767],
        [-0.00269675, 0.0, -0.00269675],
        [-0.00706714, 0.0, -0.00706714],
        [-0.03051287, 0.0, -0.03051287],
        [0.03903493, -0.0, 0.03903493],
        [0.02115125, -0.0, 0.02115125],
        [-0.00355872, 0.0, -0.00355872],
        [-0.01491502, 0.0, -0.01491502],
        [-0.0271753, 0.0, -0.0271753],
        [0.00095925, -0.0, 0.00095925]
    ],
    "relaxed_lattice": [
        [2.32552445, 0.0, -2.32552445],
        [-0.0, 4.53908912, -0.0],
        [6.93216981, -2.26954456, 9.25769426]
    ]
}