{
    "atom_type": [
        "N",
        "Zr"
    ],
    "atoms_per_type": [
        2,
        8
    ],
    "coord_mode": "direct",
    "relaxed_basis": [
        [0.0, 0.00073325, 0.50025086],
        [0.5, 0.12426675, 0.87474914],
        [0.0, 0.00296071, 0.9955702],
        [0.5, 0.12203929, 0.3794298],
        [0.0, 0.24244466, 0.75413591],
        [0.5, 0.3778388, 0.12826819],
        [0.0, 0.4999906, 0.49937788],
        [0.5, 0.6250094, 0.87562212],
        [0.0, 0.7471612, 0.24673181],
        [0.5, 0.88255534, 0.62086409]
    ],
    "relaxed_energy": -91.6365698,
    "relaxed_forces": [
        [-0.01789726, 0.01789726, 0.00782348],
        [0.01789726, -0.01789726, -0.00782348],
        [-0.00536501, 0.00536501, -0.01482263],
        [0.00536501, -0.00536501, 0.01482263],
        [0.04011586, -0.04011586, 0.00992566],
        [0.04468476, -0.04468476, 0.1385102],
        [0.01226437, -0.01226437, 0.03165069],
        [-0.01226437, 0.01226437, -0.03165069],
        [-0.04468476, 0.04468476, -0.1385102],
        [-0.04011586, 0.04011586, -0.00992566]
    ],
    "relaxed_lattice": [
        [2.28413084, 2.28413084, 0.0],
        [-4.60726922, 4.60726922, 4.60527917],
        [4.58473777, -4.58473777, 4.56049314]
    ]
}