{
    "atom_type": [
        "N",
        "Zr"
    ],
    "atoms_per_type": [
        2,
        3
    ],
    "coord_mode": "direct",
    "relaxed_basis": [
        [0.83326539, 0.83326539, 0.66653089],
        [0.50006791, 0.50006791, 0.00013581],
        [0.99606884, 0.99606884, 0.99213768],
        [0.6666667, 0.6666667, 0.3333333],
        [0.33726446, 0.33726446, 0.67452902]
    ],
    "relaxed_energy": -49.45033993,
    "relaxed_forces": [
        [-0.0, 0.0, -0.10836341],
        [0.0, 0.0, 0.10836341],
        [-0.0, 0.0, -0.09240519],
        [-0.0, -0.0, -0.0],
        [-0.0, 0.0, 0.09240519]
    ],
    "relaxed_lattice": [
        [2.29954178, -2.29954178, 0.0],
        [2.29954178, 2.29954178, 0.0],
        [-2.29954178, 0.0, 6.85751144]
    ]
}