{
    "atom_type": [
        "N",
        "Zr"
    ],
    "atoms_per_type": [
        4,
        8
    ],
    "coord_mode": "direct",
    "relaxed_basis": [
        [0.0, 0.5, 0.0],
        [0.5, 0.8749537, 0.1250463],
        [0.0, 0.0, 0.5],
        [0.5, 0.1250463, 0.8749537],
        [0.0, 0.0, 0.0],
        [0.5, 0.11807352, 0.37880582],
        [0.0, 0.24424446, 0.75575554],
        [0.5, 0.37880582, 0.11807352],
        [0.0, 0.5, 0.5],
        [0.5, 0.62119418, 0.88192648],
        [0.0, 0.75575554, 0.24424446],
        [0.5, 0.88192648, 0.62119418]
    ],
    "relaxed_energy": -115.86805318,
    "relaxed_forces": [
        [-0.0, 0.0, 0.0],
        [-0.10252318, 0.10252318, 0.0],
        [-0.0, 0.0, -0.0],
        [0.10252318, -0.10252318, 0.0],
        [-0.0, 0.0, -0.0],
        [0.00551627, -0.00551627, 0.08969225],
        [0.05933142, -0.05933142, 0.0],
        [-0.00551627, 0.00551627, 0.08969225],
        [-0.0, 0.0, 0.0],
        [0.00551627, -0.00551627, -0.08969225],
        [-0.05933142, 0.05933142, 0.0],
        [-0.00551627, 0.00551627, -0.08969225]
    ],
    "relaxed_lattice": [
        [2.29923469, 2.29923469, 0.0],
        [-4.61212036, 4.61212036, 4.58195935],
        [4.61212036, -4.61212036, 4.58195935]
    ]
}