{
    "atom_type": [
        "N",
        "Zr"
    ],
    "atoms_per_type": [
        3,
        7
    ],
    "coord_mode": "direct",
    "relaxed_basis": [
        [0.6428571, 0.2857143, 0.0714286],
        [0.7873903, 0.5747806, 0.64416118],
        [0.498324, 0.996648, 0.49869592],
        [0.00965428, 0.01930856, 0.00463566],
        [0.71387506, 0.42775012, 0.85803263],
        [0.42022287, 0.84044585, 0.70614902],
        [0.1428571, 0.2857143, 0.5714286],
        [0.86549143, 0.73098275, 0.43670808],
        [0.57183924, 0.14367838, 0.28482457],
        [0.27606002, 0.55212004, 0.13822144]
    ],
    "relaxed_energy": -95.48080737,
    "relaxed_forces": [
        [0.0, -0.0, 0.0],
        [-0.05291558, -0.05291558, 0.09002212],
        [0.05291558, 0.05291558, -0.09002212],
        [-0.02304549, -0.02304549, -0.02727925],
        [-0.0654211, -0.0654211, -0.04326208],
        [-0.03098575, -0.03098575, 0.14016027],
        [0.0, -0.0, 0.0],
        [0.03098575, 0.03098575, -0.14016027],
        [0.0654211, 0.0654211, 0.04326208],
        [0.02304549, 0.02304549, 0.02727925]
    ],
    "relaxed_lattice": [
        [2.34421528, -2.34421528, 0.0],
        [2.2820573, 4.62627257, -2.28051738],
        [2.28001524, 2.28001524, 9.0542575]
    ]
}