{
    "atom_type": [
        "N",
        "Zr"
    ],
    "atoms_per_type": [
        4,
        7
    ],
    "coord_mode": "direct",
    "relaxed_basis": [
        [0.42864395, 0.857288, 0.78782029],
        [0.57041861, 0.14083712, 0.21274733],
        [0.14235604, 0.28471218, 0.93008669],
        [0.71483933, 0.42967865, 0.64129835],
        [0.00310518, 0.00621035, 0.99893591],
        [0.57483233, 0.14966456, 0.72455046],
        [0.14188712, 0.28377433, 0.427929],
        [0.71198152, 0.42396305, 0.13669055],
        [0.28234823, 0.56469646, 0.84415267],
        [0.85927143, 0.71854275, 0.58057499],
        [0.42745907, 0.85491823, 0.28664227]
    ],
    "relaxed_energy": -107.35759583,
    "relaxed_forces": [
        [0.05548976, 0.03497697, 0.05548976],
        [0.00623863, -0.03899211, 0.00623863],
        [0.02888893, -0.01556203, 0.02888893],
        [-0.09716213, 0.03851006, -0.09716213],
        [0.00808121, -0.06001224, 0.00808121],
        [0.03241706, 0.00599079, 0.03241706],
        [-0.03928302, -0.02674767, -0.03928302],
        [-0.00580682, 0.04368647, -0.00580682],
        [-0.01731616, 0.02528624, -0.01731616],
        [0.0323958, 0.11783134, 0.0323958],
        [-0.00394327, -0.12496781, -0.00394327]
    ],
    "relaxed_lattice": [
        [2.30862996, 0.0, -2.30862996],
        [0.00225478, 6.82945971, 2.31088474],
        [4.63130687, -4.55471727, 4.63130687]
    ]
}