{
    "atom_type": [
        "N",
        "Zr"
    ],
    "atoms_per_type": [
        3,
        6
    ],
    "coord_mode": "direct",
    "relaxed_basis": [
        [0.5, 0.0, 0.50063048],
        [0.0, 0.5, 0.6666667],
        [0.5, 0.0, 0.83270282],
        [0.0, 0.0, 0.99985775],
        [0.5, 0.5, 0.1666667],
        [0.0, 0.0, 0.33347555],
        [0.5, 0.5, 0.50455722],
        [0.0, 0.0, 0.6666667],
        [0.5, 0.5, 0.82877608]
    ],
    "relaxed_energy": -86.64691101,
    "relaxed_forces": [
        [-0.01450096, 0.0, 0.01450096],
        [0.0, 0.0, -0.0],
        [0.01450096, 0.0, -0.01450096],
        [0.03561308, 0.0, -0.03561308],
        [-0.0, 0.0, -0.0],
        [-0.03561308, 0.0, 0.03561308],
        [-0.00557298, 0.0, 0.00557298],
        [0.0, 0.0, -0.0],
        [0.00557298, 0.0, -0.00557298]
    ],
    "relaxed_lattice": [
        [2.2918766, 0.0, 2.2918766],
        [0.0, 4.5895885, 0.0],
        [-6.884109, 0.0, 6.884109]
    ]
}