{
    "atom_type": [
        "N",
        "Zr"
    ],
    "atoms_per_type": [
        5,
        8
    ],
    "coord_mode": "direct",
    "relaxed_basis": [
        [0.5, 0.0, 0.37532722],
        [0.0, 0.5, 0.5015293],
        [0.5, 0.0, 0.625],
        [0.0, 0.5, 0.7484707],
        [0.5, 0.0, 0.87467278],
        [0.0, 0.0, 0.99891562],
        [0.5, 0.5, 0.125],
        [0.0, 0.0, 0.25108438],
        [0.5, 0.5, 0.3776434],
        [0.0, 0.0, 0.49481703],
        [0.5, 0.5, 0.625],
        [0.0, 0.0, 0.75518297],
        [0.5, 0.5, 0.8723566]
    ],
    "relaxed_energy": -127.52913787,
    "relaxed_forces": [
        [0.00658304, 0.0, -0.00658304],
        [-0.0560126, 0.0, 0.0560126],
        [0.0, 0.0, -0.0],
        [0.0560126, 0.0, -0.0560126],
        [-0.00658304, 0.0, 0.00658304],
        [0.02816126, 0.0, -0.02816126],
        [0.0, 0.0, -0.0],
        [-0.02816126, 0.0, 0.02816126],
        [-0.05860533, 0.0, 0.05860533],
        [0.01187394, 0.0, -0.01187394],
        [0.0, 0.0, -0.0],
        [-0.01187394, 0.0, 0.01187394],
        [0.05860533, 0.0, -0.05860533]
    ],
    "relaxed_lattice": [
        [2.2962115, 0.0, 2.2962115],
        [0.0, 4.59319577, 0.0],
        [-9.20788839, 0.0, 9.20788839]
    ]
}