{
    "atom_type": [
        "N",
        "Zr"
    ],
    "atoms_per_type": [
        7,
        8
    ],
    "coord_mode": "direct",
    "relaxed_basis": [
        [0.5, 0.5, 0.5],
        [0.0, 0.75048994, 0.25048994],
        [0.0, 0.75048994, 0.74951006],
        [0.5, 0.0, 0.5],
        [0.5, 0.0, 0.0],
        [0.0, 0.24951006, 0.74951006],
        [0.0, 0.24951006, 0.25048994],
        [0.0, 0.0, 0.0],
        [0.0, 0.0, 0.5],
        [0.5, 0.24608004, 0.25391996],
        [0.5, 0.24608004, 0.74608004],
        [0.0, 0.5, 0.5],
        [0.0, 0.5, 0.0],
        [0.5, 0.75391996, 0.74608004],
        [0.5, 0.75391996, 0.25391996]
    ],
    "relaxed_energy": -151.3698539,
    "relaxed_forces": [
        [0.0, 0.0, -0.0],
        [0.0, -0.00206475, -0.0],
        [0.0, 0.0, -0.00206475],
        [0.0, 0.0, -0.0],
        [0.0, 0.0, -0.0],
        [0.0, 0.00206475, -0.0],
        [0.0, 0.0, 0.00206475],
        [0.0, 0.0, -0.0],
        [0.0, 0.0, -0.0],
        [0.0, 0.0, -0.02717647],
        [0.0, -0.02717647, -0.0],
        [0.0, -0.0, -0.0],
        [0.0, 0.0, -0.0],
        [0.0, 0.0, 0.02717647],
        [0.0, 0.02717647, -0.0]
    ],
    "relaxed_lattice": [
        [-4.6060199, 0.0, 0.0],
        [0.0, 4.59113769, 4.59113769],
        [0.0, 4.59113769, -4.59113769]
    ]
}