{
    "atom_type": [
        "N",
        "Zr"
    ],
    "atoms_per_type": [
        3,
        4
    ],
    "coord_mode": "direct",
    "relaxed_basis": [
        [0.5, 0.5, 0.00183906],
        [0.0, 0.0, 0.25],
        [0.5, 0.5, 0.49816094],
        [0.0, 0.0, 0.99986209],
        [0.5, 0.5, 0.25],
        [0.0, 0.0, 0.50013791],
        [0.5, 0.5, 0.75]
    ],
    "relaxed_energy": -69.70950086,
    "relaxed_forces": [
        [-0.0, -0.0, -0.1427921],
        [-0.0, -0.0, 0.0],
        [0.0, 0.0, 0.1427921],
        [-0.0, -0.0, 0.0778654],
        [-0.0, -0.0, 0.0],
        [-0.0, -0.0, -0.0778654],
        [0.0, 0.0, 0.0]
    ],
    "relaxed_lattice": [
        [2.29207993, 2.29207993, 0.0],
        [2.29207993, -2.29207993, 0.0],
        [0.0, 0.0, -9.18374881]
    ]
}