{
    "atom_type": [
        "N",
        "Zr"
    ],
    "atoms_per_type": [
        3,
        6
    ],
    "coord_mode": "direct",
    "relaxed_basis": [
        [0.16651491, 0.0, 0.33302973],
        [0.3333333, 0.5, 0.6666667],
        [0.50015179, 0.0, 0.00030357],
        [0.00777474, 0.0, 0.01554947],
        [0.17825794, 0.5, 0.35651577],
        [0.3333333, 0.0, 0.6666667],
        [0.48840876, 0.5, 0.97681753],
        [0.65889196, 0.0, 0.31778383],
        [0.8333333, 0.5, 0.6666667]
    ],
    "relaxed_energy": -87.0293568,
    "relaxed_forces": [
        [0.0, 0.0, -0.01666305],
        [0.0, 0.0, 0.0],
        [-0.0, 0.0, 0.01666305],
        [-0.0, 0.0, 0.01583952],
        [-0.0, 0.0, 0.02338262],
        [-0.0, 0.0, 0.0],
        [0.0, 0.0, -0.02338262],
        [0.0, 0.0, -0.01583952],
        [-0.0, 0.0, 0.0]
    ],
    "relaxed_lattice": [
        [4.54232465, 0.0, -0.0],
        [0.0, 4.55841723, 0.0],
        [-2.27116233, 0.0, 7.0854942]
    ]
}