{
    "atom_type": [
        "N",
        "Zr"
    ],
    "atoms_per_type": [
        4,
        6
    ],
    "coord_mode": "direct",
    "relaxed_basis": [
        [0.6666667, 0.3333333, 0.9160586],
        [0.0, 0.0, 0.74985546],
        [0.3333333, 0.6666667, 0.58347784],
        [0.6666667, 0.3333333, 0.4172748],
        [0.0, 0.0, 0.99893183],
        [0.3333333, 0.6666667, 0.83524853],
        [0.6666667, 0.3333333, 0.6666667],
        [0.0, 0.0, 0.49808477],
        [0.3333333, 0.6666667, 0.33440147],
        [0.6666667, 0.3333333, 0.1666667]
    ],
    "relaxed_energy": -98.49517287,
    "relaxed_forces": [
        [-0.02256299, -0.02256299, -0.02256299],
        [0.01129812, 0.01129812, 0.01129812],
        [-0.01129812, -0.01129812, -0.01129812],
        [0.02256299, 0.02256299, 0.02256299],
        [-0.05040447, -0.05040447, -0.05040447],
        [0.03857766, 0.03857766, 0.03857766],
        [0.0, 0.0, 0.0],
        [-0.03857766, -0.03857766, -0.03857766],
        [0.05040447, 0.05040447, 0.05040447],
        [0.0, 0.0, 0.0]
    ],
    "relaxed_lattice": [
        [2.29531476, 0.0, -2.29531476],
        [-2.29531476, 2.29531476, 0.0],
        [9.18600289, 9.18600289, 9.18600289]
    ]
}