{
    "atom_type": [
        "N",
        "Zr"
    ],
    "atoms_per_type": [
        4,
        6
    ],
    "coord_mode": "direct",
    "relaxed_basis": [
        [0.0, 0.75, 0.25],
        [0.6673557, 0.74861208, 0.91667662],
        [0.0, 0.25, 0.75],
        [0.3326443, 0.75138792, 0.58332338],
        [0.00721357, 0.98913546, 0.9964374],
        [0.33503337, 0.50438674, 0.82554642],
        [0.66496663, 0.99561326, 0.67445358],
        [0.99278643, 0.51086454, 0.5035626],
        [0.34258727, 0.98268722, 0.33213815],
        [0.65741273, 0.51731278, 0.16786185]
    ],
    "relaxed_energy": -99.01504511,
    "relaxed_forces": [
        [0.0, -0.0, 0.0],
        [-0.10129065, -0.10129066, 0.06793808],
        [0.0, -0.0, 0.0],
        [0.10129065, 0.10129066, -0.06793808],
        [-0.02799673, -0.02799673, -0.06399229],
        [-0.03066518, -0.03066518, 0.0339473],
        [0.03066518, 0.03066518, -0.0339473],
        [0.02799673, 0.02799673, 0.06399229],
        [0.00742364, 0.00742364, -0.02523584],
        [-0.00742364, -0.00742364, 0.02523584]
    ],
    "relaxed_lattice": [
        [2.31390639, -2.31390639, -0.0],
        [4.60791451, 2.29400813, -2.28251383],
        [4.62520294, 2.31129657, 6.89937551]
    ]
}