{
    "atom_type": [
        "N",
        "Zr"
    ],
    "atoms_per_type": [
        2,
        8
    ],
    "coord_mode": "direct",
    "relaxed_basis": [
        [0.18730411, 0.18730411, 0.43808766],
        [0.81269589, 0.81269589, 0.56191234],
        [0.0, 0.0, 0.0],
        [0.87506831, 0.87506831, 0.37479506],
        [0.74967186, 0.74967186, 0.75098441],
        [0.62504672, 0.62504672, 0.12485983],
        [0.5, 0.5, 0.5],
        [0.37495328, 0.37495328, 0.87514017],
        [0.25032814, 0.25032814, 0.24901559],
        [0.12493169, 0.12493169, 0.62520494]
    ],
    "relaxed_energy": -91.59607429,
    "relaxed_forces": [
        [-0.01340384, -0.01340384, 0.01340384],
        [0.01340384, 0.01340384, -0.01340384],
        [-0.0, 0.0, -0.0],
        [-0.00630381, -0.00630381, 0.00630381],
        [-0.08730753, -0.08730753, 0.08730753],
        [0.03206154, 0.03206154, -0.03206154],
        [-0.0, 0.0, -0.0],
        [-0.03206154, -0.03206154, 0.03206154],
        [0.08730753, 0.08730753, -0.08730753],
        [0.00630381, 0.00630381, -0.00630381]
    ],
    "relaxed_lattice": [
        [2.2824256, 0.0, 2.2824256],
        [0.0, 2.2824256, 2.2824256],
        [-11.46318028, -11.46318028, 13.74560588]
    ]
}