{
    "atom_type": [
        "N",
        "Zr"
    ],
    "atoms_per_type": [
        3,
        5
    ],
    "coord_mode": "direct",
    "relaxed_basis": [
        [0.29969773, 0.29969773, 0.1009068],
        [0.1, 0.1, 0.7],
        [0.90030227, 0.90030227, 0.2990932],
        [0.99933523, 0.99933523, 0.00199432],
        [0.79826115, 0.79826115, 0.60521654],
        [0.6, 0.6, 0.2],
        [0.40173885, 0.40173885, 0.79478346],
        [0.20066477, 0.20066477, 0.39800568]
    ],
    "relaxed_energy": -78.12174402,
    "relaxed_forces": [
        [-0.04164155, -0.04164155, 0.04164155],
        [-0.0, -0.0, 0.0],
        [0.04164155, 0.04164155, -0.04164155],
        [-0.02754911, -0.02754911, 0.02754911],
        [0.01797532, 0.01797532, -0.01797532],
        [-0.0, -0.0, 0.0],
        [-0.01797532, -0.01797532, 0.01797532],
        [0.02754911, 0.02754911, -0.02754911]
    ],
    "relaxed_lattice": [
        [2.30031526, 0.0, 2.30031526],
        [0.0, 2.30031526, 2.30031526],
        [-6.91479311, -6.91479311, 9.21510837]
    ]
}