{
    "atom_type": [
        "N",
        "Zr"
    ],
    "atoms_per_type": [
        5,
        8
    ],
    "coord_mode": "direct",
    "relaxed_basis": [
        [0.74846808, 0.87820783, 0.62485601],
        [0.25007545, 0.62291638, 0.87693272],
        [0.50013093, 0.99965285, 8.529e-05],
        [0.75026297, 0.37477582, 0.12469824],
        [0.00223769, 0.74679091, 0.2487337],
        [0.99429828, 0.99764421, 0.01375923],
        [0.25063385, 0.3840095, 0.11472279],
        [0.510735, 0.73966882, 0.23886118],
        [0.75678505, 0.10889605, 0.37753386],
        [0.99107174, 0.52087066, 0.49698585],
        [0.24933483, 0.86624303, 0.63508731],
        [0.50368274, 0.24243432, 0.7502002],
        [0.74228338, 0.64288963, 0.87254362]
    ],
    "relaxed_energy": -128.07715522,
    "relaxed_forces": [
        [0.0, 0.02783994, -0.00453137],
        [0.0, 0.04040713, 0.00117587],
        [-0.0, -0.01250637, -0.01358017],
        [-0.0, -0.02715835, -0.00353088],
        [-0.0, -0.01340906, -0.00544229],
        [-0.0, -0.00398971, 0.00893721],
        [-0.0, -0.00697286, -0.00226157],
        [-0.0, -0.02858575, -0.00019997],
        [-0.0, -0.02595482, 0.02094302],
        [0.0, 0.00674768, 0.00986519],
        [0.0, 0.00134523, 0.02404266],
        [0.0, 0.02366993, -0.00688486],
        [0.0, 0.01856701, -0.02853285]
    ],
    "relaxed_lattice": [
        [4.58094693, 0.0, 0.0],
        [2.29047347, 4.62160258, -2.2982999],
        [2.29047347, 4.64769259, 6.94718398]
    ]
}