{
    "atom_type": [
        "N",
        "Zr"
    ],
    "atoms_per_type": [
        1,
        8
    ],
    "coord_mode": "direct",
    "relaxed_basis": [
        [0.875, 0.75, 0.3125],
        [0.0017136, 0.0034272, 0.99566706],
        [0.24920178, 0.49840357, 0.87395191],
        [0.50079822, 0.00159643, 0.75104809],
        [0.7482864, 0.4965728, 0.62933294],
        [0.00220091, 0.00440181, 0.50207509],
        [0.25614327, 0.51228654, 0.37439607],
        [0.49385673, 0.98771346, 0.25060393],
        [0.74779909, 0.49559819, 0.12292491]
    ],
    "relaxed_energy": -79.79126546,
    "relaxed_forces": [
        [0.0, -0.0, 0.0],
        [-0.04714116, 0.04714116, -0.06234347],
        [0.00408358, -0.00408358, 0.00629023],
        [-0.00408358, 0.00408358, -0.00629023],
        [0.04714116, -0.04714116, 0.06234347],
        [-0.03770838, 0.03770838, 0.0539851],
        [-0.10567986, 0.10567986, 0.05181537],
        [0.10567986, -0.10567986, -0.05181537],
        [0.03770838, -0.03770838, -0.0539851]
    ],
    "relaxed_lattice": [
        [2.28826527, 2.28826527, -0.0],
        [-4.56145442, 2.27318916, 2.27210678],
        [4.57358983, -4.57358983, 9.13946072]
    ]
}