{
    "atom_type": [
        "N",
        "Zr"
    ],
    "atoms_per_type": [
        3,
        8
    ],
    "coord_mode": "direct",
    "relaxed_basis": [
        [0.5, 0.0, 0.37440265],
        [0.0, 0.5, 0.74874374],
        [0.5, 0.0, 0.87563634],
        [0.0, 0.0, 0.00021579],
        [0.5, 0.5, 0.12608073],
        [0.0, 0.0, 0.25392574],
        [0.5, 0.5, 0.37477529],
        [0.0, 0.0, 0.49194265],
        [0.5, 0.5, 0.62872756],
        [0.0, 0.0, 0.75693681],
        [0.5, 0.5, 0.8686127]
    ],
    "relaxed_energy": -103.82836154,
    "relaxed_forces": [
        [0.03362331, 0.0, -0.03362331],
        [0.07284863, 0.0, -0.07284863],
        [-0.08561438, 0.0, 0.08561438],
        [-0.04958731, 0.0, 0.04958731],
        [-0.02079215, 0.0, 0.02079215],
        [0.03570866, 0.0, -0.03570866],
        [0.01276994, 0.0, -0.01276994],
        [0.02100301, 0.0, -0.02100301],
        [0.0143349, 0.0, -0.0143349],
        [-0.05065912, 0.0, 0.05065912],
        [0.01636451, 0.0, -0.01636451]
    ],
    "relaxed_lattice": [
        [2.30321462, 0.0, 2.30321462],
        [0.0, 4.58085614, 0.0],
        [-9.16522282, 0.0, 9.16522282]
    ]
}