{
    "atom_type": [
        "N",
        "Zr"
    ],
    "atoms_per_type": [
        4,
        7
    ],
    "coord_mode": "direct",
    "relaxed_basis": [
        [0.21365111, 0.92511243, 0.35481832],
        [0.78711297, 0.06850036, 0.64452008],
        [0.35574423, 0.21721394, 0.92690842],
        [0.92920599, 0.36060187, 0.21661028],
        [0.0169791, 0.01990904, 0.00403774],
        [0.5714286, 0.1428571, 0.2857143],
        [0.125878, 0.26580526, 0.56739086],
        [0.69897026, 0.41207335, 0.86637404],
        [0.27017979, 0.56673537, 0.14003734],
        [0.87267741, 0.71897893, 0.43139116],
        [0.44388684, 0.87364095, 0.70505456]
    ],
    "relaxed_energy": -107.62660292,
    "relaxed_forces": [
        [0.02138009, -0.02372606, -0.03747386],
        [-0.02360929, -0.01715864, 0.01744822],
        [0.02360929, 0.01715864, -0.01744822],
        [-0.02138009, 0.02372606, 0.03747386],
        [0.0141137, -0.01276757, -0.00834347],
        [-0.0, 0.0, -0.0],
        [-0.0141137, 0.01276757, 0.00834347],
        [-0.04286739, 0.01214063, -0.00095606],
        [-0.05011431, 0.08428577, 0.02267513],
        [0.05011431, -0.08428577, -0.02267513],
        [0.04286739, -0.01214063, 0.00095606]
    ],
    "relaxed_lattice": [
        [2.26242075, -4.71312008, -2.28665092],
        [-4.55420364, -2.36453001, 2.27469098],
        [-2.29022035, 2.35061064, -4.58940209]
    ]
}