{
    "atom_type": [
        "N",
        "Zr"
    ],
    "atoms_per_type": [
        5,
        8
    ],
    "coord_mode": "direct",
    "relaxed_basis": [
        [0.25261499, 0.87770973, 0.81379103],
        [0.25049475, 0.37348422, 0.06176067],
        [0.7495761, 0.12367749, 0.18518246],
        [0.24964216, 0.87948271, 0.31135187],
        [0.74898887, 0.62381317, 0.43899979],
        [0.01347676, 0.01310749, 0.00962789],
        [0.48920151, 0.75248072, 0.12918035],
        [0.99805621, 0.49383562, 0.25252229],
        [0.51070197, 0.25786229, 0.3648267],
        [0.99978504, 0.97712319, 0.49345954],
        [0.49180301, 0.75069365, 0.6161807],
        [0.00524192, 0.51530929, 0.75279175],
        [0.49041669, 0.23642044, 0.88282495]
    ],
    "relaxed_energy": -127.98777327,
    "relaxed_forces": [
        [-0.01182601, 0.00990176, 0.02068479],
        [0.01019804, -0.0046626, -0.00243425],
        [-0.01835524, -0.01925529, -0.02159612],
        [0.00619438, 0.01369722, -0.00040791],
        [0.02793742, -0.01814034, -0.01591341],
        [-0.00605759, 0.03579869, -0.00153952],
        [0.00457577, -0.0036844, -0.00662414],
        [0.0208687, 0.00935385, -0.00925845],
        [0.02036186, 0.00010188, -0.03368568],
        [-0.0139587, -0.03722016, -0.00919499],
        [-0.0143402, -0.00533299, 0.00027678],
        [-0.0013162, 0.05526035, 0.05043994],
        [-0.02428223, -0.03581797, 0.02925296]
    ],
    "relaxed_lattice": [
        [2.29963328, 2.31966748, -4.61248134],
        [-2.29945512, 4.64230301, 2.30784873],
        [4.58864454, -0.0006411, 4.60681117]
    ]
}