{
    "atom_type": [
        "N",
        "Zr"
    ],
    "atoms_per_type": [
        3,
        8
    ],
    "coord_mode": "direct",
    "relaxed_basis": [
        [0.5, 0.50202106, 0.50031506],
        [0.0, 0.87408804, 0.74817607],
        [0.5, 0.998294, 0.50031506],
        [0.0, 0.00186126, 0.00372252],
        [0.5, 0.11627589, 0.7493393],
        [0.0, 0.24844359, 0.49688719],
        [0.5, 0.37164261, 0.24603544],
        [0.0, 0.50209648, 0.00419295],
        [0.5, 0.63306341, 0.7493393],
        [0.0, 0.75282083, 0.50564167],
        [0.5, 0.87439283, 0.24603544]
    ],
    "relaxed_energy": -103.77740109,
    "relaxed_forces": [
        [-0.0032761, 0.0032761, -0.02083399],
        [0.0, -0.0, 0.06462807],
        [0.0032761, -0.0032761, -0.02083399],
        [0.0, -0.0, 0.11839327],
        [-0.01275219, 0.01275219, 0.0533856],
        [-0.0, 0.0, -0.09244935],
        [-0.0086147, 0.0086147, -0.06959903],
        [0.0, -0.0, 0.07829962],
        [0.01275219, -0.01275219, 0.0533856],
        [-0.0, 0.0, -0.09477676],
        [0.0086147, -0.0086147, -0.06959903]
    ],
    "relaxed_lattice": [
        [2.30617852, 2.30617852, 0.0],
        [-4.58801895, 4.58801895, 0.0],
        [2.29400948, -2.29400948, 9.07732062]
    ]
}