{
    "atom_type": [
        "N",
        "Zr"
    ],
    "atoms_per_type": [
        5,
        8
    ],
    "coord_mode": "direct",
    "relaxed_basis": [
        [0.12460566, 0.12460566, 0.74921131],
        [0.87539434, 0.87539434, 0.25078869],
        [0.62460566, 0.62460566, 0.74921131],
        [0.0, 0.5, 0.5],
        [0.37539434, 0.37539434, 0.25078869],
        [0.0, 0.0, 0.0],
        [0.36609406, 0.86609406, 0.74369577],
        [0.75471295, 0.74528705, 0.5],
        [0.12239828, 0.62239828, 0.25630423],
        [0.5, 0.5, 0.0],
        [0.87760172, 0.37760172, 0.74369577],
        [0.24528705, 0.25471295, 0.5],
        [0.63390594, 0.13390594, 0.25630423]
    ],
    "relaxed_energy": -127.63442749,
    "relaxed_forces": [
        [0.0, -0.02196928, 0.02196928],
        [0.0, 0.02196928, -0.02196928],
        [0.0, -0.02196928, 0.02196928],
        [0.0, 0.0, 0.0],
        [0.0, 0.02196928, -0.02196928],
        [0.0, 0.0, 0.0],
        [0.0, 0.00666317, -0.08229421],
        [-0.05230307, 0.0, 0.0],
        [0.0, -0.08229421, 0.00666317],
        [0.0, -0.0, -0.0],
        [0.0, 0.08229421, -0.00666317],
        [0.05230307, -0.0, -0.0],
        [0.0, -0.00666317, 0.08229421]
    ],
    "relaxed_lattice": [
        [4.51580619, 2.32715072, 2.32715072],
        [-4.51580619, 2.32715072, 2.32715072],
        [0.0, -6.96884248, 2.31454104]
    ]
}