{
    "atom_type": [
        "N",
        "Zr"
    ],
    "atoms_per_type": [
        4,
        7
    ],
    "coord_mode": "direct",
    "relaxed_basis": [
        [0.78660093, 0.57320186, 0.85437662],
        [0.92827009, 0.85654028, 0.2871306],
        [0.50181735, 0.00363469, 0.9988657],
        [0.07150848, 0.14301686, 0.71520386],
        [0.98955613, 0.97911226, 0.99554786],
        [0.58008969, 0.16017928, 0.73349616],
        [0.13278778, 0.26557566, 0.43210721],
        [0.71869662, 0.43739323, 0.14304031],
        [0.2832911, 0.56658221, 0.85425036],
        [0.86370628, 0.72741246, 0.56925157],
        [0.42938986, 0.85877982, 0.27387265]
    ],
    "relaxed_energy": -107.46615676,
    "relaxed_forces": [
        [-0.0, 0.015371, -0.03909976],
        [0.0, -0.03179618, 0.02754113],
        [-0.0, 0.02841732, 0.04487998],
        [-0.0, -0.00242811, -0.02267588],
        [0.0, -0.01676079, 0.02356633],
        [0.0, -0.0338717, -0.01873384],
        [0.0, -0.03655649, -0.00645274],
        [0.0, 0.02125251, 0.08344546],
        [-0.0, 0.0396081, -0.04046995],
        [-0.0, 0.02403751, -0.00761424],
        [-0.0, -0.00727314, -0.04438649]
    ],
    "relaxed_lattice": [
        [4.5680469, -0.0, 0.0],
        [-2.28402346, 4.64286306, -2.31420473],
        [-0.0, 2.30994526, 6.91959016]
    ]
}