{
    "atom_type": [
        "N",
        "Zr"
    ],
    "atoms_per_type": [
        4,
        8
    ],
    "coord_mode": "direct",
    "relaxed_basis": [
        [0.43777617, 0.81295576, 0.87555234],
        [0.56204287, 0.18624661, 0.12408574],
        [0.81295713, 0.93875339, 0.62591426],
        [0.93722383, 0.31204424, 0.87444766],
        [0.99948934, 0.01174829, 0.99897868],
        [0.12463797, 0.37393093, 0.24927594],
        [0.25036203, 0.75106907, 0.50072406],
        [0.37551066, 0.11325171, 0.75102132],
        [0.49766491, 0.49184648, 0.99532983],
        [0.62603971, 0.87990965, 0.25207942],
        [0.74896029, 0.24509035, 0.49792058],
        [0.87733509, 0.63315352, 0.75467017]
    ],
    "relaxed_energy": -115.72632062,
    "relaxed_forces": [
        [0.06888206, -0.04001111, 0.06888206],
        [-0.00354237, 0.05154673, -0.00354237],
        [0.00354237, -0.05154673, 0.00354237],
        [-0.06888206, 0.04001111, -0.06888206],
        [0.01026508, -0.01417757, 0.01026508],
        [-0.01190911, 0.09518724, -0.01190911],
        [0.01190911, -0.09518724, 0.01190911],
        [-0.01026508, 0.01417757, -0.01026508],
        [0.00549748, 0.04678363, 0.00549748],
        [0.05670866, 0.0074717, 0.05670866],
        [-0.05670866, -0.0074717, -0.05670866],
        [-0.00549748, -0.04678363, -0.00549748]
    ],
    "relaxed_lattice": [
        [2.29575947, 0.0, -2.29575947],
        [2.29962053, 4.57513222, 2.29962053],
        [4.6218894, -6.88338285, 6.91764887]
    ]
}