{
    "atom_type": [
        "N",
        "Zr"
    ],
    "atoms_per_type": [
        4,
        6
    ],
    "coord_mode": "direct",
    "relaxed_basis": [
        [0.0833333, 0.3333333, 0.75],
        [0.41770853, 0.66458304, 0.75],
        [0.5833333, 0.3333333, 0.25],
        [0.74895817, 0.00208366, 0.75],
        [0.99380886, 0.01082515, 0.98991962],
        [0.17285784, 0.65584155, 0.51008038],
        [0.34846604, 0.3333333, 0.99044263],
        [0.49536598, 0.01082515, 0.51008038],
        [0.67130072, 0.65584155, 0.98991962],
        [0.81820056, 0.3333333, 0.50955737]
    ],
    "relaxed_energy": -99.12298541,
    "relaxed_forces": [
        [0.0, -0.0, -0.0],
        [0.0, 0.0774128, 0.0774128],
        [-0.0, -0.0, -0.0],
        [-0.0, -0.0774128, -0.0774128],
        [-0.00181431, 0.06694861, -0.00342892],
        [0.00181431, -0.06694861, 0.00342892],
        [0.15432423, -0.06034196, 0.06034196],
        [0.00181431, -0.00342892, 0.06694861],
        [-0.00181431, 0.00342892, -0.06694861],
        [-0.15432423, 0.06034196, -0.06034196]
    ],
    "relaxed_lattice": [
        [4.59828164, 2.30692497, -2.30692497],
        [2.29914082, 4.60548276, 2.29855779],
        [4.59929358, -2.30797202, 2.30797202]
    ]
}