{
    "atom_type": [
        "N",
        "Zr"
    ],
    "atoms_per_type": [
        2,
        8
    ],
    "coord_mode": "direct",
    "relaxed_basis": [
        [0.5, 0.87509342, 0.12463534],
        [0.0, 0.12490658, 0.37536466],
        [0.0, 0.99566396, 0.00082591],
        [0.5, 0.00433604, 0.49917409],
        [0.5, 0.23842323, 0.25431087],
        [0.0, 0.24821412, 0.75469271],
        [0.0, 0.49778837, 0.50312336],
        [0.5, 0.50221163, 0.99687664],
        [0.5, 0.75178588, 0.74530729],
        [0.0, 0.76157677, 0.24568913]
    ],
    "relaxed_energy": -91.69956145,
    "relaxed_forces": [
        [0.03629133, 0.05130359, -0.03629133],
        [-0.03629133, -0.05130359, 0.03629133],
        [0.02843752, -0.01256942, -0.02843752],
        [-0.02843752, 0.01256942, 0.02843752],
        [-0.02437065, -0.02713175, 0.02437065],
        [-0.06105694, 0.02024631, 0.06105694],
        [-0.01935194, 0.08772312, 0.01935194],
        [0.01935194, -0.08772312, -0.01935194],
        [0.06105694, -0.02024631, -0.06105694],
        [0.02437065, 0.02713175, -0.02437065]
    ],
    "relaxed_lattice": [
        [2.29360162, 0.0, 2.29360162],
        [2.28223121, 4.57336579, -2.28223121],
        [-6.86480007, 4.59140989, 6.86480007]
    ]
}