{
    "atom_type": [
        "N",
        "Zr"
    ],
    "atoms_per_type": [
        5,
        8
    ],
    "coord_mode": "direct",
    "relaxed_basis": [
        [0.5, 0.24967221, 0.00025603],
        [0.5, 0.50032779, 0.49974397],
        [0.5, 0.75058381, 0.00025603],
        [0.0, 0.875, 0.75],
        [0.5, 0.99941619, 0.49974397],
        [0.0, 0.99840839, 0.99681677],
        [0.5, 0.11348598, 0.75],
        [0.0, 0.24895345, 0.4979069],
        [0.5, 0.375, 0.25],
        [0.0, 0.50104655, 0.0020931],
        [0.5, 0.63651402, 0.75],
        [0.0, 0.75159161, 0.50318323],
        [0.5, 0.875, 0.25]
    ],
    "relaxed_energy": -127.79731783,
    "relaxed_forces": [
        [-0.0203588, 0.0203588, -0.01703122],
        [0.0203588, -0.0203588, 0.01703122],
        [0.0203588, -0.0203588, -0.01703122],
        [0.0, -0.0, -0.0],
        [-0.0203588, 0.0203588, 0.01703122],
        [0.0, -0.0, 0.10591001],
        [0.02127661, -0.02127661, -0.0],
        [0.0, -0.0, 0.03811357],
        [0.0, -0.0, -0.0],
        [-0.0, 0.0, -0.03811357],
        [-0.02127661, 0.02127661, 0.0],
        [-0.0, 0.0, -0.10591001],
        [0.0, -0.0, 0.0]
    ],
    "relaxed_lattice": [
        [2.31196853, 2.31196853, 0.0],
        [-4.60675932, 4.60675932, 0.0],
        [2.30337966, -2.30337966, 9.11779395]
    ]
}