{
    "atom_type": [
        "N",
        "Zr"
    ],
    "atoms_per_type": [
        4,
        8
    ],
    "coord_mode": "direct",
    "relaxed_basis": [
        [0.75, 0.75, 0.25],
        [0.25, 0.25, 0.75],
        [0.25, 0.75, 0.75],
        [0.75, 0.75, 0.75],
        [0.00426744, 0.99573256, 0.99573256],
        [0.50426744, 0.99573256, 0.99573256],
        [0.0, 0.50621859, 0.99378141],
        [0.5, 0.51042269, 0.98957731],
        [0.0, 0.98957731, 0.51042269],
        [0.5, 0.99378141, 0.50621859],
        [0.99573256, 0.50426744, 0.50426744],
        [0.49573256, 0.50426744, 0.50426744]
    ],
    "relaxed_energy": -115.867393,
    "relaxed_forces": [
        [-0.0, 0.0, -0.0],
        [0.0, 0.0, -0.0],
        [0.0, 0.0, -0.0],
        [0.0, 0.0, -0.0],
        [-0.00972439, -0.0, -0.0],
        [-0.00972439, -0.0, -0.0],
        [0.0, 0.05408841, -0.05408841],
        [0.0, -0.00148453, 0.00148453],
        [0.0, 0.00148453, -0.00148453],
        [0.0, -0.05408841, 0.05408841],
        [0.00972439, 0.0, 0.0],
        [0.00972439, 0.0, 0.0]
    ],
    "relaxed_lattice": [
        [0.0, 4.59352399, 4.59352399],
        [4.6363155, 0.023287, 4.57023699],
        [4.6363155, 4.57023699, 0.023287]
    ]
}