{
    "atom_type": [
        "N",
        "Zr"
    ],
    "atoms_per_type": [
        3,
        8
    ],
    "coord_mode": "direct",
    "relaxed_basis": [
        [0.75, 0.25, 0.50225099],
        [0.75, 0.75, 0.25135986],
        [0.25, 0.25, 0.25135986],
        [0.00435182, 0.99564818, 0.0069273],
        [0.49564818, 0.50435182, 0.0069273],
        [0.49842389, 0.99842389, 0.7477994],
        [0.00157611, 0.50157611, 0.7477994],
        [0.99497292, 0.00502708, 0.48813728],
        [0.50502708, 0.49497292, 0.48813728],
        [0.50713438, 0.00713438, 0.25465068],
        [0.99286562, 0.49286562, 0.25465068]
    ],
    "relaxed_energy": -103.66744707,
    "relaxed_forces": [
        [-0.04023494, 0.04023494, 0.0],
        [0.01650549, -0.01650549, 0.0],
        [0.01650549, -0.01650549, 0.0],
        [0.02095746, -0.02095746, -0.13133224],
        [0.02095746, -0.02095746, 0.13133224],
        [0.02885015, 0.06659484, 0.0],
        [-0.06659484, -0.02885015, 0.0],
        [0.00298902, -0.00298902, -0.01575764],
        [0.00298902, -0.00298902, 0.01575764],
        [-0.00625668, -0.00333237, 0.0],
        [0.00333237, 0.00625668, 0.0]
    ],
    "relaxed_lattice": [
        [-2.29959811, -2.29959811, -4.60416503],
        [-2.29959811, -2.29959811, 4.60416503],
        [-4.58305517, 4.58305517, 0.0]
    ]
}