{
    "atom_type": [
        "N",
        "Zr"
    ],
    "atoms_per_type": [
        7,
        8
    ],
    "coord_mode": "direct",
    "relaxed_basis": [
        [0.5, 0.0, 0.12507308],
        [0.0, 0.5, 0.25068119],
        [0.5, 0.0, 0.37483223],
        [0.0, 0.5, 0.5],
        [0.5, 0.0, 0.62516777],
        [0.0, 0.5, 0.74931881],
        [0.5, 0.0, 0.87492692],
        [0.0, 0.0, 0.0],
        [0.5, 0.5, 0.12963948],
        [0.0, 0.0, 0.24697961],
        [0.5, 0.5, 0.37409837],
        [0.0, 0.0, 0.5],
        [0.5, 0.5, 0.62590163],
        [0.0, 0.0, 0.75302039],
        [0.5, 0.5, 0.87036052]
    ],
    "relaxed_energy": -151.37788812,
    "relaxed_forces": [
        [0.03133354, -0.0, -0.03133354],
        [-0.05302259, -0.0, 0.05302259],
        [-0.00012086, -0.0, 0.00012086],
        [0.0, -0.0, 0.0],
        [0.00012086, -0.0, -0.00012086],
        [0.05302259, -0.0, -0.05302259],
        [-0.03133354, -0.0, 0.03133354],
        [0.0, -0.0, 0.0],
        [-0.10071121, -0.0, 0.10071121],
        [0.01600305, 0.0, -0.01600305],
        [-0.00694962, -0.0, 0.00694962],
        [0.0, -0.0, 0.0],
        [0.00694962, -0.0, -0.00694962],
        [-0.01600305, -0.0, 0.01600305],
        [0.10071121, -0.0, -0.10071121]
    ],
    "relaxed_lattice": [
        [2.29965275, 0.0, 2.29965275],
        [0.0, 4.59765854, 0.0],
        [-9.20068615, 0.0, 9.20068615]
    ]
}