{
    "atom_type": [
        "N",
        "Zr"
    ],
    "atoms_per_type": [
        5,
        7
    ],
    "coord_mode": "direct",
    "relaxed_basis": [
        [0.64346448, 0.28692907, 0.07040167],
        [0.35659607, 0.71319203, 0.92664078],
        [0.0714286, 0.1428571, 0.7857143],
        [0.78626113, 0.57252227, 0.64478772],
        [0.49939262, 0.99878523, 0.50102693],
        [0.00308259, 0.00616518, 0.00024096],
        [0.71601164, 0.43202329, 0.86202919],
        [0.42684546, 0.85369101, 0.70939941],
        [0.13977451, 0.27954912, 0.57118764],
        [0.86357961, 0.72715911, 0.4324884],
        [0.5714286, 0.1428571, 0.2857143],
        [0.27927759, 0.55855519, 0.1389401]
    ],
    "relaxed_energy": -119.14983105,
    "relaxed_forces": [
        [-0.03266292, -0.03266292, 0.00618181],
        [-0.01294859, -0.01294859, -0.04815927],
        [0.0, 0.0, -0.0],
        [0.01294859, 0.01294859, 0.04815927],
        [0.03266292, 0.03266292, -0.00618181],
        [-0.02269162, -0.02269162, -0.03889188],
        [0.00826729, 0.00826729, 0.0278862],
        [-0.00826729, -0.00826729, -0.0278862],
        [0.02269162, 0.02269162, 0.03889188],
        [0.06973299, 0.06973299, -0.02448165],
        [-0.0, 0.0, -0.0],
        [-0.06973299, -0.06973299, 0.02448165]
    ],
    "relaxed_lattice": [
        [2.31109686, -2.31109686, 0.0],
        [2.28596687, 4.59706372, -2.28563988],
        [2.31202215, 2.31202215, 9.19556365]
    ]
}