{
    "atom_type": [
        "N",
        "Zr"
    ],
    "atoms_per_type": [
        3,
        8
    ],
    "coord_mode": "direct",
    "relaxed_basis": [
        [0.0, 0.62556117, 0.87518144],
        [0.5, 0.87645955, 0.12488583],
        [0.5, 0.12570467, 0.87570166],
        [0.0, 0.99016793, 0.99780672],
        [0.5, 0.99880002, 0.49967828],
        [0.5, 0.2474229, 0.25484055],
        [0.0, 0.25055697, 0.75466681],
        [0.0, 0.49975062, 0.49604047],
        [0.5, 0.50566386, 0.99412508],
        [0.5, 0.75235745, 0.75351104],
        [0.0, 0.75255486, 0.24856214]
    ],
    "relaxed_energy": -103.67494077,
    "relaxed_forces": [
        [0.05591626, -0.03252086, -0.05591626],
        [0.00147253, -0.01253812, -0.00147253],
        [-0.05162897, 0.04710446, 0.05162897],
        [-0.01936815, 0.08125407, 0.01936815],
        [-0.0228583, -0.00221891, 0.0228583],
        [-0.10001373, 0.03531896, 0.10001373],
        [-0.0249824, -0.03257058, 0.0249824],
        [0.08183624, -0.03906533, -0.08183624],
        [-0.01021946, -0.01305511, 0.01021946],
        [0.0429654, 0.0123461, -0.0429654],
        [0.04688058, -0.04405467, -0.04688058]
    ],
    "relaxed_lattice": [
        [2.29939206, 0.0, 2.29939206],
        [2.29555752, 4.58237075, -2.29555752],
        [-6.87333, 4.56903559, 6.87333]
    ]
}