{
    "atom_type": [
        "N",
        "Zr"
    ],
    "atoms_per_type": [
        6,
        8
    ],
    "coord_mode": "direct",
    "relaxed_basis": [
        [0.0, 0.49989051, 0.99798903],
        [0.5, 0.62773372, 0.37645512],
        [0.0, 0.74712786, 0.74763074],
        [0.5, 0.87787214, 0.12736926],
        [0.0, 0.99726628, 0.49854488],
        [0.5, 0.12510949, 0.87701097],
        [0.0, 0.99459465, 0.99160309],
        [0.5, 0.12067774, 0.38132276],
        [0.0, 0.24470907, 0.75554663],
        [0.5, 0.38029093, 0.11945337],
        [0.0, 0.50432226, 0.49367724],
        [0.5, 0.63040535, 0.88339691],
        [0.0, 0.74758423, 0.25088273],
        [0.5, 0.87741577, 0.62411727]
    ],
    "relaxed_energy": -139.61360862,
    "relaxed_forces": [
        [-0.07803328, 0.07803328, -0.063936],
        [-0.03328092, 0.03328092, -0.01938614],
        [0.0354472, -0.0354472, -0.14446299],
        [-0.0354472, 0.0354472, 0.14446299],
        [0.03328092, -0.03328092, 0.01938614],
        [0.07803328, -0.07803328, 0.063936],
        [0.02360942, -0.02360942, -0.07397499],
        [0.12038594, -0.12038594, 0.05030314],
        [0.07883749, -0.07883749, 0.00970283],
        [-0.07883749, 0.07883749, -0.00970283],
        [-0.12038594, 0.12038594, -0.05030314],
        [-0.02360942, 0.02360942, 0.07397499],
        [-0.01462263, 0.01462263, -0.02619114],
        [0.01462263, -0.01462263, 0.02619114]
    ],
    "relaxed_lattice": [
        [2.3092953, 2.3092953, 0.0],
        [-4.63699267, 4.63699267, 4.59228287],
        [4.62781023, -4.62781023, 4.57417423]
    ]
}