{
    "atom_type": [
        "N",
        "Zr"
    ],
    "atoms_per_type": [
        1,
        6
    ],
    "coord_mode": "direct",
    "relaxed_basis": [
        [0.5, 0.0, 0.0],
        [0.0, 0.0, 0.0],
        [0.17229443, 0.5, 0.34458876],
        [0.33643326, 0.0, 0.67286662],
        [0.5, 0.5, 0.0],
        [0.66356674, 0.0, 0.32713338],
        [0.82770557, 0.5, 0.65541124]
    ],
    "relaxed_energy": -62.99598524,
    "relaxed_forces": [
        [0.0, -0.0, 0.0],
        [0.0, -0.0, 0.0],
        [-0.0, 0.0, 0.01742784],
        [-0.0, 0.0, 0.2112694],
        [-0.0, -0.0, 0.0],
        [0.0, -0.0, -0.2112694],
        [0.0, -0.0, -0.01742784]
    ],
    "relaxed_lattice": [
        [4.54448485, 0.0, -0.0],
        [0.0, 4.54031991, 0.0],
        [-2.27224243, 0.0, 6.93168366]
    ]
}