{
    "atom_type": [
        "N",
        "Zr"
    ],
    "atoms_per_type": [
        2,
        7
    ],
    "coord_mode": "direct",
    "relaxed_basis": [
        [0.35804903, 0.71609797, 0.9278698],
        [0.49909387, 0.99818773, 0.5007016],
        [0.99281913, 0.98563826, 0.99785221],
        [0.72302745, 0.4460549, 0.86099184],
        [0.4285714, 0.8571429, 0.7142857],
        [0.13411535, 0.2682308, 0.56757966],
        [0.86432377, 0.72864744, 0.43071919],
        [0.57460927, 0.14921844, 0.28730303],
        [0.28253363, 0.56506726, 0.14126837]
    ],
    "relaxed_energy": -83.37793389,
    "relaxed_forces": [
        [0.00363574, 0.00363574, 0.02962],
        [-0.00363574, -0.00363574, -0.02962],
        [-0.01893147, -0.01893147, 0.02151873],
        [0.04557302, 0.04557302, -0.02430433],
        [-0.0, 0.0, 0.0],
        [-0.04557302, -0.04557302, 0.02430433],
        [0.01893147, 0.01893147, -0.02151873],
        [0.04306801, 0.04306801, -0.07033599],
        [-0.04306801, -0.04306801, 0.07033599]
    ],
    "relaxed_lattice": [
        [2.3054838, -2.3054838, 0.0],
        [2.27808678, 4.58357057, -2.28887692],
        [2.30210873, 2.30210873, 9.19921355]
    ]
}