{
    "atom_type": [
        "N",
        "Zr"
    ],
    "atoms_per_type": [
        5,
        8
    ],
    "coord_mode": "direct",
    "relaxed_basis": [
        [0.5, 0.50033575, 0.00016348],
        [0.0, 0.62431564, 0.74863128],
        [0.0, 0.87726605, 0.25453211],
        [0.5, 0.99982773, 0.00016348],
        [0.0, 0.12471033, 0.74942066],
        [0.0, 0.98844014, 0.99307102],
        [0.5, 0.13417888, 0.76835775],
        [0.0, 0.24605432, 0.50323778],
        [0.5, 0.37167265, 0.24334529],
        [0.0, 0.50463088, 0.99307102],
        [0.5, 0.62869461, 0.75738921],
        [0.0, 0.75718346, 0.50323778],
        [0.5, 0.86768956, 0.23537913]
    ],
    "relaxed_energy": -127.94795934,
    "relaxed_forces": [
        [0.0, 0.07977474, -0.03196967],
        [0.0, -0.04858654, -0.04858654],
        [0.0, -0.00838577, -0.00838577],
        [0.0, -0.03196967, 0.07977474],
        [0.0, -0.01618884, -0.01618884],
        [0.0, -0.0132179, 0.04873438],
        [0.0, 0.02077845, 0.02077845],
        [0.0, -0.00113024, -0.02417652],
        [0.0, 0.03428684, 0.03428684],
        [0.0, 0.04873438, -0.0132179],
        [0.0, -0.03101267, -0.03101267],
        [0.0, -0.02417652, -0.00113024],
        [0.0, -0.00890626, -0.00890626]
    ],
    "relaxed_lattice": [
        [4.58386395, 0.0, 0.0],
        [0.0, 4.62576275, -4.62576275],
        [0.0, 2.28862763, 6.91439037]
    ]
}