{
    "atom_type": [
        "N",
        "Zr"
    ],
    "atoms_per_type": [
        2,
        7
    ],
    "coord_mode": "direct",
    "relaxed_basis": [
        [0.92956394, 0.85912799, 0.28492615],
        [0.07043606, 0.14087201, 0.71507385],
        [0.0, 0.0, 0.0],
        [0.57283064, 0.14566118, 0.72211063],
        [0.13171574, 0.26343158, 0.4293903],
        [0.72399142, 0.44798285, 0.14759387],
        [0.27600858, 0.55201715, 0.85240613],
        [0.86828426, 0.73656842, 0.5706097],
        [0.42716936, 0.85433882, 0.27788937]
    ],
    "relaxed_energy": -83.67646453,
    "relaxed_forces": [
        [0.0, 0.01008133, 0.03328781],
        [-0.0, -0.01008133, -0.03328781],
        [-0.0, 0.0, 0.0],
        [0.0, -0.01462921, 0.00156762],
        [-0.0, -0.00020142, -0.08765995],
        [-0.0, 0.03663939, 0.00985521],
        [0.0, -0.03663939, -0.00985521],
        [0.0, 0.00020142, 0.08765995],
        [-0.0, 0.01462921, -0.00156762]
    ],
    "relaxed_lattice": [
        [4.55066088, -0.0, -0.0],
        [-2.27533045, 4.66664461, -2.25521572],
        [-0.0, 2.37423513, 6.84403499]
    ]
}