{
    "atom_type": [
        "N",
        "Zr"
    ],
    "atoms_per_type": [
        4,
        7
    ],
    "coord_mode": "direct",
    "relaxed_basis": [
        [0.64261378, 0.64261378, 0.28522766],
        [0.49961531, 0.49961531, 0.99923062],
        [0.35752759, 0.35752759, 0.71505508],
        [0.21452902, 0.21452902, 0.42905804],
        [8.831e-05, 8.831e-05, 0.00017662],
        [0.85705459, 0.85705459, 0.71410908],
        [0.71268422, 0.71268422, 0.42536845],
        [0.57058864, 0.57058864, 0.14117718],
        [0.4285714, 0.4285714, 0.8571429],
        [0.28655426, 0.28655426, 0.57310852],
        [0.14445858, 0.14445858, 0.28891725]
    ],
    "relaxed_energy": -107.30248627,
    "relaxed_forces": [
        [0.0, -0.0, -0.02805938],
        [-0.0, -0.0, -0.01494792],
        [0.0, -0.0, 0.01494792],
        [-0.0, -0.0, 0.02805938],
        [-0.0, -0.0, 0.00496555],
        [0.0, -0.0, -0.00496555],
        [-0.0, -0.0, -0.05837342],
        [-0.0, -0.0, -0.07371681],
        [-0.0, 0.0, -0.0],
        [0.0, -0.0, 0.07371681],
        [0.0, -0.0, 0.05837342]
    ],
    "relaxed_lattice": [
        [2.30181622, -2.30181622, 0.0],
        [2.30181622, 2.30181622, 0.0],
        [-2.30181622, 0.0, 15.97066001]
    ]
}