{
    "atom_type": [
        "N",
        "Zr"
    ],
    "atoms_per_type": [
        4,
        6
    ],
    "coord_mode": "direct",
    "relaxed_basis": [
        [0.0, 0.00024883, 0.50326344],
        [0.5, 0.17178024, 0.16807921],
        [0.0, 0.32821976, 0.83192079],
        [0.5, 0.49975117, 0.49673656],
        [0.0, 0.01073479, 0.01078751],
        [0.5, 0.17618537, 0.6647745],
        [0.0, 0.32381463, 0.3352255],
        [0.5, 0.48926521, 0.98921249],
        [0.0, 0.65773027, 0.65888463],
        [0.5, 0.84226973, 0.34111537]
    ],
    "relaxed_energy": -98.98107035,
    "relaxed_forces": [
        [0.05154001, -0.01449852, 0.05154001],
        [0.03488205, 0.09456513, 0.03488205],
        [-0.03488205, -0.09456513, -0.03488205],
        [-0.05154001, 0.01449852, -0.05154001],
        [0.06085214, -0.0917252, 0.06085214],
        [-0.0146463, -0.09569766, -0.0146463],
        [0.0146463, 0.09569766, 0.0146463],
        [-0.06085214, 0.0917252, -0.06085214],
        [-0.04739625, 0.00437031, -0.04739625],
        [0.04739625, -0.00437031, 0.04739625]
    ],
    "relaxed_lattice": [
        [2.32243802, 0.0, -2.32243802],
        [2.33019788, 4.5239141, 2.33019788],
        [4.6846815, -4.54826909, 4.6846815]
    ]
}