{
    "atom_type": [
        "N",
        "Zr"
    ],
    "atoms_per_type": [
        3,
        6
    ],
    "coord_mode": "direct",
    "relaxed_basis": [
        [0.0, 0.0, 0.74946418],
        [0.3333333, 0.6666667, 0.5833333],
        [0.6666667, 0.3333333, 0.41720252],
        [0.0, 0.0, 0.00203165],
        [0.3333333, 0.6666667, 0.83138656],
        [0.6666667, 0.3333333, 0.66986262],
        [0.0, 0.0, 0.49680408],
        [0.3333333, 0.6666667, 0.33528004],
        [0.6666667, 0.3333333, 0.16463505]
    ],
    "relaxed_energy": -86.66043971,
    "relaxed_forces": [
        [-0.00978778, -0.00978778, -0.00978778],
        [-0.0, -0.0, -0.0],
        [0.00978778, 0.00978778, 0.00978778],
        [0.08365205, 0.08365205, 0.08365205],
        [-0.04229634, -0.04229634, -0.04229634],
        [0.01709716, 0.01709716, 0.01709716],
        [-0.01709716, -0.01709716, -0.01709716],
        [0.04229634, 0.04229634, 0.04229634],
        [-0.08365205, -0.08365205, -0.08365205]
    ],
    "relaxed_lattice": [
        [2.30152884, 0.0, -2.30152884],
        [-2.30152884, 2.30152884, 0.0],
        [9.15490372, 9.15490372, 9.15490372]
    ]
}