{
    "atom_type": [
        "N",
        "Zr"
    ],
    "atoms_per_type": [
        4,
        8
    ],
    "coord_mode": "direct",
    "relaxed_basis": [
        [0.75, 0.25, 0.0],
        [0.25, 0.25, 0.75],
        [0.75, 0.25, 0.5],
        [0.75, 0.75, 0.25],
        [0.99191318, 0.00808682, 0.0],
        [0.50808682, 0.49191318, 0.0],
        [0.4925847, 0.02180499, 0.75],
        [0.0074153, 0.47819501, 0.75],
        [0.99191318, 0.00808682, 0.5],
        [0.50808682, 0.49191318, 0.5],
        [0.52180499, 0.9925847, 0.25],
        [0.97819501, 0.5074153, 0.25]
    ],
    "relaxed_energy": -116.20468656,
    "relaxed_forces": [
        [0.0, 0.0, -0.0],
        [0.0, 0.0, -0.0],
        [0.0, 0.0, -0.0],
        [0.0, 0.0, -0.0],
        [0.0, 0.0, 0.07463592],
        [0.0, -0.0, -0.07463592],
        [-0.00414454, -0.00414454, -0.02877373],
        [0.00414454, 0.00414454, 0.02877373],
        [0.0, 0.0, 0.07463592],
        [0.0, 0.0, -0.07463592],
        [-0.00414454, -0.00414454, 0.02877373],
        [0.00414454, 0.00414454, -0.02877373]
    ],
    "relaxed_lattice": [
        [-2.26656819, -2.26656819, -4.73670542],
        [-2.26656819, -2.26656819, 4.73670542],
        [-4.58568081, 4.58568081, 0.0]
    ]
}