{
    "atom_type": [
        "N",
        "Zr"
    ],
    "atoms_per_type": [
        6,
        8
    ],
    "coord_mode": "direct",
    "relaxed_basis": [
        [0.43750648, 0.43750648, 0.68748056],
        [0.31208726, 0.31208726, 0.06373821],
        [0.18720241, 0.18720241, 0.43839276],
        [0.06279759, 0.06279759, 0.81160724],
        [0.93791274, 0.93791274, 0.18626179],
        [0.81249352, 0.81249352, 0.56251944],
        [0.99966302, 0.99966302, 0.00101093],
        [0.87444763, 0.87444763, 0.37665712],
        [0.74953869, 0.74953869, 0.75138392],
        [0.625, 0.625, 0.125],
        [0.50046131, 0.50046131, 0.49861608],
        [0.37555237, 0.37555237, 0.87334288],
        [0.25033698, 0.25033698, 0.24898907],
        [0.125, 0.125, 0.625]
    ],
    "relaxed_energy": -139.24684736,
    "relaxed_forces": [
        [0.02573904, 0.02573904, -0.02573904],
        [-0.00173965, -0.00173965, 0.00173965],
        [-0.03369635, -0.03369635, 0.03369635],
        [0.03369635, 0.03369635, -0.03369635],
        [0.00173965, 0.00173965, -0.00173965],
        [-0.02573904, -0.02573904, 0.02573904],
        [-0.01134688, -0.01134688, 0.01134688],
        [-0.0253074, -0.0253074, 0.0253074],
        [-0.02488685, -0.02488685, 0.02488685],
        [0.0, 0.0, 0.0],
        [0.02488685, 0.02488685, -0.02488685],
        [0.0253074, 0.0253074, -0.0253074],
        [0.01134688, 0.01134688, -0.01134688],
        [0.0, 0.0, 0.0]
    ],
    "relaxed_lattice": [
        [2.29544412, 0.0, 2.29544412],
        [0.0, 2.29544412, 2.29544412],
        [-11.54802535, -11.54802535, 13.84346947]
    ]
}