{
    "atom_type": [
        "N",
        "Zr"
    ],
    "atoms_per_type": [
        3,
        7
    ],
    "coord_mode": "direct",
    "relaxed_basis": [
        [0.07101793, 0.07101793, 0.78694631],
        [0.35739018, 0.35739018, 0.92782955],
        [0.50026233, 0.50026233, 0.49921302],
        [0.99996281, 0.99996281, 0.00011157],
        [0.14400823, 0.14400823, 0.5679752],
        [0.28523278, 0.28523278, 0.14430166],
        [0.42815566, 0.42815566, 0.71553292],
        [0.57215077, 0.57215077, 0.28354779],
        [0.71427804, 0.71427804, 0.85716587],
        [0.85611276, 0.85611276, 0.43166181]
    ],
    "relaxed_energy": -95.0660807,
    "relaxed_forces": [
        [-0.0194086, 0.0194086, 0.0194086],
        [-0.0228776, 0.0228776, 0.0228776],
        [0.02553703, -0.02553703, -0.02553703],
        [-0.01575205, 0.01575205, 0.01575205],
        [-0.00364023, 0.00364023, 0.00364023],
        [-0.02991308, 0.02991308, 0.02991308],
        [-0.00473652, 0.00473652, 0.00473652],
        [0.04668589, -0.04668589, -0.04668589],
        [-0.00516363, 0.00516363, 0.00516363],
        [0.02926879, -0.02926879, -0.02926879]
    ],
    "relaxed_lattice": [
        [2.29231372, -0.0, 2.29231372],
        [2.29231372, 2.29231372, -0.0],
        [-9.18096493, 11.47327864, 11.47327864]
    ]
}