{
    "atom_type": [
        "N",
        "Zr"
    ],
    "atoms_per_type": [
        2,
        8
    ],
    "coord_mode": "direct",
    "relaxed_basis": [
        [0.56244298, 0.06242596, 0.81268807],
        [0.18755702, 0.68757404, 0.93731193],
        [0.00465937, 0.99873616, 0.99194511],
        [0.62819805, 0.62346744, 0.12013645],
        [0.24670391, 0.24711752, 0.25947466],
        [0.875, 0.875, 0.375],
        [0.50329609, 0.50288248, 0.49052534],
        [0.12180195, 0.12653256, 0.62986355],
        [0.74534063, 0.75126384, 0.75805489],
        [0.375, 0.375, 0.875]
    ],
    "relaxed_energy": -91.74062131,
    "relaxed_forces": [
        [-0.02605708, -0.07232695, 0.02605708],
        [0.02605708, 0.07232695, -0.02605708],
        [0.03520888, -0.08055085, -0.03520888],
        [0.02186794, -0.06893268, -0.02186794],
        [-0.08115775, -0.05573399, 0.08115775],
        [0.0, -0.0, 0.0],
        [0.08115775, 0.05573399, -0.08115775],
        [-0.02186794, 0.06893268, 0.02186794],
        [-0.03520888, 0.08055085, 0.03520888],
        [0.0, -0.0, 0.0]
    ],
    "relaxed_lattice": [
        [2.28651446, 0.0, 2.28651446],
        [2.28642973, 6.87444279, 8.473e-05],
        [-4.59022607, 2.29729624, 6.87674053]
    ]
}