{
    "atom_type": [
        "N",
        "Zr"
    ],
    "atoms_per_type": [
        4,
        7
    ],
    "coord_mode": "direct",
    "relaxed_basis": [
        [0.78570775, 0.78570775, 0.64287675],
        [0.07143515, 0.07143515, 0.78569465],
        [0.35733267, 0.35733267, 0.92800208],
        [0.49981023, 0.49981023, 0.50056932],
        [0.00032878, 0.00032878, 0.99901366],
        [0.14346647, 0.14346647, 0.5696005],
        [0.28532964, 0.28532964, 0.14401109],
        [0.4285714, 0.4285714, 0.7142857],
        [0.57181326, 0.57181326, 0.28456031],
        [0.71367633, 0.71367633, 0.858971],
        [0.85681412, 0.85681412, 0.42955774]
    ],
    "relaxed_energy": -106.94403966,
    "relaxed_forces": [
        [0.01911289, -0.01911289, -0.01911289],
        [-0.01911289, 0.01911289, 0.01911289],
        [-0.02236568, 0.02236568, 0.02236568],
        [0.02236568, -0.02236568, -0.02236568],
        [0.01445339, -0.01445339, -0.01445339],
        [-0.01668213, 0.01668213, 0.01668213],
        [-0.07095395, 0.07095395, 0.07095395],
        [0.0, -0.0, -0.0],
        [0.07095395, -0.07095395, -0.07095395],
        [0.01668213, -0.01668213, -0.01668213],
        [-0.01445339, 0.01445339, 0.01445339]
    ],
    "relaxed_lattice": [
        [2.29168935, -0.0, 2.29168935],
        [2.29168935, 2.29168935, -0.0],
        [-9.1806462, 11.47233555, 11.47233555]
    ]
}