{
    "atom_type": [
        "N",
        "Zr"
    ],
    "atoms_per_type": [
        6,
        8
    ],
    "coord_mode": "direct",
    "relaxed_basis": [
        [0.5, 0.50002443, 0.99997304],
        [0.0, 0.62514323, 0.75035314],
        [0.5, 0.74887302, 0.49919476],
        [0.0, 0.87612698, 0.25080524],
        [0.5, 0.99985677, 0.99964686],
        [0.0, 0.12497557, 0.75002696],
        [0.0, 0.99058578, 0.99548992],
        [0.5, 0.12129677, 0.75653272],
        [0.0, 0.24732906, 0.50300683],
        [0.5, 0.37767094, 0.24699317],
        [0.0, 0.50370323, 0.99346728],
        [0.5, 0.63441422, 0.75451008],
        [0.0, 0.76033949, 0.5048839],
        [0.5, 0.86466051, 0.2451161]
    ],
    "relaxed_energy": -139.92001423,
    "relaxed_forces": [
        [0.0, -0.04150707, -0.02730904],
        [0.0, -0.05487337, -0.09146352],
        [0.0, -0.02244327, 0.01093662],
        [0.0, 0.02244327, -0.01093662],
        [0.0, 0.05487337, 0.09146352],
        [0.0, 0.04150707, 0.02730904],
        [0.0, -0.00911307, 0.04848243],
        [0.0, 0.02191675, 0.03956773],
        [0.0, 0.00955003, 0.00737283],
        [0.0, -0.00955003, -0.00737283],
        [0.0, -0.02191675, -0.03956773],
        [0.0, 0.00911307, -0.04848243],
        [0.0, 0.043755, -0.03048435],
        [0.0, -0.043755, 0.03048435]
    ],
    "relaxed_lattice": [
        [4.62398188, 0.0, 0.0],
        [0.0, 4.5885047, -4.60297323],
        [0.0, 2.27804732, 6.8883158]
    ]
}