{
    "atom_type": [
        "N",
        "Zr"
    ],
    "atoms_per_type": [
        6,
        8
    ],
    "coord_mode": "direct",
    "relaxed_basis": [
        [0.5, 0.25, 0.0],
        [0.5, 0.49986836, 0.5],
        [0.0, 0.62452051, 0.24904103],
        [0.5, 0.75, 0.0],
        [0.0, 0.87547949, 0.75095897],
        [0.5, 0.00013164, 0.5],
        [0.0, 0.99670816, 0.99341633],
        [0.5, 0.11545391, 0.75025539],
        [0.0, 0.25, 0.5],
        [0.5, 0.38454609, 0.24974461],
        [0.0, 0.50329184, 0.00658367],
        [0.5, 0.63480148, 0.75025539],
        [0.0, 0.75, 0.5],
        [0.5, 0.86519852, 0.24974461]
    ],
    "relaxed_energy": -139.89610249,
    "relaxed_forces": [
        [0.0, -0.0, 0.0],
        [0.0700391, -0.0700391, 0.0],
        [0.0, -0.0, 0.08140472],
        [0.0, -0.0, 0.0],
        [-0.0, 0.0, -0.08140472],
        [-0.0700391, 0.0700391, -0.0],
        [0.0, -0.0, 0.00650918],
        [-0.00163324, 0.00163324, -0.007829],
        [0.0, -0.0, 0.0],
        [0.00163324, -0.00163324, 0.007829],
        [-0.0, 0.0, -0.00650918],
        [0.00163324, -0.00163324, -0.007829],
        [0.0, -0.0, 0.0],
        [-0.00163324, 0.00163324, 0.007829]
    ],
    "relaxed_lattice": [
        [2.30537891, 2.30537891, 0.0],
        [-4.58058802, 4.58058802, -0.0],
        [2.29029401, -2.29029401, 9.20116446]
    ]
}