{
    "atom_type": [
        "N",
        "Zr"
    ],
    "atoms_per_type": [
        4,
        8
    ],
    "coord_mode": "direct",
    "relaxed_basis": [
        [0.56267168, 0.19069045, 0.12534336],
        [0.68781922, 0.56390827, 0.37563843],
        [0.81218078, 0.93609173, 0.62436157],
        [0.93732832, 0.30930955, 0.87465664],
        [0.00463767, 0.01567856, 0.00927533],
        [0.12581118, 0.37553049, 0.25162237],
        [0.25, 0.75, 0.5],
        [0.37418882, 0.12446951, 0.74837763],
        [0.49536233, 0.48432144, 0.99072467],
        [0.62584831, 0.8745753, 0.25169663],
        [0.75, 0.25, 0.5],
        [0.87415169, 0.6254247, 0.74830337]
    ],
    "relaxed_energy": -115.77779353,
    "relaxed_forces": [
        [0.01171479, 0.01306519, 0.01171479],
        [-0.00877471, 0.01571623, -0.00877471],
        [0.00877471, -0.01571623, 0.00877471],
        [-0.01171479, -0.01306519, -0.01171479],
        [0.06152888, -0.05422653, 0.06152888],
        [0.0314587, 0.03608925, 0.0314587],
        [-0.0, -0.0, -0.0],
        [-0.0314587, -0.03608925, -0.0314587],
        [-0.06152888, 0.05422653, -0.06152888],
        [0.02629028, 0.02427352, 0.02629028],
        [-0.0, -0.0, -0.0],
        [-0.02629028, -0.02427352, -0.02629028]
    ],
    "relaxed_lattice": [
        [2.33216689, 0.0, -2.33216689],
        [2.32068628, 4.47765133, 2.32068628],
        [4.665662, -6.74639764, 6.99782889]
    ]
}