{
    "atom_type": [
        "N",
        "Zr"
    ],
    "atoms_per_type": [
        5,
        7
    ],
    "coord_mode": "direct",
    "relaxed_basis": [
        [0.42896342, 0.92896342, 0.85792694],
        [0.57085626, 0.07085626, 0.14171243],
        [0.7142857, 0.2142857, 0.4285714],
        [0.85771524, 0.35771524, 0.71543037],
        [0.99960798, 0.49960798, 0.99921596],
        [0.0011995, 0.0011995, 0.002399],
        [0.14420886, 0.14420886, 0.28841781],
        [0.28436254, 0.28436254, 0.56872509],
        [0.4273719, 0.4273719, 0.8547439],
        [0.56890891, 0.56890891, 0.13781771],
        [0.7142857, 0.7142857, 0.4285714],
        [0.85966259, 0.85966259, 0.71932509]
    ],
    "relaxed_energy": -119.10577744,
    "relaxed_forces": [
        [0.0420041, -0.0, 0.0420041],
        [-0.00232409, 0.0, -0.00232409],
        [-0.0, 0.0, -0.0],
        [0.00232409, -0.0, 0.00232409],
        [-0.0420041, 0.0, -0.0420041],
        [0.01987972, -0.0, 0.01987972],
        [-0.02051118, 0.0, -0.02051118],
        [0.02051118, -0.0, 0.02051118],
        [-0.01987972, 0.0, -0.01987972],
        [-0.0772449, 0.0, -0.0772449],
        [-0.0, 0.0, -0.0],
        [0.0772449, -0.0, 0.0772449]
    ],
    "relaxed_lattice": [
        [2.30366715, 0.0, -2.30366715],
        [-0.0, 4.57980557, -0.0],
        [6.91603047, -2.28990279, 9.21969761]
    ]
}