{
    "atom_type": [
        "N",
        "Zr"
    ],
    "atoms_per_type": [
        2,
        8
    ],
    "coord_mode": "direct",
    "relaxed_basis": [
        [0.75, 0.37292173, 0.87707827],
        [0.25, 0.12707827, 0.12292173],
        [0.00057696, 0.0079213, 0.99886187],
        [0.99942304, 0.4920787, 0.00113813],
        [0.49942304, 0.25113813, 0.2420787],
        [0.49098255, 0.75272984, 0.25040308],
        [0.99098255, 0.50040308, 0.50272984],
        [0.00901745, 0.99959692, 0.49727016],
        [0.50901745, 0.74727016, 0.74959692],
        [0.50057696, 0.24886187, 0.7579213]
    ],
    "relaxed_energy": -91.62868415,
    "relaxed_forces": [
        [-0.0, -0.06856344, 0.06856344],
        [-0.0, 0.06856344, -0.06856344],
        [-0.00573061, 0.05984896, 0.00399165],
        [0.00573061, -0.05984896, -0.00399165],
        [0.00573061, -0.00399165, -0.05984896],
        [-0.03742918, -0.00037742, 0.00527394],
        [-0.03742918, 0.00527394, -0.00037742],
        [0.03742918, -0.00527394, 0.00037742],
        [0.03742918, 0.00037742, -0.00527394],
        [-0.00573061, 0.00399165, 0.05984896]
    ],
    "relaxed_lattice": [
        [4.55033774, -2.31158002, -2.31158002],
        [4.52722021, 4.6014185, -0.02461316],
        [4.52722021, -0.02461316, 4.6014185]
    ]
}