{
    "atom_type": [
        "N",
        "Zr"
    ],
    "atoms_per_type": [
        1,
        3
    ],
    "coord_mode": "direct",
    "relaxed_basis": [
        [0.0, 0.5, 0.0],
        [0.0, 0.0, 0.0],
        [0.34352125, 0.34352125, 0.68704259],
        [0.65647875, 0.65647875, 0.31295741]
    ],
    "relaxed_energy": -37.5468633,
    "relaxed_forces": [
        [-0.0, 0.0, 0.0],
        [0.0, 0.0, 0.0],
        [0.01143275, -0.0, 0.01143275],
        [-0.01143275, 0.0, -0.01143275]
    ],
    "relaxed_lattice": [
        [2.33423982, 0.0, -2.33423982],
        [-0.0, 4.53272886, -0.0],
        [2.28001489, -2.26636443, 4.61425471]
    ]
}