{
    "atom_type": [
        "N",
        "Zr"
    ],
    "atoms_per_type": [
        6,
        7
    ],
    "coord_mode": "direct",
    "relaxed_basis": [
        [0.78563509, 0.78563509, 0.64309474],
        [0.92828835, 0.92828835, 0.21513484],
        [0.07145542, 0.07145542, 0.78563385],
        [0.21425888, 0.21425888, 0.35722335],
        [0.35742595, 0.35742595, 0.92772226],
        [0.50007921, 0.50007921, 0.49976236],
        [0.00059845, 0.00059845, 0.99820465],
        [0.1428571, 0.1428571, 0.5714286],
        [0.28511585, 0.28511585, 0.14465245],
        [0.42890112, 0.42890112, 0.71329654],
        [0.5722237, 0.5722237, 0.283329],
        [0.7134906, 0.7134906, 0.8595282],
        [0.85681318, 0.85681318, 0.42956056]
    ],
    "relaxed_energy": -130.8074607,
    "relaxed_forces": [
        [-0.02388172, 0.02388172, 0.02388172],
        [-0.02101137, 0.02101137, 0.02101137],
        [-0.01102737, 0.01102737, 0.01102737],
        [0.01102737, -0.01102737, -0.01102737],
        [0.02101137, -0.02101137, -0.02101137],
        [0.02388172, -0.02388172, -0.02388172],
        [0.03602778, -0.03602778, -0.03602778],
        [-0.0, -0.0, 0.0],
        [-0.03602778, 0.03602778, 0.03602778],
        [-0.01964748, 0.01964748, 0.01964748],
        [-0.0288904, 0.0288904, 0.0288904],
        [0.0288904, -0.0288904, -0.0288904],
        [0.01964748, -0.01964748, -0.01964748]
    ],
    "relaxed_lattice": [
        [2.29698298, -0.0, 2.29698298],
        [2.29698298, 2.29698298, -0.0],
        [-9.20793942, 11.50492239, 11.50492239]
    ]
}