{
    "atom_type": [
        "N",
        "Zr"
    ],
    "atoms_per_type": [
        1,
        7
    ],
    "coord_mode": "direct",
    "relaxed_basis": [
        [0.2142857, 0.2142857, 0.4285714],
        [4.415e-05, 4.415e-05, 8.83e-05],
        [0.85742811, 0.85742811, 0.71485613],
        [0.7142857, 0.7142857, 0.4285714],
        [0.57114339, 0.57114339, 0.14228667],
        [0.42852725, 0.42852725, 0.8570546],
        [0.28657846, 0.28657846, 0.57315691],
        [0.14199294, 0.14199294, 0.28398599]
    ],
    "relaxed_energy": -71.29546168,
    "relaxed_forces": [
        [-0.0, -0.0, 0.0],
        [-0.0, 0.0, -0.02450784],
        [-0.0, 0.0, 0.05160945],
        [-0.0, 0.0, 0.0],
        [0.0, 0.0, -0.05160945],
        [0.0, 0.0, 0.02450784],
        [-0.0, 0.0, 0.0081045],
        [0.0, -0.0, -0.0081045]
    ],
    "relaxed_lattice": [
        [2.29649257, -2.29649257, 0.0],
        [2.29649257, 2.29649257, 0.0],
        [-2.29649257, 0.0, 15.74053392]
    ]
}