{
    "atom_type": [
        "N",
        "Zr"
    ],
    "atoms_per_type": [
        5,
        8
    ],
    "coord_mode": "direct",
    "relaxed_basis": [
        [0.5, 0.50013551, 0.49945219],
        [0.0, 0.62557386, 0.25104109],
        [0.5, 0.75, 0.0],
        [0.0, 0.87442614, 0.74895891],
        [0.5, 0.99986449, 0.50054781],
        [0.0, 0.98836541, 0.9960842],
        [0.5, 0.11541254, 0.74693396],
        [0.0, 0.25, 0.5],
        [0.5, 0.38458746, 0.25306604],
        [0.0, 0.51163459, 0.0039158],
        [0.5, 0.63709733, 0.75076377],
        [0.0, 0.75, 0.5],
        [0.5, 0.86290267, 0.24923623]
    ],
    "relaxed_energy": -127.74191489,
    "relaxed_forces": [
        [0.01213561, -0.01213561, 0.00858146],
        [0.05380488, -0.05380488, 0.03696276],
        [-0.0, -0.0, 0.0],
        [-0.05380488, 0.05380488, -0.03696276],
        [-0.01213561, 0.01213561, -0.00858146],
        [0.03203864, -0.03203864, 0.03743145],
        [-0.03609401, 0.03609401, -0.03821741],
        [-0.0, -0.0, 0.0],
        [0.03609401, -0.03609401, 0.03821741],
        [-0.03203864, 0.03203864, -0.03743145],
        [-0.01752221, 0.01752221, -0.0971374],
        [-0.0, -0.0, 0.0],
        [0.01752221, -0.01752221, 0.0971374]
    ],
    "relaxed_lattice": [
        [2.31000889, 2.31000889, 0.0],
        [-4.58695545, 4.58695545, -0.01130512],
        [2.30487295, -2.30487295, 9.21094623]
    ]
}