{
    "atom_type": [
        "N",
        "Zr"
    ],
    "atoms_per_type": [
        2,
        6
    ],
    "coord_mode": "direct",
    "relaxed_basis": [
        [0.0, 0.5, 0.66191092],
        [0.5, 0.0, 0.83808908],
        [0.0, 0.0, 0.99667779],
        [0.5, 0.5, 0.17908123],
        [0.0, 0.0, 0.32091877],
        [0.5, 0.5, 0.50332221],
        [0.0, 0.0, 0.6784281],
        [0.5, 0.5, 0.8215719]
    ],
    "relaxed_energy": -74.90739708,
    "relaxed_forces": [
        [0.05867719, 0.0, -0.05867719],
        [-0.05867719, 0.0, 0.05867719],
        [0.00577518, 0.0, -0.00577518],
        [0.0059377, 0.0, -0.0059377],
        [-0.0059377, 0.0, 0.0059377],
        [-0.00577518, 0.0, 0.00577518],
        [0.02936509, 0.0, -0.02936509],
        [-0.02936509, 0.0, 0.02936509]
    ],
    "relaxed_lattice": [
        [2.314066, 0.0, 2.314066],
        [0.0, 4.542343, 0.0],
        [-6.95010525, 0.0, 6.95010525]
    ]
}