{
    "atom_type": [
        "N",
        "Zr"
    ],
    "atoms_per_type": [
        3,
        6
    ],
    "coord_mode": "direct",
    "relaxed_basis": [
        [0.17220503, 0.34440995, 0.83636801],
        [0.49566387, 0.99132775, 0.49671413],
        [0.16683452, 0.33366894, 0.33387869],
        [0.01187291, 0.02374583, 0.00421128],
        [0.66118134, 0.32236259, 0.82078524],
        [0.33016284, 0.66032579, 0.65790502],
        [0.01308826, 0.02617653, 0.50836009],
        [0.65679574, 0.31359137, 0.33853234],
        [0.32552888, 0.65105786, 0.16991179]
    ],
    "relaxed_energy": -87.02428185,
    "relaxed_forces": [
        [-0.0, 0.05104466, 0.06485949],
        [0.0, -0.02559037, -0.0225757],
        [0.0, -0.00317522, -0.00529979],
        [-0.0, 0.04256989, -0.02022711],
        [-0.0, -0.02215605, 0.02636904],
        [-0.0, 0.0124363, 0.01108961],
        [0.0, -0.01622486, -0.029537],
        [-0.0, 0.02696034, -0.00692269],
        [0.0, -0.06586469, -0.01775585]
    ],
    "relaxed_lattice": [
        [4.52550986, -0.0, -0.0],
        [-2.26275494, 4.6587965, 2.30931802],
        [0.0, -4.68127584, 4.66354706]
    ]
}