{
    "atom_type": [
        "N",
        "Zr"
    ],
    "atoms_per_type": [
        6,
        8
    ],
    "coord_mode": "direct",
    "relaxed_basis": [
        [0.0, 0.00030875, 0.75214248],
        [0.5, 0.24969125, 0.49785752],
        [0.0, 0.50027366, 0.75013172],
        [0.0, 0.50058258, 0.2519944],
        [0.5, 0.74972634, 0.49986828],
        [0.5, 0.74941742, 0.9980056],
        [0.0, 0.98988782, 0.99819873],
        [0.0, 0.99953689, 0.50794735],
        [0.5, 0.25046311, 0.74205265],
        [0.5, 0.26011218, 0.25180127],
        [0.0, 0.50005385, 0.49895126],
        [0.0, 0.51130571, 0.00130607],
        [0.5, 0.73869429, 0.24869393],
        [0.5, 0.74994615, 0.75104874]
    ],
    "relaxed_energy": -139.68556975,
    "relaxed_forces": [
        [-0.04226518, 0.04226518, 0.14789798],
        [0.04226518, -0.04226518, -0.14789798],
        [0.00592235, -0.00592235, 0.00864224],
        [0.02797575, -0.02797575, -0.00168436],
        [-0.00592235, 0.00592235, -0.00864224],
        [-0.02797575, 0.02797575, 0.00168436],
        [0.03077947, -0.03077947, -0.03264929],
        [0.03459483, -0.03459483, 0.08133122],
        [-0.03459483, 0.03459483, -0.08133122],
        [-0.03077947, 0.03077947, 0.03264929],
        [-0.01615162, 0.01615162, 0.07163231],
        [-0.01661904, 0.01661904, -0.09555239],
        [0.01661904, -0.01661904, 0.09555239],
        [0.01615162, -0.01615162, -0.07163231]
    ],
    "relaxed_lattice": [
        [2.30823453, 2.30823453, 0.0],
        [-4.60633347, 4.60633347, -0.02138333],
        [0.02144094, -0.02144094, 9.19764442]
    ]
}