{
    "atom_type": [
        "N",
        "Zr"
    ],
    "atoms_per_type": [
        1,
        2
    ],
    "coord_mode": "direct",
    "relaxed_basis": [
        [0.5, 0.5, 0.0],
        [0.0, 0.0, 0.0],
        [0.5, 0.5, 0.5]
    ],
    "relaxed_energy": -28.91805896,
    "relaxed_forces": [
        [-0.0, -0.0, 0.0],
        [0.0, 0.0, 0.0],
        [0.0, 0.0, 0.0]
    ],
    "relaxed_lattice": [
        [2.30874755, 2.30874755, 0.0],
        [2.30874755, -2.30874755, 0.0],
        [0.0, 0.0, -4.50352439]
    ]
}