{
    "atom_type": [
        "N",
        "Zr"
    ],
    "atoms_per_type": [
        5,
        8
    ],
    "coord_mode": "direct",
    "relaxed_basis": [
        [0.75, 0.87610145, 0.37389855],
        [0.25, 0.125, 0.625],
        [0.75, 0.37389855, 0.87610145],
        [0.25, 0.125, 0.125],
        [0.25, 0.625, 0.125],
        [0.00694221, 0.00127114, 0.00127114],
        [0.00677548, 0.49147525, 0.00306952],
        [0.49305779, 0.24872886, 0.24872886],
        [0.49322452, 0.75852475, 0.24693048],
        [0.99694956, 0.50110543, 0.50110543],
        [0.00677548, 0.00306952, 0.49147525],
        [0.50305044, 0.74889457, 0.74889457],
        [0.49322452, 0.24693048, 0.75852475]
    ],
    "relaxed_energy": -127.62605921,
    "relaxed_forces": [
        [-0.0, 0.01166869, -0.01166869],
        [-0.0, -0.0, 0.0],
        [-0.0, -0.01166869, 0.01166869],
        [-0.0, -0.0, -0.0],
        [-0.0, -0.0, -0.0],
        [-0.10091034, -0.03634238, -0.03634238],
        [0.02046801, -0.10004404, 0.01870978],
        [0.10091034, 0.03634238, 0.03634238],
        [-0.02046801, 0.10004404, -0.01870978],
        [-0.01659135, 0.0567841, 0.0567841],
        [0.02046801, 0.01870978, -0.10004404],
        [0.01659135, -0.0567841, -0.0567841],
        [-0.02046801, -0.01870978, 0.10004404]
    ],
    "relaxed_lattice": [
        [4.54178987, -2.32793081, -2.32793081],
        [4.51792506, 4.63038441, -0.02193858],
        [4.51792506, -0.02193858, 4.63038441]
    ]
}