{
    "atom_type": [
        "N",
        "Zr"
    ],
    "atoms_per_type": [
        2,
        8
    ],
    "coord_mode": "direct",
    "relaxed_basis": [
        [0.25085985, 0.87656951, 0.31311316],
        [0.74914015, 0.62343049, 0.43688684],
        [0.00651702, 0.00541101, 0.00151316],
        [0.49493856, 0.74994517, 0.13370419],
        [0.99355946, 0.51316046, 0.25115099],
        [0.5, 0.25, 0.375],
        [0.00644054, 0.98683954, 0.49884901],
        [0.50506144, 0.75005483, 0.61629581],
        [0.99348298, 0.49458899, 0.74848684],
        [0.5, 0.25, 0.875]
    ],
    "relaxed_energy": -91.70957862,
    "relaxed_forces": [
        [0.03748697, -0.05968117, 0.05669967],
        [-0.03748697, 0.05968117, -0.05669967],
        [-0.05730759, 0.0214577, 0.00593724],
        [-0.02156722, -0.00267008, 0.0746429],
        [-0.04773772, 0.04671542, 0.12085036],
        [0.0, -0.0, 0.0],
        [0.04773772, -0.04671542, -0.12085036],
        [0.02156722, 0.00267008, -0.0746429],
        [0.05730759, -0.0214577, -0.00593724],
        [0.0, -0.0, 0.0]
    ],
    "relaxed_lattice": [
        [2.29263793, 2.29041161, -4.60357987],
        [-2.28005477, 4.5634193, 2.29924902],
        [4.59826599, 0.01076917, 4.6155286]
    ]
}