{
    "atom_type": [
        "N",
        "Zr"
    ],
    "atoms_per_type": [
        6,
        8
    ],
    "coord_mode": "direct",
    "relaxed_basis": [
        [0.5, 0.5, 0.5],
        [0.00078661, 0.24701465, 0.75141212],
        [0.2498283, 0.62344995, 0.87689344],
        [0.5, 0.0, 0.0],
        [0.7501717, 0.37655005, 0.12310656],
        [0.99921339, 0.75298535, 0.24858788],
        [0.0, 0.0, 0.0],
        [0.2495049, 0.38176073, 0.11922946],
        [0.5064248, 0.73407316, 0.25307723],
        [0.74949007, 0.12903261, 0.37198726],
        [0.0, 0.5, 0.5],
        [0.25050993, 0.87096739, 0.62801274],
        [0.4935752, 0.26592684, 0.74692277],
        [0.7504951, 0.61823927, 0.88077054]
    ],
    "relaxed_energy": -139.82082807,
    "relaxed_forces": [
        [0.0, -0.0, 0.0],
        [-0.0, -0.01537763, 0.0319184],
        [0.0, 0.06742988, -0.01713586],
        [0.0, -0.0, 0.0],
        [-0.0, -0.06742988, 0.01713586],
        [0.0, 0.01537763, -0.0319184],
        [0.0, -0.0, 0.0],
        [-0.0, -0.07395158, -0.05902064],
        [-0.0, -0.0582565, 0.10557542],
        [-0.0, -0.0597081, -0.06613496],
        [0.0, -0.0, 0.0],
        [0.0, 0.0597081, 0.06613496],
        [0.0, 0.0582565, -0.10557542],
        [0.0, 0.07395158, 0.05902064]
    ],
    "relaxed_lattice": [
        [4.60846088, 0.0, 0.0],
        [2.30423045, 4.59056291, -2.30122642],
        [2.30423045, 4.59179283, 6.90616133]
    ]
}