{
    "atom_type": [
        "N",
        "Zr"
    ],
    "atoms_per_type": [
        6,
        8
    ],
    "coord_mode": "direct",
    "relaxed_basis": [
        [0.5, 0.5, 0.0],
        [0.5, 0.5, 0.24844828],
        [0.0, 0.0, 0.37548536],
        [0.5, 0.5, 0.5],
        [0.0, 0.0, 0.62451464],
        [0.5, 0.5, 0.75155172],
        [0.0, 0.0, 0.0],
        [0.5, 0.5, 0.12436845],
        [0.0, 0.0, 0.2524681],
        [0.5, 0.5, 0.37271616],
        [0.0, 0.0, 0.5],
        [0.5, 0.5, 0.62728384],
        [0.0, 0.0, 0.7475319],
        [0.5, 0.5, 0.87563155]
    ],
    "relaxed_energy": -139.48603298,
    "relaxed_forces": [
        [0.0, -0.0, -0.0],
        [0.0, -0.0, 0.11870368],
        [-0.0, -0.0, -0.0525896],
        [0.0, -0.0, -0.0],
        [0.0, -0.0, 0.0525896],
        [0.0, -0.0, -0.11870368],
        [0.0, -0.0, -0.0],
        [-0.0, -0.0, 0.00630594],
        [0.0, -0.0, -0.10242967],
        [0.0, 0.0, 0.06798707],
        [0.0, -0.0, -0.0],
        [-0.0, -0.0, -0.06798707],
        [0.0, -0.0, 0.10242967],
        [0.0, 0.0, -0.00630594]
    ],
    "relaxed_lattice": [
        [2.30105287, 2.30105287, 0.0],
        [2.30105287, -2.30105287, 0.0],
        [0.0, 0.0, -18.29581457]
    ]
}