{
    "atom_type": [
        "N",
        "Zr"
    ],
    "atoms_per_type": [
        4,
        8
    ],
    "coord_mode": "direct",
    "relaxed_basis": [
        [0.25277622, 0.12428665, 0.62548356],
        [0.75, 0.37406046, 0.87593954],
        [0.25, 0.12544281, 0.12455719],
        [0.24722378, 0.62451644, 0.12571335],
        [0.01346914, 0.00621456, 0.99168396],
        [0.00276543, 0.49389488, 0.00205342],
        [0.48653086, 0.25831604, 0.24378544],
        [0.48422598, 0.7535084, 0.2474455],
        [0.00023087, 0.49295992, 0.50370123],
        [0.01577402, 0.0025545, 0.4964916],
        [0.49976913, 0.74629877, 0.75704008],
        [0.49723457, 0.24794658, 0.75610512]
    ],
    "relaxed_energy": -115.7975024,
    "relaxed_forces": [
        [0.12859593, -0.09110359, -0.10960434],
        [-0.0, -0.0173386, 0.0173386],
        [-0.0, 0.04019339, -0.04019339],
        [-0.12859593, 0.10960434, 0.09110359],
        [-0.0568802, 0.0215392, 0.02393987],
        [-0.02700126, 0.06806291, 0.02264981],
        [0.0568802, -0.02393987, -0.0215392],
        [-0.0724818, 0.01488709, 0.10025395],
        [-0.06908072, 0.04586152, 0.04486262],
        [0.0724818, -0.10025395, -0.01488709],
        [0.06908072, -0.04486262, -0.04586152],
        [0.02700126, -0.02264981, -0.06806291]
    ],
    "relaxed_lattice": [
        [4.58127111, -2.2894088, -2.2894088],
        [4.59563182, 4.60777915, -0.000306],
        [4.59563182, -0.000306, 4.60777915]
    ]
}