{
    "atom_type": [
        "N",
        "Zr"
    ],
    "atoms_per_type": [
        2,
        8
    ],
    "coord_mode": "direct",
    "relaxed_basis": [
        [0.00016716, 0.50016716, 0.50033433],
        [0.37483284, 0.37483284, 0.24966567],
        [0.00212992, 0.00042259, 0.00029017],
        [0.37287008, 0.87457741, 0.74970983],
        [0.74974644, 0.73513021, 0.49618722],
        [0.12855922, 0.61394299, 0.25381278],
        [0.49816024, 0.49986757, 0.00029017],
        [0.87683976, 0.37513243, 0.74970983],
        [0.24644078, 0.26105701, 0.49618722],
        [0.62525356, 0.13986979, 0.25381278]
    ],
    "relaxed_energy": -91.61316906,
    "relaxed_forces": [
        [-0.0, 0.05422035, -0.05422035],
        [0.0, -0.05422035, 0.05422035],
        [0.02138451, -0.0219263, -0.06318533],
        [-0.02138451, 0.0219263, 0.06318533],
        [0.0493692, 0.00091459, -0.0317659],
        [0.0493692, -0.0317659, 0.00091459],
        [-0.02138451, 0.06318533, 0.02192629],
        [0.02138451, -0.06318533, -0.02192629],
        [-0.0493692, 0.0317659, -0.00091459],
        [-0.0493692, -0.00091459, 0.0317659]
    ],
    "relaxed_lattice": [
        [4.63508162, 2.30332962, 2.30332962],
        [-4.58862572, 2.25750684, 2.25750684],
        [-0.02322795, -6.88746148, 2.32662503]
    ]
}