{
    "atom_type": [
        "N",
        "Zr"
    ],
    "atoms_per_type": [
        3,
        8
    ],
    "coord_mode": "direct",
    "relaxed_basis": [
        [0.0, 0.0, 0.125],
        [0.5, 0.5, 0.49942065],
        [0.5, 0.5, 0.75057935],
        [0.0, 0.0, 0.99951571],
        [0.5, 0.5, 0.125],
        [0.0, 0.0, 0.25048429],
        [0.5, 0.5, 0.37435066],
        [0.0, 0.0, 0.50025329],
        [0.5, 0.5, 0.625],
        [0.0, 0.0, 0.74974671],
        [0.5, 0.5, 0.87564934]
    ],
    "relaxed_energy": -103.55782688,
    "relaxed_forces": [
        [0.0, 0.0, 0.0],
        [0.0, 0.0, 0.11505547],
        [-0.0, 0.0, -0.11505547],
        [0.0, 0.0, 0.11110827],
        [-0.0, 0.0, 0.0],
        [0.0, 0.0, -0.11110827],
        [-0.0, 0.0, 0.11838478],
        [-0.0, 0.0, -0.02808135],
        [-0.0, -0.0, 0.0],
        [0.0, 0.0, 0.02808135],
        [0.0, -0.0, -0.11838478]
    ],
    "relaxed_lattice": [
        [2.30042042, 2.30042042, 0.0],
        [2.30042042, -2.30042042, 0.0],
        [0.0, 0.0, -18.13529433]
    ]
}