{
    "atom_type": [
        "N",
        "Zr"
    ],
    "atoms_per_type": [
        5,
        8
    ],
    "coord_mode": "direct",
    "relaxed_basis": [
        [0.25, 0.25, 0.7517818],
        [0.25, 0.75, 0.50070032],
        [0.75, 0.25, 0.50070032],
        [0.75, 0.75, 0.24861503],
        [0.25, 0.25, 0.25096585],
        [0.00537884, 0.00537884, 0.00616384],
        [0.49462116, 0.49462116, 0.00616384],
        [0.49191659, 0.00808341, 0.73805806],
        [0.00808341, 0.49191659, 0.73805806],
        [0.00693636, 0.00693636, 0.4926846],
        [0.49306364, 0.49306364, 0.4926846],
        [0.50549845, 0.99450155, 0.26171185],
        [0.99450155, 0.50549845, 0.26171185]
    ],
    "relaxed_energy": -127.97419699,
    "relaxed_forces": [
        [0.01119405, -0.01119405, 0.0],
        [-0.0236472, 0.0236472, 0.0],
        [-0.0236472, 0.0236472, -0.0],
        [0.06378897, -0.06378897, 0.0],
        [0.01862827, -0.01862827, 0.0],
        [-0.03546737, 0.00705505, 0.0],
        [-0.00705505, 0.03546737, 0.0],
        [0.00012198, -0.00012198, -0.00457095],
        [0.00012198, -0.00012198, 0.00457095],
        [-0.01199342, -0.00515249, 0.0],
        [0.00515249, 0.01199342, 0.0],
        [0.00140125, -0.00140125, 0.00050192],
        [0.00140125, -0.00140125, -0.00050192]
    ],
    "relaxed_lattice": [
        [-2.31139107, -2.31139107, -4.59581729],
        [-2.31139107, -2.31139107, 4.59581729],
        [-4.61099018, 4.61099018, 0.0]
    ]
}