{
    "atom_type": [
        "N",
        "Zr"
    ],
    "atoms_per_type": [
        4,
        6
    ],
    "coord_mode": "direct",
    "relaxed_basis": [
        [0.16859214, 0.33718418, 0.8334013],
        [0.83412509, 0.66825029, 0.66823407],
        [0.49920821, 0.99841641, 0.49843263],
        [0.16474126, 0.32948242, 0.3332653],
        [0.00753312, 0.01506624, 0.99735684],
        [0.66894711, 0.33789411, 0.8205334],
        [0.32854015, 0.65708039, 0.65672158],
        [0.00479315, 0.00958631, 0.50994512],
        [0.66438629, 0.32877249, 0.3461332],
        [0.32580018, 0.65160046, 0.16930986]
    ],
    "relaxed_energy": -99.14280702,
    "relaxed_forces": [
        [-0.0, 0.03714261, -0.00202737],
        [-0.0, 0.01767019, -0.00330868],
        [0.0, -0.01767019, 0.00330868],
        [0.0, -0.03714261, 0.00202737],
        [-0.0, 0.10894578, 0.0091282],
        [-0.0, 0.04602771, 0.0395437],
        [-0.0, 0.0076169, 0.0204926],
        [0.0, -0.0076169, -0.0204926],
        [0.0, -0.04602771, -0.0395437],
        [0.0, -0.10894578, -0.0091282]
    ],
    "relaxed_lattice": [
        [4.60345976, -0.0, 0.0],
        [-2.30172989, 4.64111281, 2.28035319],
        [0.0, -4.65432302, 4.58718365]
    ]
}