{
    "atom_type": [
        "N",
        "Zr"
    ],
    "atoms_per_type": [
        3,
        8
    ],
    "coord_mode": "direct",
    "relaxed_basis": [
        [0.0, 0.62557636, 0.74989761],
        [0.5, 0.00178614, 0.00357228],
        [0.0, 0.12432125, 0.74989761],
        [0.0, 0.99207987, 0.98415974],
        [0.5, 0.12151297, 0.75602919],
        [0.0, 0.25747858, 0.51495717],
        [0.5, 0.37327057, 0.24546199],
        [0.0, 0.49757862, 0.99515724],
        [0.5, 0.63451622, 0.75602919],
        [0.0, 0.74968799, 0.49937597],
        [0.5, 0.87219143, 0.24546199]
    ],
    "relaxed_energy": -103.63471449,
    "relaxed_forces": [
        [0.0, -0.01994333, -0.05220902],
        [0.0, 0.09047491, 0.09047491],
        [0.0, -0.05220902, -0.01994333],
        [0.0, -0.01493338, -0.01493338],
        [0.0, -0.00654986, 0.03343757],
        [0.0, 0.04575939, 0.04575939],
        [0.0, 0.0308254, -0.07748312],
        [0.0, 0.07682481, 0.07682481],
        [0.0, 0.03343757, -0.00654986],
        [0.0, -0.10620338, -0.10620338],
        [0.0, -0.07748312, 0.0308254]
    ],
    "relaxed_lattice": [
        [4.57642099, 0.0, 0.0],
        [0.0, 4.61582691, -4.61582691],
        [0.0, 2.26757407, 6.88340098]
    ]
}