{
    "atom_type": [
        "N",
        "Zr"
    ],
    "atoms_per_type": [
        5,
        8
    ],
    "coord_mode": "direct",
    "relaxed_basis": [
        [0.00018857, 0.50018857, 0.00037715],
        [0.12444071, 0.12444071, 0.24888142],
        [0.25, 0.75, 0.5],
        [0.37555929, 0.37555929, 0.75111858],
        [0.49981143, 0.99981143, 0.99962285],
        [0.00566001, 0.00566001, 0.01132003],
        [0.12737032, 0.62737032, 0.25474063],
        [0.25, 0.25, 0.5],
        [0.37262968, 0.87262968, 0.74525937],
        [0.49433999, 0.49433999, 0.98867997],
        [0.62305551, 0.12305551, 0.24611102],
        [0.75, 0.75, 0.5],
        [0.87694449, 0.37694449, 0.75388898]
    ],
    "relaxed_energy": -127.67664019,
    "relaxed_forces": [
        [-0.0, -0.0, 0.07468177],
        [-0.0, -0.0, 0.07692093],
        [0.0, -0.0, -0.0],
        [0.0, 0.0, -0.07692093],
        [0.0, 0.0, -0.07468177],
        [-0.0, -0.0, 0.0484479],
        [-0.0, -0.0, 0.02607295],
        [0.0, 0.0, -0.0],
        [0.0, 0.0, -0.02607295],
        [0.0, 0.0, -0.0484479],
        [0.0, 0.0, -0.01145377],
        [0.0, 0.0, -0.0],
        [-0.0, -0.0, 0.01145377]
    ],
    "relaxed_lattice": [
        [4.57729772, 0.0, -0.0],
        [0.0, 4.59813252, -0.0],
        [-2.28864887, -2.29906627, 9.23820863]
    ]
}