{
    "atom_type": [
        "N",
        "Zr"
    ],
    "atoms_per_type": [
        4,
        7
    ],
    "coord_mode": "direct",
    "relaxed_basis": [
        [0.78612453, 0.57224906, 0.85641223],
        [0.357874, 0.71574791, 0.57095547],
        [0.4992689, 0.99853779, 0.00047313],
        [0.07101837, 0.14203664, 0.71501637],
        [0.99682242, 0.99364484, 0.99343363],
        [0.56803484, 0.13606958, 0.7232901],
        [0.1468668, 0.29373369, 0.43447769],
        [0.710276, 0.42055201, 0.13695081],
        [0.28910806, 0.57821612, 0.8481385],
        [0.86032048, 0.72064086, 0.57799497],
        [0.4285714, 0.8571429, 0.2857143]
    ],
    "relaxed_energy": -107.44366406,
    "relaxed_forces": [
        [0.0, -0.04139437, 0.01908499],
        [-0.0, 0.07165811, -0.11879481],
        [0.0, -0.07165811, 0.11879481],
        [-0.0, 0.04139437, -0.01908499],
        [0.0, -0.04167447, 0.05256564],
        [-0.0, 0.04628386, -0.01441567],
        [-0.0, 0.0941617, 0.02988439],
        [0.0, -0.0941617, -0.02988439],
        [0.0, -0.04628386, 0.01441567],
        [-0.0, 0.04167447, -0.05256564],
        [0.0, -0.0, -0.0]
    ],
    "relaxed_lattice": [
        [4.60695047, -0.0, -0.0],
        [-2.30347524, 4.60788455, -2.28461122],
        [-0.0, 2.31151958, 6.86911733]
    ]
}