{
    "atom_type": [
        "N",
        "Zr"
    ],
    "atoms_per_type": [
        2,
        5
    ],
    "coord_mode": "direct",
    "relaxed_basis": [
        [0.80002093, 0.30002093, 0.60004187],
        [0.99997907, 0.49997907, 0.99995813],
        [0.00062705, 0.00062705, 0.0012541],
        [0.20661946, 0.20661946, 0.41323891],
        [0.4, 0.4, 0.8],
        [0.59338054, 0.59338054, 0.18676109],
        [0.79937295, 0.79937295, 0.5987459]
    ],
    "relaxed_energy": -66.40133216,
    "relaxed_forces": [
        [0.04946955, -0.0, 0.04946955],
        [-0.04946955, 0.0, -0.04946955],
        [-0.00047659, 0.0, -0.00047659],
        [-0.00750843, 0.0, -0.00750843],
        [-0.0, -0.0, -0.0],
        [0.00750843, -0.0, 0.00750843],
        [0.00047659, -0.0, 0.00047659]
    ],
    "relaxed_lattice": [
        [2.32503626, 0.0, -2.32503626],
        [-0.0, 4.50795736, -0.0],
        [4.60303749, -2.25397869, 6.92807375]
    ]
}