{
    "atom_type": [
        "N",
        "Zr"
    ],
    "atoms_per_type": [
        3,
        8
    ],
    "coord_mode": "direct",
    "relaxed_basis": [
        [0.5, 0.0, 0.62487462],
        [0.0, 0.5, 0.75],
        [0.5, 0.0, 0.87512538],
        [0.0, 0.0, 0.99929436],
        [0.5, 0.5, 0.13101915],
        [0.0, 0.0, 0.25],
        [0.5, 0.5, 0.36898085],
        [0.0, 0.0, 0.50070564],
        [0.5, 0.5, 0.62844741],
        [0.0, 0.0, 0.75],
        [0.5, 0.5, 0.87155259]
    ],
    "relaxed_energy": -103.60521836,
    "relaxed_forces": [
        [0.04141315, 0.0, -0.04141315],
        [0.0, 0.0, 0.0],
        [-0.04141315, 0.0, 0.04141315],
        [0.00776807, 0.0, -0.00776807],
        [-0.04703622, 0.0, 0.04703622],
        [0.0, 0.0, 0.0],
        [0.04703622, 0.0, -0.04703622],
        [-0.00776807, 0.0, 0.00776807],
        [0.019706, 0.0, -0.019706],
        [0.0, 0.0, 0.0],
        [-0.019706, 0.0, 0.019706]
    ],
    "relaxed_lattice": [
        [2.29877023, 0.0, 2.29877023],
        [0.0, 4.56041247, 0.0],
        [-9.15807847, 0.0, 9.15807847]
    ]
}