{
    "atom_type": [
        "N",
        "Zr"
    ],
    "atoms_per_type": [
        7,
        8
    ],
    "coord_mode": "direct",
    "relaxed_basis": [
        [0.75, 0.875, 0.375],
        [0.24797669, 0.62565074, 0.62565074],
        [0.25, 0.12478981, 0.62521019],
        [0.75, 0.875, 0.875],
        [0.75, 0.375, 0.875],
        [0.25202331, 0.12434926, 0.12434926],
        [0.25, 0.62521019, 0.12478981],
        [0.00118465, 0.99971053, 0.99971053],
        [0.00673435, 0.50357902, 0.9913755],
        [0.49277957, 0.24696299, 0.24696299],
        [0.49326565, 0.7586245, 0.24642098],
        [0.00722043, 0.50303701, 0.50303701],
        [0.00673435, 0.9913755, 0.50357902],
        [0.49881535, 0.75028947, 0.75028947],
        [0.49326565, 0.24642098, 0.7586245]
    ],
    "relaxed_energy": -151.64027564,
    "relaxed_forces": [
        [0.0, -0.0, -0.0],
        [0.03540088, -0.0111543, -0.0111543],
        [0.0, -0.00076314, 0.00076314],
        [0.0, -0.0, -0.0],
        [0.0, -0.0, -0.0],
        [-0.03540088, 0.0111543, 0.0111543],
        [0.0, 0.00076314, -0.00076314],
        [0.0071933, 0.0095165, 0.0095165],
        [0.00299437, 0.01215077, -0.04710149],
        [-0.05353131, 0.01429527, 0.01429527],
        [-0.00299437, 0.04710149, -0.01215077],
        [0.05353131, -0.01429527, -0.01429527],
        [0.00299437, -0.04710149, 0.01215077],
        [-0.0071933, -0.0095165, -0.0095165],
        [-0.00299437, -0.01215077, 0.04710149]
    ],
    "relaxed_lattice": [
        [4.60025729, -2.29335387, -2.29335387],
        [4.6061168, 4.60277106, -0.00429353],
        [4.6061168, -0.00429353, 4.60277106]
    ]
}