{
    "atom_type": [
        "N",
        "Zr"
    ],
    "atoms_per_type": [
        2,
        8
    ],
    "coord_mode": "direct",
    "relaxed_basis": [
        [0.06235938, 0.06235938, 0.81292185],
        [0.81264062, 0.81264062, 0.56207815],
        [0.99898012, 0.99898012, 0.00305963],
        [0.87601988, 0.87601988, 0.37194037],
        [0.74898013, 0.74898013, 0.75305961],
        [0.62494785, 0.62494785, 0.12515645],
        [0.49927423, 0.49927423, 0.5021773],
        [0.37572577, 0.37572577, 0.8728227],
        [0.25005215, 0.25005215, 0.24984355],
        [0.12601987, 0.12601987, 0.62194039]
    ],
    "relaxed_energy": -91.75257913,
    "relaxed_forces": [
        [-0.03353168, -0.03353168, 0.03353168],
        [0.03353168, 0.03353168, -0.03353168],
        [-0.03645615, -0.03645615, 0.03645615],
        [0.03645615, 0.03645615, -0.03645615],
        [-0.00699721, -0.00699721, 0.00699721],
        [-0.02562727, -0.02562727, 0.02562727],
        [0.03697159, 0.03697159, -0.03697159],
        [-0.03697159, -0.03697159, 0.03697159],
        [0.02562727, 0.02562727, -0.02562727],
        [0.00699721, 0.00699721, -0.00699721]
    ],
    "relaxed_lattice": [
        [2.29765533, 0.0, 2.29765533],
        [0.0, 2.29765533, 2.29765533],
        [-11.33242499, -11.33242499, 13.63008031]
    ]
}