{
    "atom_type": [
        "N",
        "Zr"
    ],
    "atoms_per_type": [
        4,
        8
    ],
    "coord_mode": "direct",
    "relaxed_basis": [
        [0.06098693, 0.56421378, 0.31381236],
        [0.31282434, 0.81118867, 0.56316266],
        [0.56426039, 0.05990927, 0.81156994],
        [0.18783516, 0.68869003, 0.93563965],
        [0.00305626, 0.00069008, 0.9931974],
        [0.62585364, 0.62171544, 0.12657728],
        [0.25071201, 0.24812589, 0.25045009],
        [0.8753428, 0.87047208, 0.37884232],
        [0.50097713, 0.50855395, 0.48949179],
        [0.12441293, 0.11947001, 0.63170412],
        [0.74399392, 0.75878896, 0.75322319],
        [0.37474448, 0.37318184, 0.8773292]
    ],
    "relaxed_energy": -115.82072634,
    "relaxed_forces": [
        [0.06290879, -0.01945657, -0.06290879],
        [-0.06481745, 0.00975858, 0.06481745],
        [0.00322521, 0.05357421, -0.00322521],
        [0.00575119, -0.01511282, -0.00575119],
        [0.00481223, -0.01264178, -0.00481223],
        [0.01747126, -0.03629065, -0.01747126],
        [-0.01542854, -0.10440045, 0.01542854],
        [-0.0313178, 0.07560833, 0.0313178],
        [0.05151118, 0.00449907, -0.05151118],
        [-0.00053577, 0.08319921, 0.00053577],
        [-0.02682368, -0.08688372, 0.02682368],
        [-0.00675661, 0.04814659, 0.00675661]
    ],
    "relaxed_lattice": [
        [2.3145385, 0.0, 2.3145385],
        [2.29826532, 6.8571437, 0.01627319],
        [-4.58821108, 2.29917267, 6.90274958]
    ]
}