{
    "atom_type": [
        "N",
        "Zr"
    ],
    "atoms_per_type": [
        3,
        8
    ],
    "coord_mode": "direct",
    "relaxed_basis": [
        [0.25, 0.125, 0.625],
        [0.25, 0.125, 0.125],
        [0.25, 0.625, 0.125],
        [0.0212967, 0.99626605, 0.99626605],
        [0.01045761, 0.49909433, 0.00074897],
        [0.4787033, 0.25373395, 0.25373395],
        [0.48954239, 0.75090567, 0.24925103],
        [0.99769105, 0.49874075, 0.49874075],
        [0.01045761, 0.00074897, 0.49909433],
        [0.50230895, 0.75125925, 0.75125925],
        [0.48954239, 0.24925103, 0.75090567]
    ],
    "relaxed_energy": -103.705056,
    "relaxed_forces": [
        [0.0, -0.0, -0.0],
        [0.0, -0.0, -0.0],
        [0.0, -0.0, -0.0],
        [-0.00243718, 0.04117723, 0.04117723],
        [0.02205058, 0.05557964, -0.015315],
        [0.00243718, -0.04117723, -0.04117723],
        [-0.02205058, -0.05557964, 0.015315],
        [-0.07540824, 0.08469915, 0.08469915],
        [0.02205058, -0.015315, 0.05557964],
        [0.07540824, -0.08469915, -0.08469915],
        [-0.02205058, 0.015315, -0.05557964]
    ],
    "relaxed_lattice": [
        [4.60425569, -2.25913395, -2.25913395],
        [4.64110131, 4.60582969, -0.01483875],
        [4.64110131, -0.01483875, 4.60582969]
    ]
}