{
    "atom_type": [
        "N",
        "Zr"
    ],
    "atoms_per_type": [
        3,
        8
    ],
    "coord_mode": "direct",
    "relaxed_basis": [
        [0.12613767, 0.12613767, 0.25227534],
        [0.37386233, 0.37386233, 0.74772466],
        [0.5, 0.0, 0.0],
        [0.00697117, 0.00697117, 0.01394235],
        [0.13144764, 0.63144764, 0.26289527],
        [0.25, 0.25, 0.5],
        [0.37757034, 0.87757034, 0.75514068],
        [0.49302883, 0.49302883, 0.98605765],
        [0.62242966, 0.12242966, 0.24485932],
        [0.75, 0.75, 0.5],
        [0.86855236, 0.36855236, 0.73710473]
    ],
    "relaxed_energy": -104.06803424,
    "relaxed_forces": [
        [0.0, 0.0, -0.03476478],
        [-0.0, -0.0, 0.03476478],
        [0.0, -0.0, 0.0],
        [-0.0, -0.0, 0.07628887],
        [-0.0, -0.0, 0.0168056],
        [0.0, -0.0, 0.0],
        [0.0, 0.0, -0.06244466],
        [0.0, 0.0, -0.07628887],
        [-0.0, -0.0, 0.06244466],
        [0.0, -0.0, 0.0],
        [0.0, 0.0, -0.0168056]
    ],
    "relaxed_lattice": [
        [4.55854564, 0.0, -0.0],
        [0.0, 4.55854564, -0.0],
        [-2.27927282, -2.27927282, 9.29543994]
    ]
}