{
    "atom_type": [
        "N",
        "Zr"
    ],
    "atoms_per_type": [
        2,
        8
    ],
    "coord_mode": "direct",
    "relaxed_basis": [
        [0.75199085, 0.12532097, 0.18829856],
        [0.74800915, 0.62467903, 0.43670144],
        [0.99463528, 0.00507036, 0.99866862],
        [0.5053529, 0.75758445, 0.13019372],
        [0.98778041, 0.49329958, 0.25159254],
        [0.51221959, 0.25670042, 0.37340746],
        [0.9946471, 0.99241555, 0.49480628],
        [0.50536472, 0.74492964, 0.62633138],
        [0.00782587, 0.51088342, 0.75233635],
        [0.49217413, 0.23911658, 0.87266365]
    ],
    "relaxed_energy": -91.68345684,
    "relaxed_forces": [
        [0.02191636, -0.00775083, 0.11319634],
        [-0.02191636, 0.00775083, -0.11319634],
        [-0.05898391, 0.03182027, -0.04128092],
        [0.03793983, 0.07829262, 0.05636048],
        [-0.02005715, -0.04501319, 0.10207484],
        [0.02005715, 0.04501319, -0.10207484],
        [-0.03793983, -0.07829262, -0.05636048],
        [0.05898391, -0.03182027, 0.04128092],
        [0.06487214, 0.07188297, -0.03183546],
        [-0.06487214, -0.07188297, 0.03183546]
    ],
    "relaxed_lattice": [
        [2.26997476, 2.27582923, -4.59123014],
        [-2.2904685, 4.5988795, 2.30877787],
        [4.58474161, 0.00308317, 4.61523661]
    ]
}