{
    "atom_type": [
        "N",
        "Zr"
    ],
    "atoms_per_type": [
        2,
        5
    ],
    "coord_mode": "direct",
    "relaxed_basis": [
        [0.70527244, 0.19293506, 0.39652005],
        [0.89472756, 0.40706494, 0.80347995],
        [0.98299577, 0.01899404, 0.01501442],
        [0.18456021, 0.20571707, 0.4251625],
        [0.41543979, 0.39428293, 0.7748375],
        [0.61700423, 0.58100596, 0.18498558],
        [0.8, 0.8, 0.6]
    ],
    "relaxed_energy": -66.58816664,
    "relaxed_forces": [
        [0.0, 0.05092541, -0.00803391],
        [-0.0, -0.05092541, 0.00803391],
        [0.0, 0.01809523, 0.05576624],
        [-0.0, 0.01493587, -0.04010122],
        [0.0, -0.01493587, 0.04010122],
        [-0.0, -0.01809523, -0.05576624],
        [-0.0, -0.0, -0.0]
    ],
    "relaxed_lattice": [
        [4.55776285, -0.0, 0.0],
        [2.27888143, 4.55145326, 2.34637374],
        [2.27888143, -2.30103875, 4.74639685]
    ]
}