{
    "atom_type": [
        "N",
        "Zr"
    ],
    "atoms_per_type": [
        2,
        5
    ],
    "coord_mode": "direct",
    "relaxed_basis": [
        [0.50067571, 0.50067571, 0.00135141],
        [0.29932429, 0.29932429, 0.59864859],
        [0.99981904, 0.99981904, 0.99963807],
        [0.80018096, 0.80018096, 0.60036193],
        [0.60090207, 0.60090207, 0.20180413],
        [0.4, 0.4, 0.8],
        [0.19909793, 0.19909793, 0.39819587]
    ],
    "relaxed_energy": -66.21531072,
    "relaxed_forces": [
        [0.0, 0.0, 0.13005054],
        [-0.0, 0.0, -0.13005054],
        [0.0, 0.0, -0.00649141],
        [-0.0, 0.0, 0.00649141],
        [-0.0, 0.0, 0.12564498],
        [0.0, 0.0, -0.0],
        [-0.0, 0.0, -0.12564498]
    ],
    "relaxed_lattice": [
        [2.30650739, -2.30650739, 0.0],
        [2.30650739, 2.30650739, 0.0],
        [-2.30650739, 0.0, 11.28780713]
    ]
}