{
    "atom_type": [
        "N",
        "Zr"
    ],
    "atoms_per_type": [
        4,
        8
    ],
    "coord_mode": "direct",
    "relaxed_basis": [
        [0.25105798, 0.12271805, 0.62612521],
        [0.75, 0.875, 0.875],
        [0.75, 0.375, 0.875],
        [0.24894202, 0.62728195, 0.12387479],
        [0.99865272, 0.00319753, 0.98870756],
        [0.99043605, 0.50791481, 0.99875778],
        [0.49250044, 0.25943355, 0.24567028],
        [0.49581227, 0.74980851, 0.24132431],
        [0.00749956, 0.49056645, 0.50432972],
        [0.00418773, 0.00019149, 0.50867569],
        [0.50134728, 0.74680247, 0.76129244],
        [0.50956395, 0.24208519, 0.75124222]
    ],
    "relaxed_energy": -115.8233462,
    "relaxed_forces": [
        [0.07137377, -0.12487818, -0.05845583],
        [-0.0, 0.0, 0.0],
        [-0.0, 0.0, 0.0],
        [-0.07137377, 0.12487818, 0.05845583],
        [0.06600003, 0.04777723, 0.08968774],
        [0.00797849, 0.06349012, 0.0793121],
        [-0.07836125, 0.06489009, -0.00013066],
        [-0.02739783, 0.04360915, 0.1265876],
        [0.07836125, -0.06489009, 0.00013066],
        [0.02739783, -0.04360915, -0.1265876],
        [-0.06600003, -0.04777723, -0.08968774],
        [-0.00797849, -0.06349012, -0.0793121]
    ],
    "relaxed_lattice": [
        [4.59335746, -2.31607641, -2.29308206],
        [4.58142663, 4.63812555, -0.02962813],
        [4.5670633, -0.0152465, 4.5490419]
    ]
}