{
    "atom_type": [
        "N",
        "Zr"
    ],
    "atoms_per_type": [
        5,
        6
    ],
    "coord_mode": "direct",
    "relaxed_basis": [
        [0.5, 0.5, 0.99932737],
        [0.0, 0.0, 0.16688679],
        [0.5, 0.5, 0.3333333],
        [0.0, 0.0, 0.49977991],
        [0.5, 0.5, 0.66733933],
        [0.0, 0.0, 0.00233352],
        [0.5, 0.5, 0.1639392],
        [0.0, 0.0, 0.3333333],
        [0.5, 0.5, 0.5027275],
        [0.0, 0.0, 0.66433318],
        [0.5, 0.5, 0.8333333]
    ],
    "relaxed_energy": -110.55336797,
    "relaxed_forces": [
        [0.0, 0.0, 0.0958782],
        [0.0, 0.0, -0.06399922],
        [-0.0, -0.0, -0.0],
        [0.0, 0.0, 0.06399922],
        [-0.0, -0.0, -0.0958782],
        [0.0, 0.0, -0.13333769],
        [-0.0, -0.0, 0.07982606],
        [0.0, 0.0, -0.0],
        [0.0, 0.0, -0.07982606],
        [0.0, 0.0, 0.13333769],
        [-0.0, -0.0, -0.0]
    ],
    "relaxed_lattice": [
        [2.30150092, 2.30150092, 0.0],
        [2.30150092, -2.30150092, 0.0],
        [0.0, 0.0, -13.74215029]
    ]
}