{
    "atom_type": [
        "N",
        "Zr"
    ],
    "atoms_per_type": [
        3,
        8
    ],
    "coord_mode": "direct",
    "relaxed_basis": [
        [0.5620211, 0.18944002, 0.1240422],
        [0.81251938, 0.93564665, 0.62503875],
        [0.937855, 0.31435088, 0.87570999],
        [0.00283673, 0.01717056, 0.00567347],
        [0.12487285, 0.37158206, 0.24974569],
        [0.25209341, 0.7544128, 0.50418681],
        [0.37372459, 0.12170142, 0.74744918],
        [0.49747533, 0.48568182, 0.99495067],
        [0.62527807, 0.87847955, 0.25055613],
        [0.74975211, 0.24531799, 0.49950422],
        [0.87407144, 0.62371626, 0.74814288]
    ],
    "relaxed_energy": -103.70409775,
    "relaxed_forces": [
        [0.04895626, 0.08093685, 0.04895626],
        [0.01222287, -0.03822973, 0.01222287],
        [-0.05740944, 0.02005633, -0.05740944],
        [0.03925818, -0.00141637, 0.03925818],
        [0.03860127, 0.00939052, 0.03860127],
        [-0.01587931, -0.06032661, -0.01587931],
        [-0.00566556, -0.05165395, -0.00566556],
        [-0.02318267, 0.05737298, -0.02318267],
        [0.04264341, -0.03696498, 0.04264341],
        [-0.03796289, 0.02804624, -0.03796289],
        [-0.04158212, -0.00721127, -0.04158212]
    ],
    "relaxed_lattice": [
        [2.30641745, 0.0, -2.30641745],
        [2.28060739, 4.55537317, 2.28060739],
        [4.60134726, -6.88604589, 6.90776471]
    ]
}