{
    "atom_type": [
        "N",
        "Zr"
    ],
    "atoms_per_type": [
        4,
        6
    ],
    "coord_mode": "direct",
    "relaxed_basis": [
        [0.5, 0.0, 0.1666667],
        [0.5, 0.0, 0.50099884],
        [0.0, 0.5, 0.6666667],
        [0.5, 0.0, 0.83233446],
        [0.0, 0.0, 0.00384099],
        [0.5, 0.5, 0.1666667],
        [0.0, 0.0, 0.32949231],
        [0.5, 0.5, 0.50722752],
        [0.0, 0.0, 0.6666667],
        [0.5, 0.5, 0.82610578]
    ],
    "relaxed_energy": -98.74907944,
    "relaxed_forces": [
        [-0.0, 0.0, 0.0],
        [-0.00728445, 0.0, 0.00728445],
        [-0.0, 0.0, 0.0],
        [0.00728445, 0.0, -0.00728445],
        [0.03121825, 0.0, -0.03121825],
        [0.0, 0.0, 0.0],
        [-0.03121825, 0.0, 0.03121825],
        [-0.04286557, 0.0, 0.04286557],
        [0.0, 0.0, 0.0],
        [0.04286557, 0.0, -0.04286557]
    ],
    "relaxed_lattice": [
        [2.31341612, 0.0, 2.31341612],
        [0.0, 4.5688522, 0.0],
        [-6.90744904, 0.0, 6.90744904]
    ]
}