{
    "atom_type": [
        "N",
        "Zr"
    ],
    "atoms_per_type": [
        3,
        8
    ],
    "coord_mode": "direct",
    "relaxed_basis": [
        [0.93777648, 0.43768843, 0.68675861],
        [0.5625, 0.0625, 0.8125],
        [0.18722352, 0.68731157, 0.93824139],
        [0.00585541, 0.99651622, 0.99177296],
        [0.62461965, 0.62549599, 0.1252647],
        [0.25028399, 0.2451574, 0.25427463],
        [0.87471601, 0.8798426, 0.37072537],
        [0.50038035, 0.49950401, 0.4997353],
        [0.11914459, 0.12848378, 0.63322704],
        [0.74680469, 0.74673127, 0.75965934],
        [0.37819531, 0.37826873, 0.86534066]
    ],
    "relaxed_energy": -103.73848343,
    "relaxed_forces": [
        [0.08513193, 0.07498886, -0.08513193],
        [-0.0, 0.0, 0.0],
        [-0.08513193, -0.07498886, 0.08513193],
        [0.00855579, 0.03201587, -0.00855579],
        [-0.06313595, -0.05083046, 0.06313595],
        [-0.05837368, -0.11270493, 0.05837368],
        [0.05837368, 0.11270493, -0.05837368],
        [0.06313595, 0.05083046, -0.06313595],
        [-0.00855579, -0.03201587, 0.00855579],
        [0.00646218, -0.0190969, -0.00646218],
        [-0.00646218, 0.0190969, 0.00646218]
    ],
    "relaxed_lattice": [
        [2.29206733, 0.0, 2.29206733],
        [2.27743213, 6.87956978, 0.01463519],
        [-4.60675044, 2.32484157, 6.89881776]
    ]
}