{
    "atom_type": [
        "N",
        "Zr"
    ],
    "atoms_per_type": [
        3,
        7
    ],
    "coord_mode": "direct",
    "relaxed_basis": [
        [0.07111603, 0.14223196, 0.78505429],
        [0.7857143, 0.5714286, 0.6428571],
        [0.50031257, 0.00062514, 0.50066001],
        [0.00161599, 0.00323197, 0.00545966],
        [0.70918429, 0.41836858, 0.85470766],
        [0.43138246, 0.86276502, 0.70960293],
        [0.14004604, 0.28009218, 0.57611137],
        [0.86224431, 0.72448852, 0.43100664],
        [0.56981261, 0.13962513, 0.28025464],
        [0.2857143, 0.5714286, 0.1428571]
    ],
    "relaxed_energy": -95.29795198,
    "relaxed_forces": [
        [-0.04969224, -0.04969224, 0.07449023],
        [0.0, 0.0, -0.0],
        [0.04969224, 0.04969224, -0.07449023],
        [0.02719592, 0.02719592, 0.08096389],
        [-0.07330643, -0.07330643, 0.05983327],
        [-0.03779465, -0.03779465, 0.10445722],
        [0.03779465, 0.03779465, -0.10445722],
        [0.07330643, 0.07330643, -0.05983327],
        [-0.02719592, -0.02719592, -0.08096389],
        [0.0, 0.0, -0.0]
    ],
    "relaxed_lattice": [
        [2.30358165, -2.30358165, 0.0],
        [2.29487238, 4.59845402, -2.26648758],
        [2.31608392, 2.31608392, 9.1211598]
    ]
}