{
    "atom_type": [
        "N",
        "Zr"
    ],
    "atoms_per_type": [
        2,
        8
    ],
    "coord_mode": "direct",
    "relaxed_basis": [
        [0.5, 0.99809963, 0.99809963],
        [0.0, 0.25190037, 0.25190037],
        [0.0, 0.0062623, 0.0062623],
        [0.0, 0.00386623, 0.49516432],
        [0.5, 0.2437377, 0.2437377],
        [0.5, 0.24613377, 0.75483568],
        [0.0, 0.49787352, 0.49787352],
        [0.0, 0.49516432, 0.00386623],
        [0.5, 0.75212648, 0.75212648],
        [0.5, 0.75483568, 0.24613377]
    ],
    "relaxed_energy": -91.71952493,
    "relaxed_forces": [
        [0.0, 0.0067773, 0.0],
        [0.0, -0.0067773, 0.0],
        [0.0, 0.09893572, 0.0],
        [0.0, -0.01038206, 0.04057039],
        [0.0, -0.09893572, 0.0],
        [0.0, 0.01038206, -0.04057039],
        [0.0, 0.0686269, 0.0],
        [0.0, -0.01038206, -0.04057039],
        [0.0, -0.0686269, 0.0],
        [0.0, 0.01038206, 0.04057039]
    ],
    "relaxed_lattice": [
        [-4.55683577, 0.0, 0.0],
        [0.0, 4.57766731, 4.60881508],
        [0.0, 4.57766731, -4.60881508]
    ]
}