{
    "atom_type": [
        "N",
        "Zr"
    ],
    "atoms_per_type": [
        4,
        8
    ],
    "coord_mode": "direct",
    "relaxed_basis": [
        [0.43694789, 0.81438403, 0.87389578],
        [0.68767484, 0.56312395, 0.37534967],
        [0.81278541, 0.94043508, 0.62557082],
        [0.93715686, 0.31136972, 0.87431373],
        [0.99864251, 6.002e-05, 0.99728502],
        [0.12841268, 0.37971386, 0.25682535],
        [0.24844333, 0.74495163, 0.49688666],
        [0.37643581, 0.11630973, 0.75287161],
        [0.49705938, 0.49935069, 0.99411876],
        [0.62497161, 0.87353705, 0.24994323],
        [0.74808478, 0.2472811, 0.49616956],
        [0.8783849, 0.63448315, 0.75676981]
    ],
    "relaxed_energy": -115.75096915,
    "relaxed_forces": [
        [0.03727464, 0.00655969, 0.03727464],
        [0.03181532, 0.00657348, 0.03181532],
        [-0.0044461, 0.03332677, -0.0044461],
        [-0.03547518, 0.03408034, -0.03547518],
        [0.04158001, 0.03006375, 0.04158001],
        [0.05416378, -0.0526108, 0.05416378],
        [0.01874908, -0.1182526, 0.01874908],
        [-0.02553804, 0.07947701, -0.02553804],
        [-0.01957899, 0.01594747, -0.01957899],
        [-0.02756627, 0.05150826, -0.02756627],
        [-0.05328429, -0.10014963, -0.05328429],
        [-0.01769397, 0.01347627, -0.01769397]
    ],
    "relaxed_lattice": [
        [2.30340055, 0.0, -2.30340055],
        [2.30260165, 4.59310903, 2.30260165],
        [4.57969629, -6.86456711, 6.88309684]
    ]
}