{
    "atom_type": [
        "N",
        "Zr"
    ],
    "atoms_per_type": [
        3,
        8
    ],
    "coord_mode": "direct",
    "relaxed_basis": [
        [0.0, 0.5, 0.25],
        [0.5, 0.0, 0.62518513],
        [0.5, 0.0, 0.87481487],
        [0.0, 0.0, 0.99116113],
        [0.5, 0.5, 0.13304572],
        [0.0, 0.0, 0.25],
        [0.5, 0.5, 0.36695428],
        [0.0, 0.0, 0.50883887],
        [0.5, 0.5, 0.62435683],
        [0.0, 0.0, 0.75],
        [0.5, 0.5, 0.87564317]
    ],
    "relaxed_energy": -103.95063839,
    "relaxed_forces": [
        [0.0, 0.0, 0.0],
        [-0.00350478, 0.0, 0.00350478],
        [0.00350478, 0.0, -0.00350478],
        [0.03873217, 0.0, -0.03873217],
        [-0.01521092, 0.0, 0.01521092],
        [0.0, 0.0, -0.0],
        [0.01521092, 0.0, -0.01521092],
        [-0.03873217, 0.0, 0.03873217],
        [-0.01250209, 0.0, 0.01250209],
        [0.0, 0.0, -0.0],
        [0.01250209, 0.0, -0.01250209]
    ],
    "relaxed_lattice": [
        [2.34377257, 0.0, 2.34377257],
        [0.0, 4.50480104, 0.0],
        [-9.2518011, 0.0, 9.2518011]
    ]
}