{
    "atom_type": [
        "N",
        "Zr"
    ],
    "atoms_per_type": [
        2,
        8
    ],
    "coord_mode": "direct",
    "relaxed_basis": [
        [0.2479668, 0.37690371, 0.06318897],
        [0.7520332, 0.62309629, 0.43681103],
        [0.00063201, 0.01788089, 0.00017481],
        [0.49343438, 0.73334372, 0.12708925],
        [0.0, 0.5, 0.25],
        [0.50656562, 0.26665628, 0.37291075],
        [0.99936799, 0.98211911, 0.49982519],
        [0.51491428, 0.75694515, 0.62915996],
        [0.0, 0.5, 0.75],
        [0.48508572, 0.24305485, 0.87084004]
    ],
    "relaxed_energy": -91.95471422,
    "relaxed_forces": [
        [0.06792804, -0.00052168, -0.02674175],
        [-0.06792804, 0.00052168, 0.02674175],
        [0.00517501, 0.03528729, 0.04558131],
        [-0.04166925, -0.0555399, 0.03476793],
        [0.0, 0.0, -0.0],
        [0.04166925, 0.0555399, -0.03476793],
        [-0.00517501, -0.03528729, -0.04558131],
        [-0.00380078, -0.03418183, -0.0208124],
        [0.0, 0.0, -0.0],
        [0.00380078, 0.03418183, 0.0208124]
    ],
    "relaxed_lattice": [
        [2.25663486, 2.34850448, -4.58379807],
        [-2.2399935, 4.67460323, 2.28953874],
        [4.52148899, 0.01383657, 4.59463948]
    ]
}