{
    "atom_type": [
        "N",
        "Zr"
    ],
    "atoms_per_type": [
        4,
        8
    ],
    "coord_mode": "direct",
    "relaxed_basis": [
        [0.0, 0.0, 0.74707312],
        [0.5, 0.25, 0.5],
        [0.0, 0.5, 0.25292688],
        [0.5, 0.75, 0.5],
        [0.0, 0.0, 0.00110996],
        [0.0, 0.0, 0.50776463],
        [0.5, 0.24159928, 0.75048449],
        [0.5, 0.25840072, 0.24951551],
        [0.0, 0.5, 0.49223537],
        [0.0, 0.5, 0.99889004],
        [0.5, 0.74159928, 0.24951551],
        [0.5, 0.75840072, 0.75048449]
    ],
    "relaxed_energy": -115.8904748,
    "relaxed_forces": [
        [0.0, 0.0, 0.03321137],
        [0.0, 0.0, -0.0],
        [-0.0, -0.0, -0.03321137],
        [0.0, 0.0, -0.0],
        [0.0, 0.0, 0.05247959],
        [0.0, 0.0, -0.02671243],
        [0.01740023, -0.01740023, 0.01017294],
        [-0.01740023, 0.01740023, -0.01017294],
        [0.0, 0.0, 0.02671243],
        [0.0, 0.0, -0.05247959],
        [0.01740023, -0.01740023, -0.01017294],
        [-0.01740023, 0.01740023, 0.01017294]
    ],
    "relaxed_lattice": [
        [2.30889028, 2.30889028, 0.0],
        [-4.58477543, 4.58477543, 0.0],
        [0.0, 0.0, 9.17164961]
    ]
}