{
    "atom_type": [
        "N",
        "Zr"
    ],
    "atoms_per_type": [
        4,
        8
    ],
    "coord_mode": "direct",
    "relaxed_basis": [
        [0.3123707, 0.43836134, 0.6247414],
        [0.56198895, 0.18552344, 0.1239779],
        [0.68801105, 0.56447656, 0.3760221],
        [0.9376293, 0.31163866, 0.8752586],
        [0.0029777, 0.01398088, 0.0059554],
        [0.125, 0.375, 0.25],
        [0.2470223, 0.73601912, 0.4940446],
        [0.37677583, 0.13801958, 0.75355166],
        [0.49829974, 0.48402458, 0.99659948],
        [0.625, 0.875, 0.25],
        [0.75170026, 0.26597542, 0.50340052],
        [0.87322417, 0.61198042, 0.74644834]
    ],
    "relaxed_energy": -115.85219337,
    "relaxed_forces": [
        [-0.00374535, 0.00576118, -0.00374535],
        [0.05312232, -0.068314, 0.05312232],
        [-0.05312232, 0.068314, -0.05312232],
        [0.00374535, -0.00576118, 0.00374535],
        [0.01001271, -0.15624998, 0.01001271],
        [0.0, 0.0, -0.0],
        [-0.01001271, 0.15624998, -0.01001271],
        [0.00401827, -0.12225579, 0.00401827],
        [-0.01062825, 0.05833692, -0.01062825],
        [0.0, 0.0, -0.0],
        [0.01062825, -0.05833692, 0.01062825],
        [-0.00401827, 0.12225579, -0.00401827]
    ],
    "relaxed_lattice": [
        [2.32745269, 0.0, -2.32745269],
        [2.27804782, 4.539326, 2.27804782],
        [4.62195764, -6.89905237, 6.94941033]
    ]
}