{
    "atom_type": [
        "N",
        "Zr"
    ],
    "atoms_per_type": [
        1,
        6
    ],
    "coord_mode": "direct",
    "relaxed_basis": [
        [0.5, 0.5, 0.6666667],
        [0.0, 0.0, 0.00062083],
        [0.5, 0.5, 0.1666667],
        [0.0, 0.0, 0.33271247],
        [0.5, 0.5, 0.4986553],
        [0.0, 0.0, 0.6666667],
        [0.5, 0.5, 0.834678]
    ],
    "relaxed_energy": -62.82065534,
    "relaxed_forces": [
        [-0.0, -0.0, 0.0],
        [-0.0, -0.0, -0.06867306],
        [0.0, 0.0, 0.0],
        [-0.0, -0.0, 0.06867306],
        [0.0, 0.0, 0.03718734],
        [-0.0, -0.0, 0.0],
        [-0.0, -0.0, -0.03718734]
    ],
    "relaxed_lattice": [
        [2.29411279, 2.29411279, 0.0],
        [2.29411279, -2.29411279, 0.0],
        [0.0, 0.0, -13.53173646]
    ]
}