{
    "atom_type": [
        "N",
        "Zr"
    ],
    "atoms_per_type": [
        3,
        6
    ],
    "coord_mode": "direct",
    "relaxed_basis": [
        [0.5, 0.16475339, 0.16511386],
        [0.0, 0.3333333, 0.8333333],
        [0.5, 0.50191331, 0.50155284],
        [0.0, 0.01379596, 0.008886],
        [0.5, 0.18125433, 0.67205042],
        [0.0, 0.3333333, 0.3333333],
        [0.5, 0.48541237, 0.99461628],
        [0.0, 0.65287074, 0.6577807],
        [0.5, 0.8333333, 0.3333333]
    ],
    "relaxed_energy": -86.89955885,
    "relaxed_forces": [
        [0.06674885, -0.05699144, 0.06674885],
        [-0.0, 0.0, -0.0],
        [-0.06674885, 0.05699144, -0.06674885],
        [0.05494018, -0.1701526, 0.05494018],
        [0.00578725, -0.15750237, 0.00578725],
        [-0.0, 0.0, 0.0],
        [-0.00578725, 0.15750237, -0.00578725],
        [-0.05494018, 0.1701526, -0.05494018],
        [-0.0, 0.0, 0.0]
    ],
    "relaxed_lattice": [
        [2.33274242, 0.0, -2.33274242],
        [2.2853135, 4.522137, 2.2853135],
        [4.62777199, -4.5789401, 4.62777199]
    ]
}