{
    "atom_type": [
        "N",
        "Zr"
    ],
    "atoms_per_type": [
        3,
        8
    ],
    "coord_mode": "direct",
    "relaxed_basis": [
        [0.0, 0.75, 0.75],
        [0.0, 0.25, 0.75],
        [0.0, 0.25, 0.25],
        [0.0, 0.00361188, 0.99638812],
        [0.0, 0.00361188, 0.50361188],
        [0.5, 0.25, 0.25],
        [0.5, 0.25, 0.75],
        [0.0, 0.49638812, 0.50361188],
        [0.0, 0.49638812, 0.99638812],
        [0.5, 0.75, 0.75],
        [0.5, 0.75, 0.25]
    ],
    "relaxed_energy": -103.86303393,
    "relaxed_forces": [
        [0.0, -0.0, -0.0],
        [0.0, -0.0, -0.0],
        [0.0, -0.0, -0.0],
        [-0.0, -0.0, -0.01289996],
        [-0.0, -0.01289996, -0.0],
        [0.0, -0.0, -0.0],
        [0.0, -0.0, -0.0],
        [0.0, -0.0, 0.01289996],
        [0.0, 0.01289996, -0.0],
        [0.0, -0.0, -0.0],
        [0.0, -0.0, -0.0]
    ],
    "relaxed_lattice": [
        [-4.54992778, 0.0, 0.0],
        [0.0, 4.59371948, 4.59371948],
        [0.0, 4.59371948, -4.59371948]
    ]
}