{
    "atom_type": [
        "N",
        "Zr"
    ],
    "atoms_per_type": [
        4,
        8
    ],
    "coord_mode": "direct",
    "relaxed_basis": [
        [0.0, 0.5, 0.24980376],
        [0.0, 0.5, 0.5011805],
        [0.0, 0.5, 0.74959175],
        [0.5, 0.0, 0.87543794],
        [0.0, 0.0, 0.99535931],
        [0.5, 0.5, 0.13335433],
        [0.0, 0.0, 0.24899226],
        [0.5, 0.5, 0.37419467],
        [0.0, 0.0, 0.49717514],
        [0.5, 0.5, 0.62184252],
        [0.0, 0.0, 0.75903275],
        [0.5, 0.5, 0.86903507]
    ],
    "relaxed_energy": -115.88155898,
    "relaxed_forces": [
        [-0.06677602, 0.0, 0.06677602],
        [0.00460052, 0.0, -0.00460052],
        [0.14956628, 0.0, -0.14956628],
        [-0.10590887, 0.0, 0.10590887],
        [-0.04226539, 0.0, 0.04226539],
        [-0.02791557, 0.0, 0.02791557],
        [-0.03588413, 0.0, 0.03588413],
        [-0.00958372, 0.0, 0.00958372],
        [0.06531141, 0.0, -0.06531141],
        [0.0007372, 0.0, -0.0007372],
        [0.03532771, 0.0, -0.03532771],
        [0.03279058, 0.0, -0.03279058]
    ],
    "relaxed_lattice": [
        [2.3184512, 0.0, 2.3184512],
        [0.0, 4.53386611, 0.0],
        [-9.22182486, 0.0, 9.22182486]
    ]
}