{
    "atom_type": [
        "N",
        "Zr"
    ],
    "atoms_per_type": [
        1,
        8
    ],
    "coord_mode": "direct",
    "relaxed_basis": [
        [0.0, 0.75, 0.25],
        [0.99952103, 0.99846895, 0.00248899],
        [0.24303701, 0.39103834, 0.12288763],
        [0.5, 0.75, 0.25],
        [0.75696299, 0.10896166, 0.37711237],
        [0.00047897, 0.50153105, 0.49751101],
        [0.24289025, 0.87944865, 0.63477086],
        [0.5, 0.25, 0.75],
        [0.75710975, 0.62055135, 0.86522914]
    ],
    "relaxed_energy": -79.94968494,
    "relaxed_forces": [
        [-0.0, 0.0, -0.0],
        [0.0, 0.07669129, -0.01701243],
        [0.0, 0.0045524, -0.04175827],
        [-0.0, 0.0, -0.0],
        [-0.0, -0.0045524, 0.04175827],
        [-0.0, -0.07669129, 0.01701243],
        [0.0, 0.03911335, 0.04657484],
        [0.0, -0.0, -0.0],
        [-0.0, -0.03911335, -0.04657484]
    ],
    "relaxed_lattice": [
        [4.53413764, 0.0, 0.0],
        [2.26706882, 4.60004182, -2.26988934],
        [2.26706882, 4.61483109, 6.8387389]
    ]
}