{
    "atom_type": [
        "N",
        "Zr"
    ],
    "atoms_per_type": [
        4,
        8
    ],
    "coord_mode": "direct",
    "relaxed_basis": [
        [0.0, 0.0, 0.12184978],
        [0.0, 0.0, 0.37398584],
        [0.0, 0.0, 0.62409349],
        [0.5, 0.5, 0.75217902],
        [0.0, 0.0, 0.9980398],
        [0.5, 0.5, 0.12721316],
        [0.0, 0.0, 0.24921888],
        [0.5, 0.5, 0.37506234],
        [0.0, 0.0, 0.49857975],
        [0.5, 0.5, 0.62677005],
        [0.0, 0.0, 0.74714175],
        [0.5, 0.5, 0.88086614]
    ],
    "relaxed_energy": -115.68446699,
    "relaxed_forces": [
        [-0.0, -0.0, 0.07273942],
        [-0.0, -0.0, 0.0431663],
        [-0.0, -0.0, -0.0393764],
        [-0.0, -0.0, -0.00532682],
        [-0.0, -0.0, 0.00300449],
        [0.0, 0.0, -0.03982947],
        [-0.0, -0.0, 0.04698499],
        [0.0, 0.0, 0.00873726],
        [-0.0, -0.0, 0.03570065],
        [-0.0, -0.0, -0.0840231],
        [-0.0, -0.0, -0.08043043],
        [0.0, 0.0, 0.03865311]
    ],
    "relaxed_lattice": [
        [2.30754431, 2.30754431, 0.0],
        [2.30754431, -2.30754431, 0.0],
        [0.0, 0.0, -18.04510298]
    ]
}