{
    "atom_type": [
        "N",
        "Zr"
    ],
    "atoms_per_type": [
        4,
        8
    ],
    "coord_mode": "direct",
    "relaxed_basis": [
        [0.00083121, 0.50083121, 0.00166242],
        [0.25050414, 0.75050414, 0.50100829],
        [0.37602082, 0.37602082, 0.75204164],
        [0.50054821, 0.00054821, 0.00109643],
        [0.00212222, 0.00212222, 0.00424444],
        [0.127533, 0.627533, 0.25506599],
        [0.25260563, 0.25260563, 0.50521127],
        [0.37236985, 0.87236985, 0.74473969],
        [0.49548324, 0.49548324, 0.99096648],
        [0.6231863, 0.1231863, 0.2463726],
        [0.74576742, 0.74576742, 0.49153483],
        [0.87802796, 0.37802796, 0.75605592]
    ],
    "relaxed_energy": -115.7750421,
    "relaxed_forces": [
        [-0.0, -0.0, 0.10679211],
        [0.0, 0.0, -0.00102781],
        [0.0, 0.0, -0.05897143],
        [-0.0, -0.0, 0.02385079],
        [0.0, 0.0, -0.04898963],
        [0.0, 0.0, -0.01180997],
        [-0.0, -0.0, 0.0158911],
        [-0.0, -0.0, 0.00757775],
        [-0.0, -0.0, 0.02517172],
        [0.0, 0.0, -0.04456454],
        [0.0, 0.0, -0.07529973],
        [-0.0, -0.0, 0.06137963]
    ],
    "relaxed_lattice": [
        [4.57301863, 0.0, -0.0],
        [0.0, 4.58651897, -0.0],
        [-2.28650932, -2.29325949, 9.21318388]
    ]
}