{
    "atom_type": [
        "N",
        "Zr"
    ],
    "atoms_per_type": [
        2,
        4
    ],
    "coord_mode": "direct",
    "relaxed_basis": [
        [0.0, 0.0, 0.24872262],
        [0.5, 0.5, 0.50127738],
        [0.0, 0.0, 0.99447963],
        [0.5, 0.5, 0.25498738],
        [0.0, 0.0, 0.49501262],
        [0.5, 0.5, 0.75552037]
    ],
    "relaxed_energy": -57.85912743,
    "relaxed_forces": [
        [0.0, 0.0, 0.1853017],
        [-0.0, -0.0, -0.1853017],
        [-0.0, -0.0, 0.18104037],
        [0.0, 0.0, -0.02017501],
        [-0.0, -0.0, 0.02017501],
        [-0.0, -0.0, -0.18104037]
    ],
    "relaxed_lattice": [
        [2.2999547, 2.2999547, 0.0],
        [2.2999547, -2.2999547, 0.0],
        [0.0, 0.0, -9.07158053]
    ]
}