{
    "atom_type": [
        "N",
        "Zr"
    ],
    "atoms_per_type": [
        4,
        8
    ],
    "coord_mode": "direct",
    "relaxed_basis": [
        [0.25, 0.25, 0.75502073],
        [0.25, 0.75, 0.5],
        [0.75, 0.25, 0.5],
        [0.75, 0.75, 0.24497927],
        [0.0, 0.0, 0.0],
        [0.5, 0.5, 0.0],
        [0.48935574, 0.01064426, 0.73716841],
        [0.01064426, 0.48935574, 0.73716841],
        [0.0, 0.0, 0.5],
        [0.5, 0.5, 0.5],
        [0.51064426, 0.98935574, 0.26283159],
        [0.98935574, 0.51064426, 0.26283159]
    ],
    "relaxed_energy": -115.92780665,
    "relaxed_forces": [
        [-0.00095069, 0.00095069, 0.0],
        [0.0, -0.0, 0.0],
        [0.0, -0.0, 0.0],
        [0.00095069, -0.00095069, 0.0],
        [0.0, 0.0, 0.0],
        [0.0, 0.0, 0.0],
        [-0.05574771, 0.05574771, 0.05883161],
        [-0.05574771, 0.05574771, -0.05883161],
        [0.0, -0.0, 0.0],
        [0.0, 0.0, 0.0],
        [0.05574771, -0.05574771, -0.05883161],
        [0.05574771, -0.05574771, 0.05883161]
    ],
    "relaxed_lattice": [
        [-2.29227954, -2.29227954, -4.66708702],
        [-2.29227954, -2.29227954, 4.66708702],
        [-4.57745892, 4.57745892, 0.0]
    ]
}