{
    "atom_type": [
        "N",
        "Zr"
    ],
    "atoms_per_type": [
        5,
        8
    ],
    "coord_mode": "direct",
    "relaxed_basis": [
        [0.5, 0.37358092, 0.62509053],
        [0.0, 0.625, 0.875],
        [0.5, 0.87641908, 0.12490947],
        [0.5, 0.125, 0.875],
        [0.0, 0.125, 0.375],
        [0.0, 0.99215214, 0.99813929],
        [0.5, 0.01194753, 0.49595584],
        [0.5, 0.23805247, 0.25404416],
        [0.0, 0.25784786, 0.75186071],
        [0.0, 0.4889351, 0.50355116],
        [0.5, 0.50534385, 0.99576911],
        [0.5, 0.74465615, 0.75423089],
        [0.0, 0.7610649, 0.24644884]
    ],
    "relaxed_energy": -127.8906751,
    "relaxed_forces": [
        [-0.07142198, 0.04163527, 0.07142198],
        [-0.0, -0.0, -0.0],
        [0.07142198, -0.04163527, -0.07142198],
        [-0.0, -0.0, 0.0],
        [-0.0, -0.0, -0.0],
        [0.05169185, 0.07168366, -0.05169185],
        [-0.00604335, -0.05848523, 0.00604335],
        [0.00604335, 0.05848523, -0.00604335],
        [-0.05169185, -0.07168366, 0.05169185],
        [-0.08604867, 0.13894487, 0.08604867],
        [0.01032342, -0.02537505, -0.01032342],
        [-0.01032342, 0.02537505, 0.01032342],
        [0.08604867, -0.13894487, -0.08604867]
    ],
    "relaxed_lattice": [
        [2.31781437, 0.0, 2.31781437],
        [2.28922217, 4.56609094, -2.28922217],
        [-6.91538948, 4.61374128, 6.91538948]
    ]
}