{
    "atom_type": [
        "N",
        "Zr"
    ],
    "atoms_per_type": [
        6,
        7
    ],
    "coord_mode": "direct",
    "relaxed_basis": [
        [0.92746701, 0.85493413, 0.21341387],
        [0.64337998, 0.28676006, 0.0698102],
        [0.35801998, 0.71603987, 0.92890044],
        [0.07055152, 0.14110293, 0.78538526],
        [0.78519142, 0.57038284, 0.6444755],
        [0.50110439, 0.00220877, 0.50087183],
        [0.00073351, 0.00146702, 0.00431678],
        [0.7142857, 0.4285714, 0.8571429],
        [0.42783789, 0.85567588, 0.70996892],
        [0.14254358, 0.28508726, 0.57259635],
        [0.86501239, 0.73002468, 0.43149516],
        [0.56355911, 0.12711812, 0.28279054],
        [0.28602782, 0.57205564, 0.14168935]
    ],
    "relaxed_energy": -131.16891979,
    "relaxed_forces": [
        [-0.0951328, -0.0951328, 0.0229808],
        [-0.02332825, -0.02332825, -0.02288542],
        [0.00293833, 0.00293833, 0.0036771],
        [-0.00293833, -0.00293833, -0.0036771],
        [0.02332825, 0.02332825, 0.02288542],
        [0.0951328, 0.0951328, -0.0229808],
        [-0.00947566, -0.00947566, 0.03377161],
        [-0.0, 0.0, 0.0],
        [0.00947566, 0.00947566, -0.03377161],
        [0.04108899, 0.04108899, -0.04407393],
        [0.10504448, 0.10504448, -0.00212475],
        [-0.10504448, -0.10504448, 0.00212475],
        [-0.04108899, -0.04108899, 0.04407393]
    ],
    "relaxed_lattice": [
        [2.30358355, -2.30358355, 0.0],
        [2.30639088, 4.60997442, -2.28096998],
        [2.32664885, 2.32664885, 9.1875006]
    ]
}