{
    "atom_type": [
        "N",
        "Zr"
    ],
    "atoms_per_type": [
        4,
        8
    ],
    "coord_mode": "direct",
    "relaxed_basis": [
        [0.25, 0.25, 0.74845981],
        [0.25, 0.75, 0.5],
        [0.75, 0.25, 0.5],
        [0.25, 0.25, 0.25154019],
        [0.00494626, 0.00494626, 0.0],
        [0.49505374, 0.49505374, 0.0],
        [0.49777228, 0.00222772, 0.74203705],
        [0.00222772, 0.49777228, 0.74203705],
        [0.01267648, 0.01267648, 0.5],
        [0.48732352, 0.48732352, 0.5],
        [0.49777228, 0.00222772, 0.25796295],
        [0.00222772, 0.49777228, 0.25796295]
    ],
    "relaxed_energy": -115.80414022,
    "relaxed_forces": [
        [0.00212861, -0.00212861, -0.0],
        [0.0, -0.0, -0.0],
        [0.0, -0.0, -0.0],
        [-0.00212861, 0.00212861, -0.0],
        [-0.04605674, -0.04605674, -0.0],
        [0.04605674, 0.04605674, -0.0],
        [0.02796524, -0.02796524, -0.07192487],
        [0.02796524, -0.02796524, 0.07192487],
        [0.01049803, 0.01049803, -0.0],
        [-0.01049803, -0.01049803, -0.0],
        [-0.02796524, 0.02796524, -0.07192487],
        [-0.02796524, 0.02796524, 0.07192487]
    ],
    "relaxed_lattice": [
        [-2.29966064, -2.29966064, -4.61327849],
        [-2.29966064, -2.29966064, 4.61327849],
        [-4.5941569, 4.5941569, 0.0]
    ]
}