{
    "atom_type": [
        "N",
        "Zr"
    ],
    "atoms_per_type": [
        2,
        8
    ],
    "coord_mode": "direct",
    "relaxed_basis": [
        [0.5, 0.0, 0.62442606],
        [0.5, 0.0, 0.87557394],
        [0.0, 0.0, 0.99525244],
        [0.5, 0.5, 0.13032589],
        [0.0, 0.0, 0.25],
        [0.5, 0.5, 0.36967411],
        [0.0, 0.0, 0.50474756],
        [0.5, 0.5, 0.62348885],
        [0.0, 0.0, 0.75],
        [0.5, 0.5, 0.87651115]
    ],
    "relaxed_energy": -91.82249322,
    "relaxed_forces": [
        [0.0002849, 0.0, -0.0002849],
        [-0.0002849, 0.0, 0.0002849],
        [0.02379226, 0.0, -0.02379226],
        [-0.04271042, 0.0, 0.04271042],
        [-0.0, 0.0, 0.0],
        [0.04271042, 0.0, -0.04271042],
        [-0.02379226, 0.0, 0.02379226],
        [-0.02320635, 0.0, 0.02320635],
        [-0.0, 0.0, 0.0],
        [0.02320635, 0.0, -0.02320635]
    ],
    "relaxed_lattice": [
        [2.29492904, 0.0, 2.29492904],
        [0.0, 4.57925002, 0.0],
        [-9.12680438, 0.0, 9.12680438]
    ]
}