{
    "atom_type": [
        "N",
        "Zr"
    ],
    "atoms_per_type": [
        1,
        8
    ],
    "coord_mode": "direct",
    "relaxed_basis": [
        [0.5, 0.5, 0.75],
        [0.0, 0.0, 0.00042619],
        [0.5, 0.5, 0.12479282],
        [0.0, 0.0, 0.25],
        [0.5, 0.5, 0.37520718],
        [0.0, 0.0, 0.49957381],
        [0.5, 0.5, 0.62348631],
        [0.0, 0.0, 0.75],
        [0.5, 0.5, 0.87651369]
    ],
    "relaxed_energy": -79.76569607,
    "relaxed_forces": [
        [-0.0, -0.0, 0.0],
        [-0.0, 0.0, -0.04846564],
        [0.0, 0.0, -0.0259283],
        [-0.0, 0.0, 0.0],
        [-0.0, -0.0, 0.0259283],
        [-0.0, 0.0, 0.04846564],
        [0.0, -0.0, -0.02374336],
        [-0.0, 0.0, 0.0],
        [0.0, -0.0, 0.02374336]
    ],
    "relaxed_lattice": [
        [2.29415543, 2.29415543, 0.0],
        [2.29415543, -2.29415543, 0.0],
        [0.0, 0.0, -17.99403562]
    ]
}