{
    "atom_type": [
        "N",
        "Zr"
    ],
    "atoms_per_type": [
        2,
        4
    ],
    "coord_mode": "direct",
    "relaxed_basis": [
        [0.62628759, 0.25257518, 0.87417967],
        [0.37371241, 0.74742482, 0.12582033],
        [0.0, 0.0, 0.0],
        [0.75769101, 0.51538203, 0.23627482],
        [0.5, 0.0, 0.5],
        [0.24230899, 0.48461797, 0.76372518]
    ],
    "relaxed_energy": -57.95400587,
    "relaxed_forces": [
        [0.08113808, -0.08113808, -0.0669715],
        [-0.08113808, 0.08113808, 0.0669715],
        [0.0, -0.0, -0.0],
        [-0.04064294, 0.04064294, 0.21733791],
        [0.0, -0.0, 0.0],
        [0.04064294, -0.04064294, -0.21733791]
    ],
    "relaxed_lattice": [
        [2.34542847, 2.34542847, -0.0],
        [-4.65294323, 2.30751477, 2.27752168],
        [2.29879697, -2.29879697, 4.49031696]
    ]
}