{
    "atom_type": [
        "N",
        "Zr"
    ],
    "atoms_per_type": [
        3,
        8
    ],
    "coord_mode": "direct",
    "relaxed_basis": [
        [0.99959767, 0.2488911, 0.75191356],
        [0.75099983, 0.37389004, 0.1241103],
        [0.99818202, 0.75292768, 0.25070828],
        [0.98718122, 0.02115048, 0.00448709],
        [0.23326658, 0.40040854, 0.1330583],
        [0.51097184, 0.72969611, 0.24836022],
        [0.76390223, 0.10885512, 0.36334043],
        [0.99603093, 0.50291359, 0.50502455],
        [0.23760177, 0.89283634, 0.63196012],
        [0.50786495, 0.24390621, 0.7403639],
        [0.76440098, 0.59952479, 0.87167324]
    ],
    "relaxed_energy": -104.23855692,
    "relaxed_forces": [
        [-0.0, -0.01505808, 0.02770285],
        [0.0, 0.02385771, 0.00103789],
        [-0.0, -0.02353628, -0.01530489],
        [0.0, 0.08901003, -0.02938786],
        [-0.0, -0.03330508, -0.00953466],
        [-0.0, -0.05595974, 0.00089747],
        [0.0, 0.01971829, 0.01254733],
        [-0.0, -0.02633724, 0.01381344],
        [0.0, 0.0542113, 0.01940787],
        [0.0, 0.00196487, -0.01366037],
        [-0.0, -0.03456579, -0.00751906]
    ],
    "relaxed_lattice": [
        [4.53982885, 0.0, 0.0],
        [2.26991443, 4.73276299, -2.2833078],
        [2.26991443, 4.74067079, 6.86514811]
    ]
}