{
    "atom_type": [
        "N",
        "Zr"
    ],
    "atoms_per_type": [
        4,
        8
    ],
    "coord_mode": "direct",
    "relaxed_basis": [
        [0.25330167, 0.12558898, 0.62607283],
        [0.75330167, 0.87607283, 0.87558898],
        [0.74669833, 0.37392717, 0.87441102],
        [0.24669833, 0.12441102, 0.12392717],
        [0.0, 0.0110729, 0.9889271],
        [0.98432546, 0.49456597, 0.00073556],
        [0.48432546, 0.25073556, 0.24456597],
        [0.5, 0.75974032, 0.24025968],
        [0.0, 0.49025968, 0.50974032],
        [0.01567454, 0.99926444, 0.50543403],
        [0.51567454, 0.75543403, 0.74926444],
        [0.5, 0.2389271, 0.7610729]
    ],
    "relaxed_energy": -115.81123729,
    "relaxed_forces": [
        [-0.00055575, 0.01496084, -0.00766322],
        [-0.00055575, -0.00766322, 0.01496084],
        [0.00055575, 0.00766322, -0.01496084],
        [0.00055575, -0.01496084, 0.00766322],
        [0.0, -0.050177, 0.050177],
        [-0.0653384, 0.01109255, 0.03887674],
        [-0.0653384, 0.03887674, 0.01109255],
        [0.0, 0.01703803, -0.01703803],
        [0.0, -0.01703803, 0.01703803],
        [0.0653384, -0.03887674, -0.01109255],
        [0.0653384, -0.01109255, -0.03887674],
        [0.0, 0.050177, -0.050177]
    ],
    "relaxed_lattice": [
        [4.67839377, -2.29291056, -2.29291056],
        [4.68781307, 4.58617958, 0.0180606],
        [4.68781307, 0.0180606, 4.58617958]
    ]
}