{
    "atom_type": [
        "N",
        "Zr"
    ],
    "atoms_per_type": [
        5,
        8
    ],
    "coord_mode": "direct",
    "relaxed_basis": [
        [0.3124916, 0.43756404, 0.62498319],
        [0.56264219, 0.19039231, 0.12528437],
        [0.68789718, 0.56875745, 0.37579436],
        [0.81181441, 0.93682197, 0.62362882],
        [0.93708749, 0.30789359, 0.87417497],
        [0.00488485, 0.01458923, 0.0097697],
        [0.1255788, 0.3744401, 0.2511576],
        [0.25013265, 0.74309779, 0.50026531],
        [0.37435844, 0.12819505, 0.74871687],
        [0.49647008, 0.48599723, 0.99294016],
        [0.62431112, 0.87380039, 0.24862225],
        [0.75304191, 0.26031797, 0.50608383],
        [0.87178929, 0.61563289, 0.74357857]
    ],
    "relaxed_energy": -127.96782383,
    "relaxed_forces": [
        [-0.00973328, -0.00756316, -0.00973328],
        [0.05262919, 0.09142146, 0.05262919],
        [0.01182714, -0.00526611, 0.01182714],
        [-0.00485687, -0.01163416, -0.00485687],
        [-0.03881597, -0.06185304, -0.03881597],
        [0.00696023, -0.0630935, 0.00696023],
        [-0.03580495, 0.03810077, -0.03580495],
        [0.01690862, 0.04432219, 0.01690862],
        [0.00921445, -0.06110948, 0.00921445],
        [0.0011534, 0.01308885, 0.0011534],
        [0.04550665, 0.03314119, 0.04550665],
        [0.02432588, 0.03120869, 0.02432588],
        [-0.07931449, -0.0407637, -0.07931449]
    ],
    "relaxed_lattice": [
        [2.33032921, 0.0, -2.33032921],
        [2.29919559, 4.53089801, 2.29919559],
        [4.63246836, -6.84563193, 6.96279757]
    ]
}