{
    "atom_type": [
        "N",
        "Zr"
    ],
    "atoms_per_type": [
        5,
        8
    ],
    "coord_mode": "direct",
    "relaxed_basis": [
        [0.5, 0.0, 0.4991892],
        [0.0, 0.5, 0.4991892],
        [0.0, 0.0, 0.75],
        [0.5, 0.0, 0.0008108],
        [0.0, 0.5, 0.0008108],
        [0.0, 0.0, 0.99285535],
        [0.5, 0.5, 0.0067467],
        [0.0, 0.5, 0.25],
        [0.5, 0.0, 0.25],
        [0.0, 0.0, 0.50714465],
        [0.5, 0.5, 0.4932533],
        [0.0, 0.5, 0.75],
        [0.5, 0.0, 0.75]
    ],
    "relaxed_energy": -127.44233102,
    "relaxed_forces": [
        [0.0, 0.0, -0.00172765],
        [-0.0, 0.0, -0.00172765],
        [-0.0, 0.0, 0.0],
        [-0.0, 0.0, 0.00172765],
        [-0.0, -0.0, 0.00172765],
        [-0.0, 0.0, -0.01436869],
        [-0.0, 0.0, 0.0586009],
        [-0.0, -0.0, 0.0],
        [-0.0, 0.0, 0.0],
        [0.0, 0.0, 0.01436869],
        [-0.0, -0.0, -0.0586009],
        [0.0, 0.0, 0.0],
        [-0.0, 0.0, 0.0]
    ],
    "relaxed_lattice": [
        [4.59940245, 0.0, 0.0],
        [0.0, 4.59940245, 0.0],
        [0.0, 0.0, 9.15735731]
    ]
}