{
    "atom_type": [
        "N",
        "Zr"
    ],
    "atoms_per_type": [
        6,
        8
    ],
    "coord_mode": "direct",
    "relaxed_basis": [
        [0.4375, 0.9375, 0.1875],
        [0.68851369, 0.18526513, 0.43770748],
        [0.31247878, 0.81219988, 0.56284256],
        [0.9375, 0.4375, 0.6875],
        [0.56252122, 0.06280012, 0.81215744],
        [0.18648631, 0.68973487, 0.93729252],
        [0.00463936, 0.99047978, 0.0002415],
        [0.6249349, 0.63036365, 0.11976655],
        [0.2500651, 0.24463635, 0.25523345],
        [0.87036064, 0.88452022, 0.3747585],
        [0.49842316, 0.4972997, 0.50585398],
        [0.12536074, 0.1263718, 0.62290672],
        [0.74963926, 0.7486282, 0.75209328],
        [0.37657684, 0.3777003, 0.86914602]
    ],
    "relaxed_energy": -139.5777607,
    "relaxed_forces": [
        [-0.0, -0.0, -0.0],
        [-0.02402037, 0.0598288, 0.02402037],
        [0.01708778, 0.00324164, -0.01708778],
        [-0.0, -0.0, -0.0],
        [-0.01708778, -0.00324164, 0.01708778],
        [0.02402037, -0.0598288, -0.02402037],
        [0.03423283, -0.03915696, -0.03423283],
        [0.01881545, 0.00835738, -0.01881545],
        [-0.01881545, -0.00835738, 0.01881545],
        [-0.03423283, 0.03915696, 0.03423283],
        [-0.0510485, 0.04822174, 0.0510485],
        [-0.03175375, -0.04264138, 0.03175375],
        [0.03175375, 0.04264138, -0.03175375],
        [0.0510485, -0.04822174, -0.0510485]
    ],
    "relaxed_lattice": [
        [2.30609338, 0.0, 2.30609338],
        [2.29089256, 6.89696809, 0.01520083],
        [-4.60239838, 2.32109136, 6.90849177]
    ]
}