{
    "atom_type": [
        "N",
        "Zr"
    ],
    "atoms_per_type": [
        6,
        8
    ],
    "coord_mode": "direct",
    "relaxed_basis": [
        [0.0, 0.0, 0.24685352],
        [0.0, 0.5, 0.50314648],
        [0.5, 0.5, 0.75119233],
        [0.0, 0.0, 0.75206967],
        [0.5, 0.0, 0.99880767],
        [0.0, 0.5, 0.99793033],
        [0.0, 0.0, 0.00671113],
        [0.5, 0.5, 0.99237049],
        [0.0, 0.5, 0.25771304],
        [0.5, 0.0, 0.24513226],
        [0.0, 0.0, 0.49228696],
        [0.5, 0.5, 0.50486774],
        [0.0, 0.5, 0.74328887],
        [0.5, 0.0, 0.75762951]
    ],
    "relaxed_energy": -139.63134474,
    "relaxed_forces": [
        [0.0, 0.0, -0.01355337],
        [0.0, 0.0, 0.01355337],
        [0.0, 0.0, -0.0270011],
        [0.0, 0.0, 0.06697476],
        [0.0, 0.0, 0.0270011],
        [0.0, 0.0, -0.06697476],
        [0.0, 0.0, 0.06044732],
        [0.0, 0.0, -0.08720255],
        [0.0, 0.0, 0.04296199],
        [0.0, 0.0, -0.07805866],
        [0.0, 0.0, -0.04296199],
        [0.0, 0.0, 0.07805866],
        [0.0, 0.0, -0.06044732],
        [0.0, 0.0, 0.08720255]
    ],
    "relaxed_lattice": [
        [4.60741794, 0.0, 0.0],
        [0.0, 4.58206813, 0.0],
        [0.0, 0.0, 9.22739988]
    ]
}