{
    "atom_type": [
        "N",
        "Zr"
    ],
    "atoms_per_type": [
        4,
        7
    ],
    "coord_mode": "direct",
    "relaxed_basis": [
        [0.64280008, 0.7858255, 0.06890132],
        [0.78318702, 0.07137158, 0.6429683],
        [0.3572541, 0.21175842, 0.92851438],
        [0.92903989, 0.35761139, 0.21475419],
        [0.99538574, 0.01362344, 0.9923787],
        [0.58505204, 0.1352358, 0.28110004],
        [0.13001734, 0.28352815, 0.57399305],
        [0.7066644, 0.42395714, 0.87076634],
        [0.28827875, 0.55858884, 0.14067095],
        [0.85495675, 0.71685015, 0.41573164],
        [0.4416496, 0.8702211, 0.7273639]
    ],
    "relaxed_energy": -107.59683741,
    "relaxed_forces": [
        [0.00882205, -0.05716378, 0.0088919],
        [-0.05716378, 0.0088919, 0.00882205],
        [0.0088919, 0.00882205, -0.05716378],
        [0.0239369, 0.0239369, 0.0239369],
        [-0.02180744, 0.02375824, 0.01538832],
        [0.01538832, -0.02180744, 0.02375824],
        [-0.05844684, 0.01263681, -0.01016965],
        [0.02375824, 0.01538832, -0.02180744],
        [0.01263681, -0.01016965, -0.05844684],
        [-0.01016965, -0.05844684, 0.01263681],
        [0.05415349, 0.05415349, 0.05415349]
    ],
    "relaxed_lattice": [
        [2.31702732, -4.61272236, -2.3028058],
        [-4.61272236, -2.3028058, 2.31702732],
        [-2.3028058, 2.31702732, -4.61272236]
    ]
}