{
    "atom_type": [
        "N",
        "Zr"
    ],
    "atoms_per_type": [
        3,
        8
    ],
    "coord_mode": "direct",
    "relaxed_basis": [
        [0.5, 0.99727218, 0.0],
        [0.0, 0.24982239, 0.74913992],
        [0.0, 0.24982239, 0.25086008],
        [0.0, 0.01414489, 0.0],
        [0.0, 0.00826951, 0.5],
        [0.5, 0.24425657, 0.24289569],
        [0.5, 0.24425657, 0.75710431],
        [0.0, 0.49286113, 0.5],
        [0.0, 0.49175499, 0.0],
        [0.5, 0.75376969, 0.75175519],
        [0.5, 0.75376969, 0.24824481]
    ],
    "relaxed_energy": -103.62349494,
    "relaxed_forces": [
        [0.0, -0.05766664, -0.05766664],
        [-0.0, 0.02472645, 0.03083389],
        [0.0, 0.03083389, 0.02472645],
        [0.0, 0.03705102, 0.03705102],
        [0.0, -0.02099763, -0.02099763],
        [0.0, -0.03472114, -0.00837776],
        [0.0, -0.00837776, -0.03472114],
        [0.0, -0.00322738, -0.00322738],
        [0.0, 0.01471447, 0.01471447],
        [0.0, -0.0192308, 0.03689551],
        [0.0, 0.03689551, -0.0192308]
    ],
    "relaxed_lattice": [
        [-4.5970291, 0.0, 0.0],
        [0.0, 4.58162906, 4.58162906],
        [0.0, 4.59962043, -4.59962043]
    ]
}