{
    "atom_type": [
        "N",
        "Zr"
    ],
    "atoms_per_type": [
        4,
        6
    ],
    "coord_mode": "direct",
    "relaxed_basis": [
        [0.75036769, 0.75160277, 0.50073538],
        [0.58339402, 0.91480101, 0.16678814],
        [0.41660598, 0.08519899, 0.83321186],
        [0.24963231, 0.24839723, 0.49926462],
        [0.0, 0.0, 0.0],
        [0.83260664, 0.15581527, 0.66521339],
        [0.67055144, 0.32995546, 0.34110277],
        [0.5, 0.5, 0.0],
        [0.32944856, 0.67004454, 0.65889723],
        [0.16739336, 0.84418473, 0.33478661]
    ],
    "relaxed_energy": -98.9189056,
    "relaxed_forces": [
        [0.06141344, -0.03728275, -0.06141344],
        [-0.01039099, -0.02134244, 0.01039099],
        [0.01039099, 0.02134244, -0.01039099],
        [-0.06141344, 0.03728275, 0.06141344],
        [0.0, -0.0, 0.0],
        [-0.03374487, 0.0022979, 0.03374487],
        [-0.02908611, 0.03465305, 0.02908611],
        [-0.0, -0.0, -0.0],
        [0.02908611, -0.03465305, -0.02908611],
        [0.03374487, -0.0022979, -0.03374487]
    ],
    "relaxed_lattice": [
        [2.31120768, 0.0, 2.31120768],
        [2.30017917, 4.56069759, -2.30017917],
        [-6.92913927, 2.3033978, 4.61793159]
    ]
}