{
    "atom_type": [
        "N",
        "Zr"
    ],
    "atoms_per_type": [
        5,
        8
    ],
    "coord_mode": "direct",
    "relaxed_basis": [
        [0.74929396, 0.12440391, 0.68683846],
        [0.75070604, 0.62559609, 0.93816154],
        [0.74865266, 0.12247253, 0.18788076],
        [0.25, 0.875, 0.3125],
        [0.75134734, 0.62752747, 0.43711924],
        [0.98979318, 0.99340929, 0.00230536],
        [0.50835371, 0.75415526, 0.13321417],
        [0.99134565, 0.5099896, 0.24684729],
        [0.50865435, 0.2400104, 0.37815271],
        [0.99164629, 0.99584474, 0.49178583],
        [0.51020682, 0.75659071, 0.62269464],
        [0.98414699, 0.49216577, 0.74628279],
        [0.51585301, 0.25783423, 0.87871721]
    ],
    "relaxed_energy": -128.10245779,
    "relaxed_forces": [
        [0.08045514, -0.01834659, -0.08526562],
        [-0.08045514, 0.01834659, 0.08526562],
        [-0.00560865, 0.02240344, -0.00058029],
        [-0.0, -0.0, -0.0],
        [0.00560865, -0.02240344, 0.00058029],
        [-0.00475568, -0.0543754, -0.02785623],
        [-0.05840825, -0.04160985, 0.07099115],
        [0.03012637, 0.06551648, -0.02868542],
        [-0.03012637, -0.06551648, 0.02868542],
        [0.05840825, 0.04160985, -0.07099115],
        [0.00475568, 0.0543754, 0.02785623],
        [0.01222165, -0.09207257, -0.06129286],
        [-0.01222165, 0.09207257, 0.06129286]
    ],
    "relaxed_lattice": [
        [2.2926194, 2.30074177, -4.59141667],
        [-2.29624552, 4.61781053, 2.30203425],
        [4.60536142, 0.00620151, 4.60456494]
    ]
}