{
    "atom_type": [
        "N",
        "Zr"
    ],
    "atoms_per_type": [
        6,
        8
    ],
    "coord_mode": "direct",
    "relaxed_basis": [
        [0.74894957, 0.8748621, 0.37408734],
        [0.25105043, 0.1251379, 0.62591266],
        [0.74570572, 0.87657381, 0.87657381],
        [0.74894957, 0.37408734, 0.8748621],
        [0.25429428, 0.12342619, 0.12342619],
        [0.25105043, 0.62591266, 0.1251379],
        [0.0, 0.0, 0.0],
        [0.0, 0.5, 0.0],
        [0.48813911, 0.2491757, 0.2491757],
        [0.5, 0.76139869, 0.23860131],
        [0.0, 0.5, 0.5],
        [0.0, 0.0, 0.5],
        [0.51186089, 0.7508243, 0.7508243],
        [0.5, 0.23860131, 0.76139869]
    ],
    "relaxed_energy": -139.56606026,
    "relaxed_forces": [
        [-0.01417846, 0.00044445, -0.0005186],
        [0.01417846, -0.00044445, 0.0005186],
        [-0.00188637, 0.01691568, 0.01691568],
        [-0.01417846, -0.0005186, 0.00044445],
        [0.00188637, -0.01691568, -0.01691568],
        [0.01417846, 0.0005186, -0.00044445],
        [-0.0, 0.0, 0.0],
        [-0.0, 0.0, 0.0],
        [-0.02678476, 0.01563485, 0.01563485],
        [0.0, 0.10768099, -0.10768099],
        [-0.0, 0.0, 0.0],
        [0.0, 0.0, 0.0],
        [0.02678476, -0.01563485, -0.01563485],
        [0.0, -0.10768099, 0.10768099]
    ],
    "relaxed_lattice": [
        [4.59524841, -2.31243621, -2.31243621],
        [4.58624651, 4.60612321, 0.00057733],
        [4.58624651, 0.00057733, 4.60612321]
    ]
}