{
    "atom_type": [
        "N",
        "Zr"
    ],
    "atoms_per_type": [
        4,
        8
    ],
    "coord_mode": "direct",
    "relaxed_basis": [
        [0.5, 0.25157154, 0.5],
        [0.0, 0.5, 0.74684768],
        [0.0, 0.5, 0.25315232],
        [0.5, 0.74842846, 0.5],
        [0.0, 0.0, 0.0],
        [0.0, 0.0, 0.5],
        [0.5, 0.25875537, 0.75023737],
        [0.5, 0.25875537, 0.24976263],
        [0.0, 0.5, 0.5],
        [0.0, 0.5, 0.0],
        [0.5, 0.74124463, 0.24976263],
        [0.5, 0.74124463, 0.75023737]
    ],
    "relaxed_energy": -115.72672439,
    "relaxed_forces": [
        [0.01081437, -0.01081437, -0.0],
        [-0.0, 0.0, -0.02947931],
        [-0.0, -0.0, 0.02947931],
        [-0.01081437, 0.01081437, -0.0],
        [-0.0, 0.0, -0.0],
        [-0.0, -0.0, -0.0],
        [-0.00637022, 0.00637022, -0.0250421],
        [-0.00637022, 0.00637022, 0.0250421],
        [-0.0, 0.0, -0.0],
        [-0.0, 0.0, -0.0],
        [0.00637022, -0.00637022, 0.0250421],
        [0.00637022, -0.00637022, -0.0250421]
    ],
    "relaxed_lattice": [
        [2.30071711, 2.30071711, 0.0],
        [-4.58076252, 4.58076252, 0.0],
        [0.0, 0.0, 9.18857189]
    ]
}