{
    "atom_type": [
        "N",
        "Zr"
    ],
    "atoms_per_type": [
        3,
        8
    ],
    "coord_mode": "direct",
    "relaxed_basis": [
        [0.0, 0.62364291, 0.74728583],
        [0.0, 0.875, 0.25],
        [0.0, 0.12635709, 0.75271417],
        [0.0, 0.99179417, 0.99590336],
        [0.5, 0.12820297, 0.75640593],
        [0.0, 0.24589081, 0.50409664],
        [0.5, 0.375, 0.25],
        [0.0, 0.50410919, 0.99590336],
        [0.5, 0.62179703, 0.74359407],
        [0.0, 0.75820583, 0.50409664],
        [0.5, 0.875, 0.25]
    ],
    "relaxed_energy": -103.88553798,
    "relaxed_forces": [
        [-0.0, -0.03691011, -0.03691011],
        [-0.0, -0.0, -0.0],
        [0.0, 0.03691011, 0.03691011],
        [-0.0, -0.02967453, 0.03391111],
        [-0.0, 0.07210714, 0.07210714],
        [-0.0, -0.03391111, 0.02967453],
        [-0.0, -0.0, -0.0],
        [-0.0, 0.03391111, -0.02967453],
        [-0.0, -0.07210714, -0.07210714],
        [0.0, 0.02967453, -0.03391111],
        [-0.0, -0.0, -0.0]
    ],
    "relaxed_lattice": [
        [4.55520096, 0.0, 0.0],
        [0.0, 4.58511382, -4.58511382],
        [0.0, 2.29549518, 6.880609]
    ]
}