{
    "atom_type": [
        "N",
        "Zr"
    ],
    "atoms_per_type": [
        7,
        8
    ],
    "coord_mode": "direct",
    "relaxed_basis": [
        [0.75067108, 0.25067108, 0.50134216],
        [0.87484949, 0.87484949, 0.74969899],
        [0.99932892, 0.49932892, 0.99865784],
        [0.125, 0.125, 0.25],
        [0.25067108, 0.75067108, 0.50134216],
        [0.37515051, 0.37515051, 0.75030101],
        [0.49932892, 0.99932892, 0.99865784],
        [0.0028859, 0.0028859, 0.0057718],
        [0.125, 0.625, 0.25],
        [0.2471141, 0.2471141, 0.4942282],
        [0.375, 0.875, 0.75],
        [0.49813754, 0.49813754, 0.99627509],
        [0.625, 0.125, 0.25],
        [0.75186246, 0.75186246, 0.50372491],
        [0.875, 0.375, 0.75]
    ],
    "relaxed_energy": -151.28817311,
    "relaxed_forces": [
        [-0.0, -0.0, 0.04886371],
        [-0.0, -0.0, 0.0701807],
        [0.0, 0.0, -0.04886371],
        [0.0, 0.0, 0.0],
        [-0.0, -0.0, 0.04886371],
        [0.0, 0.0, -0.0701807],
        [0.0, 0.0, -0.04886371],
        [-0.0, -0.0, 0.06956467],
        [0.0, 0.0, 0.0],
        [0.0, 0.0, -0.06956467],
        [-0.0, 0.0, 0.0],
        [0.0, 0.0, -0.04290959],
        [0.0, 0.0, 0.0],
        [-0.0, -0.0, 0.04290959],
        [0.0, -0.0, 0.0]
    ],
    "relaxed_lattice": [
        [4.5979225, 0.0, -0.0],
        [0.0, 4.5979225, -0.0],
        [-2.29896125, -2.29896125, 9.18992002]
    ]
}