{
    "atom_type": [
        "N",
        "Zr"
    ],
    "atoms_per_type": [
        4,
        8
    ],
    "coord_mode": "direct",
    "relaxed_basis": [
        [0.87711571, 0.75423143, 0.8124241],
        [0.12257809, 0.24515618, 0.6900252],
        [0.62742191, 0.25484382, 0.4349748],
        [0.87288429, 0.74576857, 0.3125759],
        [0.00410822, 0.00821645, 0.00486062],
        [0.25987566, 0.51975131, 0.8721],
        [0.49681584, 0.99363168, 0.74889774],
        [0.73898815, 0.47797631, 0.63169373],
        [0.01101185, 0.02202369, 0.49330627],
        [0.25318416, 0.50636832, 0.37610226],
        [0.49012434, 0.98024869, 0.2529],
        [0.74589178, 0.49178355, 0.12013938]
    ],
    "relaxed_energy": -115.88993904,
    "relaxed_forces": [
        [-0.02226347, 0.02226347, 0.0365938],
        [-0.03037551, 0.03037551, 0.03968989],
        [0.03037551, -0.03037551, -0.03968989],
        [0.02226347, -0.02226347, -0.0365938],
        [0.01277496, -0.01277496, 0.04052299],
        [-0.0245686, 0.0245686, 0.07235582],
        [-0.01744785, 0.01744785, 0.03022482],
        [-0.02418217, 0.02418217, 0.02905122],
        [0.02418217, -0.02418217, -0.02905122],
        [0.01744785, -0.01744785, -0.03022482],
        [0.0245686, -0.0245686, -0.07235582],
        [-0.01277496, 0.01277496, -0.04052299]
    ],
    "relaxed_lattice": [
        [2.32083984, 2.32083984, -0.0],
        [-4.66017028, 2.33933045, 2.23743531],
        [4.68243334, -4.68243334, 8.99644387]
    ]
}