{
    "atom_type": [
        "N",
        "Zr"
    ],
    "atoms_per_type": [
        1,
        7
    ],
    "coord_mode": "direct",
    "relaxed_basis": [
        [0.0, 0.5, 0.0],
        [0.0, 0.0, 0.0],
        [0.14608066, 0.14608066, 0.29216143],
        [0.28655089, 0.28655089, 0.57310179],
        [0.43088728, 0.43088728, 0.86177466],
        [0.56911272, 0.56911272, 0.13822534],
        [0.71344911, 0.71344911, 0.42689821],
        [0.85391934, 0.85391934, 0.70783857]
    ],
    "relaxed_energy": -71.40674174,
    "relaxed_forces": [
        [-0.0, 0.0, -0.0],
        [-0.0, 0.0, -0.0],
        [0.06164987, -0.0, 0.06164987],
        [0.02418393, -0.0, 0.02418393],
        [0.05262749, -0.0, 0.05262749],
        [-0.05262749, 0.0, -0.05262749],
        [-0.02418393, 0.0, -0.02418393],
        [-0.06164987, 0.0, -0.06164987]
    ],
    "relaxed_lattice": [
        [2.29076043, 0.0, -2.29076043],
        [0.0, 4.58352662, 0.0],
        [6.79908308, -2.29176331, 9.08984351]
    ]
}