{
    "atom_type": [
        "N",
        "Zr"
    ],
    "atoms_per_type": [
        7,
        8
    ],
    "coord_mode": "direct",
    "relaxed_basis": [
        [0.50093098, 0.49746875, 0.50066929],
        [0.74965598, 0.8743785, 0.62630953],
        [0.99862115, 0.25053051, 0.75222719],
        [0.25, 0.625, 0.875],
        [0.50137885, 0.99946949, 0.99777281],
        [0.75034402, 0.3756215, 0.12369047],
        [0.99906902, 0.75253125, 0.24933071],
        [0.99481786, 0.00310459, 0.00725969],
        [0.25039965, 0.38178885, 0.11741185],
        [0.50940326, 0.73149362, 0.24969985],
        [0.75, 0.125, 0.375],
        [0.99059674, 0.51850638, 0.50030015],
        [0.24960035, 0.86821115, 0.63258815],
        [0.50518214, 0.24689541, 0.74274031],
        [0.75, 0.625, 0.875]
    ],
    "relaxed_energy": -151.46730797,
    "relaxed_forces": [
        [0.0, 0.01388355, 0.00865103],
        [0.0, 0.00717366, -0.03638335],
        [0.0, 0.03730606, 0.01276751],
        [-0.0, 0.0, -0.0],
        [-0.0, -0.03730606, -0.01276751],
        [-0.0, -0.00717366, 0.03638335],
        [-0.0, -0.01388355, -0.00865103],
        [0.0, 0.01349612, 0.0142843],
        [-0.0, -0.02668216, -0.00303974],
        [-0.0, -0.01528154, -0.00994689],
        [-0.0, 0.0, -0.0],
        [0.0, 0.01528154, 0.00994689],
        [0.0, 0.02668216, 0.00303974],
        [-0.0, -0.01349612, -0.0142843],
        [-0.0, 0.0, -0.0]
    ],
    "relaxed_lattice": [
        [4.59589933, 0.0, 0.0],
        [2.29794967, 4.60014053, -2.30069708],
        [2.29794967, 4.60499821, 6.91178522]
    ]
}