{
    "atom_type": [
        "N",
        "Zr"
    ],
    "atoms_per_type": [
        5,
        8
    ],
    "coord_mode": "direct",
    "relaxed_basis": [
        [0.5, 0.62587482, 0.37414109],
        [0.0, 0.62698912, 0.8766139],
        [0.5, 0.875, 0.125],
        [0.5, 0.12412518, 0.87585891],
        [0.0, 0.12301088, 0.3733861],
        [0.0, 0.99202029, 0.99590637],
        [0.5, 0.99810285, 0.49575115],
        [0.5, 0.24504956, 0.25741872],
        [0.0, 0.25087906, 0.75453301],
        [0.0, 0.49912094, 0.49546699],
        [0.5, 0.50495044, 0.99258128],
        [0.5, 0.75189715, 0.75424885],
        [0.0, 0.75797971, 0.25409363]
    ],
    "relaxed_energy": -127.88004128,
    "relaxed_forces": [
        [0.04218836, -0.02055005, -0.04218836],
        [0.03205525, 0.00333666, -0.03205525],
        [0.0, -0.0, -0.0],
        [-0.04218836, 0.02055005, 0.04218836],
        [-0.03205525, -0.00333666, 0.03205525],
        [-0.00129774, 0.03756439, 0.00129774],
        [-0.015551, 0.02168279, 0.015551],
        [-0.00649424, 0.0032585, 0.00649424],
        [-0.02830451, -0.00165948, 0.02830451],
        [0.02830451, 0.00165948, -0.02830451],
        [0.00649424, -0.0032585, -0.00649424],
        [0.015551, -0.02168279, -0.015551],
        [0.00129774, -0.03756439, -0.00129774]
    ],
    "relaxed_lattice": [
        [2.3082938, 0.0, 2.3082938],
        [2.30773012, 4.59694708, -2.30773012],
        [-6.88604466, 4.55986681, 6.88604466]
    ]
}