{
    "atom_type": [
        "N",
        "Zr"
    ],
    "atoms_per_type": [
        4,
        8
    ],
    "coord_mode": "direct",
    "relaxed_basis": [
        [0.4375067, 0.4375067, 0.6874799],
        [0.18736579, 0.18736579, 0.43790263],
        [0.06263421, 0.06263421, 0.81209737],
        [0.8124933, 0.8124933, 0.5625201],
        [0.99960675, 0.99960675, 0.00117974],
        [0.87475647, 0.87475647, 0.37573058],
        [0.74948379, 0.74948379, 0.75154862],
        [0.625, 0.625, 0.125],
        [0.50051621, 0.50051621, 0.49845138],
        [0.37524353, 0.37524353, 0.87426942],
        [0.25039325, 0.25039325, 0.24882026],
        [0.125, 0.125, 0.625]
    ],
    "relaxed_energy": -115.43469517,
    "relaxed_forces": [
        [-0.01323367, -0.01323367, 0.01323367],
        [0.01795605, 0.01795605, -0.01795605],
        [-0.01795605, -0.01795605, 0.01795605],
        [0.01323367, 0.01323367, -0.01323367],
        [-0.08092478, -0.08092478, 0.08092478],
        [-0.00909565, -0.00909565, 0.00909565],
        [-0.00368747, -0.00368747, 0.00368747],
        [0.0, -0.0, -0.0],
        [0.00368747, 0.00368747, -0.00368747],
        [0.00909565, 0.00909565, -0.00909565],
        [0.08092478, 0.08092478, -0.08092478],
        [0.0, -0.0, -0.0]
    ],
    "relaxed_lattice": [
        [2.2928122, 0.0, 2.2928122],
        [0.0, 2.2928122, 2.2928122],
        [-11.46917519, -11.46917519, 13.76198738]
    ]
}