{
    "atom_type": [
        "N",
        "Zr"
    ],
    "atoms_per_type": [
        2,
        8
    ],
    "coord_mode": "direct",
    "relaxed_basis": [
        [0.93772434, 0.93772434, 0.18682697],
        [0.81227566, 0.81227566, 0.56317303],
        [0.00092362, 0.00092362, 0.99722915],
        [0.875, 0.875, 0.375],
        [0.74907638, 0.74907638, 0.75277085],
        [0.62419785, 0.62419785, 0.12740644],
        [0.4991529, 0.4991529, 0.5025413],
        [0.375, 0.375, 0.875],
        [0.2508471, 0.2508471, 0.2474587],
        [0.12580215, 0.12580215, 0.62259356]
    ],
    "relaxed_energy": -91.6927098,
    "relaxed_forces": [
        [0.00177822, 0.00177822, -0.00177822],
        [-0.00177822, -0.00177822, 0.00177822],
        [0.0345027, 0.0345027, -0.0345027],
        [0.0, 0.0, 0.0],
        [-0.0345027, -0.0345027, 0.0345027],
        [0.01489656, 0.01489656, -0.01489656],
        [-0.05172719, -0.05172719, 0.05172719],
        [0.0, 0.0, 0.0],
        [0.05172719, 0.05172719, -0.05172719],
        [-0.01489656, -0.01489656, 0.01489656]
    ],
    "relaxed_lattice": [
        [2.29380475, 0.0, 2.29380475],
        [0.0, 2.29380475, 2.29380475],
        [-11.44591701, -11.44591701, 13.73972176]
    ]
}