{
    "atom_type": [
        "N",
        "Zr"
    ],
    "atoms_per_type": [
        1,
        4
    ],
    "coord_mode": "direct",
    "relaxed_basis": [
        [0.5, 0.0, 0.0],
        [0.0, 0.0, 0.0],
        [0.26220089, 0.76220089, 0.52440177],
        [0.5, 0.5, 0.0],
        [0.73779911, 0.23779911, 0.47559823]
    ],
    "relaxed_energy": -46.12383236,
    "relaxed_forces": [
        [0.0, 0.0, 0.0],
        [0.0, -0.0, 0.0],
        [-0.0, -0.0, 0.0274521],
        [-0.0, -0.0, 0.0],
        [0.0, 0.0, -0.0274521]
    ],
    "relaxed_lattice": [
        [4.53737233, 0.0, -0.0],
        [0.0, 4.53737233, -0.0],
        [-2.26868617, -2.26868617, 4.70466199]
    ]
}