{
    "atom_type": [
        "N",
        "Zr"
    ],
    "atoms_per_type": [
        4,
        8
    ],
    "coord_mode": "direct",
    "relaxed_basis": [
        [0.0, 0.0, 0.125],
        [0.5, 0.5, 0.49879561],
        [0.0, 0.0, 0.625],
        [0.5, 0.5, 0.75120439],
        [0.0, 0.0, 0.9997029],
        [0.5, 0.5, 0.125],
        [0.0, 0.0, 0.2502971],
        [0.5, 0.5, 0.37184219],
        [0.0, 0.0, 0.50175781],
        [0.5, 0.5, 0.625],
        [0.0, 0.0, 0.74824219],
        [0.5, 0.5, 0.87815781]
    ],
    "relaxed_energy": -115.46810955,
    "relaxed_forces": [
        [-0.0, -0.0, 0.0],
        [0.0, 0.0, 0.16367026],
        [-0.0, -0.0, 0.0],
        [-0.0, -0.0, -0.16367026],
        [0.0, 0.0, -0.03091428],
        [0.0, 0.0, 0.0],
        [-0.0, -0.0, 0.03091428],
        [0.0, 0.0, 0.09403297],
        [-0.0, 0.0, -0.03793169],
        [0.0, 0.0, 0.0],
        [-0.0, -0.0, 0.03793169],
        [-0.0, -0.0, -0.09403297]
    ],
    "relaxed_lattice": [
        [2.3039727, 2.3039727, 0.0],
        [2.3039727, -2.3039727, 0.0],
        [0.0, 0.0, -18.19440748]
    ]
}