{
    "atom_type": [
        "N",
        "Zr"
    ],
    "atoms_per_type": [
        7,
        8
    ],
    "coord_mode": "direct",
    "relaxed_basis": [
        [0.75, 0.25, 0.0],
        [0.75, 0.75, 0.74889899],
        [0.25, 0.25, 0.74889899],
        [0.25, 0.75, 0.5],
        [0.75, 0.25, 0.5],
        [0.75, 0.75, 0.25110101],
        [0.25, 0.25, 0.25110101],
        [0.99131563, 0.00868437, 0.0],
        [0.50868437, 0.49131563, 0.0],
        [0.50540236, 0.00540236, 0.74531325],
        [0.99459764, 0.49459764, 0.74531325],
        [0.00214375, 0.99785625, 0.5],
        [0.49785625, 0.50214375, 0.5],
        [0.50540236, 0.00540236, 0.25468675],
        [0.99459764, 0.49459764, 0.25468675]
    ],
    "relaxed_energy": -151.52226181,
    "relaxed_forces": [
        [0.0, 0.0, 0.0],
        [-0.00481138, 0.00481138, 0.0],
        [-0.00481138, 0.00481138, 0.0],
        [0.0, 0.0, 0.0],
        [0.0, 0.0, 0.0],
        [0.00481138, -0.00481138, 0.0],
        [0.00481138, -0.00481138, 0.0],
        [-0.0, 0.0, 0.09219754],
        [0.0, 0.0, -0.09219754],
        [-0.00861154, -0.00288304, 0.0],
        [0.00288304, 0.00861154, 0.0],
        [0.0, 0.0, -0.06601008],
        [-0.0, 0.0, 0.06601008],
        [-0.00288304, -0.00861154, 0.0],
        [0.00861154, 0.00288304, 0.0]
    ],
    "relaxed_lattice": [
        [-2.29641083, -2.29641083, -4.60723426],
        [-2.29641083, -2.29641083, 4.60723426],
        [-4.60837012, 4.60837012, 0.0]
    ]
}