{
    "atom_type": [
        "N",
        "Zr"
    ],
    "atoms_per_type": [
        5,
        8
    ],
    "coord_mode": "direct",
    "relaxed_basis": [
        [0.5, 0.25021536, 0.5],
        [0.0, 0.50010211, 0.74816496],
        [0.0, 0.50010211, 0.25183504],
        [0.5, 0.75026085, 0.5],
        [0.5, 0.75014956, 0.0],
        [0.0, 0.99239626, 0.0],
        [0.0, 3.319e-05, 0.5],
        [0.5, 0.25950944, 0.7472032],
        [0.5, 0.25950944, 0.2527968],
        [0.0, 0.50027269, 0.5],
        [0.0, 0.51089367, 0.0],
        [0.5, 0.73827766, 0.24980335],
        [0.5, 0.73827766, 0.75019665]
    ],
    "relaxed_energy": -127.75087575,
    "relaxed_forces": [
        [0.01450869, -0.01450869, 0.0],
        [0.02115089, -0.02115089, 0.02824411],
        [0.02115089, -0.02115089, -0.02824411],
        [-0.00181278, 0.00181278, 0.0],
        [-0.04935864, 0.04935864, 0.0],
        [0.01856094, -0.01856094, 0.0],
        [-0.00984778, 0.00984778, 0.0],
        [-0.01150194, 0.01150194, -0.02064307],
        [-0.01150194, 0.01150194, 0.02064307],
        [0.03131163, -0.03131163, 0.0],
        [-0.035244, 0.035244, 0.0],
        [0.00629203, -0.00629203, 0.04229929],
        [0.00629203, -0.00629203, -0.04229929]
    ],
    "relaxed_lattice": [
        [2.30889271, 2.30889271, 0.0],
        [-4.59698237, 4.59698237, 0.0],
        [0.0, 0.0, 9.19268841]
    ]
}