{
    "atom_type": [
        "N",
        "Zr"
    ],
    "atoms_per_type": [
        2,
        8
    ],
    "coord_mode": "direct",
    "relaxed_basis": [
        [0.0, 0.0, 0.62315996],
        [0.5, 0.5, 0.75184004],
        [0.0, 0.0, 0.00050023],
        [0.5, 0.5, 0.12505838],
        [0.0, 0.0, 0.24994162],
        [0.5, 0.5, 0.37449977],
        [0.0, 0.0, 0.49739866],
        [0.5, 0.5, 0.6270816],
        [0.0, 0.0, 0.7479184],
        [0.5, 0.5, 0.87760134]
    ],
    "relaxed_energy": -91.79804519,
    "relaxed_forces": [
        [-0.0, 0.0, 0.03272038],
        [0.0, -0.0, -0.03272038],
        [-0.0, 0.0, -0.08731494],
        [-0.0, -0.0, -0.02056437],
        [0.0, 0.0, 0.02056437],
        [0.0, -0.0, 0.08731494],
        [-0.0, -0.0, 0.16035847],
        [-0.0, -0.0, -0.16279516],
        [0.0, 0.0, 0.16279516],
        [0.0, 0.0, -0.16035847]
    ],
    "relaxed_lattice": [
        [2.28866596, 2.28866596, 0.0],
        [2.28866596, -2.28866596, 0.0],
        [0.0, 0.0, -18.09089993]
    ]
}