{
    "atom_type": [
        "N",
        "Zr"
    ],
    "atoms_per_type": [
        5,
        8
    ],
    "coord_mode": "direct",
    "relaxed_basis": [
        [0.0, 0.37563741, 0.75151789],
        [0.5, 0.49939839, 0.49879678],
        [0.5, 0.74846975, 0.9969395],
        [0.0, 0.87588048, 0.75151789],
        [0.5, 0.99911079, 0.49822158],
        [0.0, 0.99008468, 0.00238059],
        [0.5, 0.12061115, 0.74122229],
        [0.0, 0.25191736, 0.50468987],
        [0.5, 0.37409085, 0.2481817],
        [0.0, 0.51229591, 0.00238059],
        [0.5, 0.62559013, 0.75118026],
        [0.0, 0.75277251, 0.50468987],
        [0.5, 0.87414059, 0.24828117]
    ],
    "relaxed_energy": -127.71919453,
    "relaxed_forces": [
        [0.01739524, -0.01739524, 0.12207756],
        [-0.0, 0.0, -0.08105479],
        [-0.0, 0.0, -0.0361266],
        [-0.01739524, 0.01739524, 0.12207756],
        [-0.0, 0.0, -0.14507913],
        [0.02126565, -0.02126565, -0.0076001],
        [-0.0, 0.0, -0.04127661],
        [-0.01828476, 0.01828476, 0.0534938],
        [-0.0, 0.0, -0.01565154],
        [-0.02126565, 0.02126565, -0.0076001],
        [-0.0, 0.0, -0.04865134],
        [0.01828476, -0.01828476, 0.0534938],
        [0.0, -0.0, 0.03189748]
    ],
    "relaxed_lattice": [
        [2.30814325, 2.30814325, 0.0],
        [-4.60349655, 4.60349655, -0.0],
        [2.30174828, -2.30174828, 9.17044095]
    ]
}