{
    "atom_type": [
        "N",
        "Zr"
    ],
    "atoms_per_type": [
        4,
        8
    ],
    "coord_mode": "direct",
    "relaxed_basis": [
        [0.25, 0.875, 0.8125],
        [0.75330375, 0.12495694, 0.18801495],
        [0.25, 0.875, 0.3125],
        [0.74669625, 0.62504306, 0.43698505],
        [0.00959059, 0.00475087, 0.00726642],
        [0.49583264, 0.76704236, 0.13048159],
        [0.98659228, 0.49977539, 0.2524576],
        [0.51340772, 0.25022461, 0.3725424],
        [0.00416736, 0.98295764, 0.49451841],
        [0.49040941, 0.74524913, 0.61773358],
        [0.00188802, 0.51672409, 0.74958339],
        [0.49811198, 0.23327591, 0.87541661]
    ],
    "relaxed_energy": -115.98291301,
    "relaxed_forces": [
        [-0.0, -0.0, -0.0],
        [-0.02115825, 0.02612308, 0.00677339],
        [-0.0, -0.0, -0.0],
        [0.02115825, -0.02612308, -0.00677339],
        [-0.02520152, 0.03387997, 0.01764433],
        [0.00627085, -0.00327185, 0.0220315],
        [-0.01501349, -0.03627437, 0.02914229],
        [0.01501349, 0.03627437, -0.02914229],
        [-0.00627085, 0.00327185, -0.0220315],
        [0.02520152, -0.03387997, -0.01764433],
        [0.00831112, 0.0084213, 0.01520439],
        [-0.00831112, -0.0084213, -0.01520439]
    ],
    "relaxed_lattice": [
        [2.29297331, 2.29716568, -4.61449349],
        [-2.28786831, 4.60926236, 2.31726127],
        [4.6153738, 0.01813082, 4.63844312]
    ]
}