{
    "atom_type": [
        "N",
        "Zr"
    ],
    "atoms_per_type": [
        3,
        7
    ],
    "coord_mode": "direct",
    "relaxed_basis": [
        [0.6427231, 0.6427231, 0.2854463],
        [0.3576288, 0.3576288, 0.71525751],
        [0.21440572, 0.21440572, 0.42881144],
        [0.99998654, 0.99998654, 0.99997307],
        [0.85694146, 0.85694146, 0.71388281],
        [0.71282471, 0.71282471, 0.42564942],
        [0.57004073, 0.57004073, 0.14008136],
        [0.42904244, 0.42904244, 0.85808497],
        [0.28632349, 0.28632349, 0.57264697],
        [0.14436872, 0.14436872, 0.28873753]
    ],
    "relaxed_energy": -95.27066799,
    "relaxed_forces": [
        [-0.0, -0.0, -0.14639191],
        [0.0, -0.0, 0.16883413],
        [-0.0, -0.0, 0.07910831],
        [-0.0, -0.0, -0.06205953],
        [-0.0, 0.0, 0.01296709],
        [-0.0, -0.0, -0.11041279],
        [0.0, -0.0, -0.17317311],
        [0.0, -0.0, 0.09866017],
        [-0.0, -0.0, 0.0623402],
        [0.0, -0.0, 0.07012745]
    ],
    "relaxed_lattice": [
        [2.30304624, -2.30304624, 0.0],
        [2.30304624, 2.30304624, 0.0],
        [-2.30304624, 0.0, 15.92966326]
    ]
}