{
    "atom_type": [
        "N",
        "Zr"
    ],
    "atoms_per_type": [
        4,
        6
    ],
    "coord_mode": "direct",
    "relaxed_basis": [
        [0.5, 0.5, 0.0],
        [0.5, 0.5, 0.33421709],
        [0.0, 0.0, 0.5],
        [0.5, 0.5, 0.66578291],
        [0.0, 0.0, 0.0],
        [0.5, 0.5, 0.16589672],
        [0.0, 0.0, 0.3330649],
        [0.5, 0.5, 0.5],
        [0.0, 0.0, 0.6669351],
        [0.5, 0.5, 0.83410328]
    ],
    "relaxed_energy": -98.5856532,
    "relaxed_forces": [
        [0.0, 0.0, 0.0],
        [0.0, 0.0, -0.15556383],
        [0.0, 0.0, 0.0],
        [-0.0, 0.0, 0.15556383],
        [0.0, 0.0, 0.0],
        [-0.0, -0.0, 0.08932033],
        [0.0, 0.0, 0.14208247],
        [-0.0, -0.0, 0.0],
        [0.0, 0.0, -0.14208247],
        [0.0, -0.0, -0.08932033]
    ],
    "relaxed_lattice": [
        [2.29263091, 2.29263091, 0.0],
        [2.29263091, -2.29263091, 0.0],
        [0.0, 0.0, -13.75077745]
    ]
}