{
    "atom_type": [
        "N",
        "Zr"
    ],
    "atoms_per_type": [
        3,
        7
    ],
    "coord_mode": "direct",
    "relaxed_basis": [
        [0.35968827, 0.71937643, 0.57004764],
        [0.4967718, 0.9935436, 0.99981512],
        [0.07397866, 0.14795722, 0.71363529],
        [0.00404283, 0.00808565, 0.99542451],
        [0.55896463, 0.11792917, 0.72129588],
        [0.15202516, 0.30405043, 0.4422126],
        [0.70516299, 0.41032598, 0.1484437],
        [0.28774829, 0.57549658, 0.84994112],
        [0.86696353, 0.73392695, 0.56916931],
        [0.42322534, 0.84645079, 0.27572914]
    ],
    "relaxed_energy": -95.47704463,
    "relaxed_forces": [
        [0.0, -0.00583731, 0.04166394],
        [0.0, -0.01556648, 0.07191646],
        [-0.0, 0.06447403, -0.02232965],
        [0.0, 0.00362689, 0.0473885],
        [-0.0, 0.04975694, -0.08159003],
        [-0.0, 0.1720851, -0.00771304],
        [0.0, -0.12613563, 0.08346889],
        [0.0, -0.10143131, -0.08285098],
        [-0.0, 0.01010627, 0.00567807],
        [0.0, -0.0510785, -0.05563216]
    ],
    "relaxed_lattice": [
        [4.53552796, -0.0, 0.0],
        [-2.26776398, 4.66923526, -2.31890003],
        [-0.0, 2.33261072, 6.95288305]
    ]
}