{
    "atom_type": [
        "N",
        "Zr"
    ],
    "atoms_per_type": [
        3,
        8
    ],
    "coord_mode": "direct",
    "relaxed_basis": [
        [0.37518214, 0.75036428, 0.5623948],
        [0.625, 0.25, 0.4375],
        [0.87481786, 0.74963572, 0.3126052],
        [0.0010447, 0.00208939, 0.99681352],
        [0.2489553, 0.49791061, 0.87818648],
        [0.50097001, 0.00194001, 0.75407662],
        [0.75368121, 0.50736241, 0.62244488],
        [0.99566825, 0.9913365, 0.49609146],
        [0.25433175, 0.5086635, 0.37890854],
        [0.49631879, 0.99263759, 0.25255512],
        [0.74902999, 0.49805999, 0.12092338]
    ],
    "relaxed_energy": -103.72390114,
    "relaxed_forces": [
        [-0.03337408, 0.03337408, 0.09434538],
        [-0.0, 0.0, -0.0],
        [0.03337408, -0.03337408, -0.09434538],
        [-0.04133715, 0.04133715, -0.06132098],
        [0.04133715, -0.04133715, 0.06132098],
        [0.00237238, -0.00237238, 0.14031323],
        [-0.02953341, 0.02953341, 0.06459785],
        [-0.01493585, 0.01493585, 0.11551189],
        [0.01493585, -0.01493585, -0.11551189],
        [0.02953341, -0.02953341, -0.06459785],
        [-0.00237238, 0.00237238, -0.14031323]
    ],
    "relaxed_lattice": [
        [2.2994506, 2.2994506, -0.0],
        [-4.5931337, 2.29368311, 2.26893531],
        [4.60427455, -4.60427455, 9.1151096]
    ]
}