{
    "atom_type": [
        "N",
        "Zr"
    ],
    "atoms_per_type": [
        2,
        8
    ],
    "coord_mode": "direct",
    "relaxed_basis": [
        [0.0, 0.8741714, 0.2483428],
        [0.0, 0.1258286, 0.7516572],
        [0.0, 0.0, 0.0],
        [0.5, 0.12954939, 0.75909879],
        [0.0, 0.23844904, 0.5],
        [0.5, 0.37996543, 0.25993085],
        [0.0, 0.5, 0.0],
        [0.5, 0.62003457, 0.74006915],
        [0.0, 0.76155096, 0.5],
        [0.5, 0.87045061, 0.24090121]
    ],
    "relaxed_energy": -91.9588676,
    "relaxed_forces": [
        [0.0, -0.01183772, -0.01183772],
        [-0.0, 0.01183772, 0.01183772],
        [-0.0, 0.0, 0.0],
        [-0.0, 0.00755238, 0.00755238],
        [0.0, -0.02001143, 0.02001143],
        [-0.0, 0.03365197, 0.03365197],
        [-0.0, 0.0, 0.0],
        [0.0, -0.03365197, -0.03365197],
        [-0.0, 0.02001143, -0.02001143],
        [-0.0, -0.00755238, -0.00755238]
    ],
    "relaxed_lattice": [
        [4.56127118, 0.0, 0.0],
        [0.0, 4.59421111, -4.59421111],
        [0.0, 2.27245365, 6.86666477]
    ]
}