{
    "atom_type": [
        "N",
        "Zr"
    ],
    "atoms_per_type": [
        7,
        8
    ],
    "coord_mode": "direct",
    "relaxed_basis": [
        [0.5, 0.5, 8.3e-06],
        [0.0, 0.0, 0.12520012],
        [0.5, 0.5, 0.248975],
        [0.0, 0.0, 0.375],
        [0.5, 0.5, 0.501025],
        [0.0, 0.0, 0.62479988],
        [0.5, 0.5, 0.7499917],
        [0.0, 0.0, 0.00101908],
        [0.5, 0.5, 0.12276102],
        [0.0, 0.0, 0.25151297],
        [0.5, 0.5, 0.375],
        [0.0, 0.0, 0.49848703],
        [0.5, 0.5, 0.62723898],
        [0.0, 0.0, 0.74898092],
        [0.5, 0.5, 0.875]
    ],
    "relaxed_energy": -151.33411816,
    "relaxed_forces": [
        [0.0, 0.0, 0.05375944],
        [0.0, 0.0, -0.02981508],
        [-0.0, 0.0, 0.08010774],
        [0.0, 0.0, 0.0],
        [0.0, 0.0, -0.08010774],
        [0.0, 0.0, 0.02981508],
        [-0.0, 0.0, -0.05375944],
        [0.0, 0.0, 0.00723493],
        [0.0, -0.0, 0.05108727],
        [0.0, 0.0, -0.04660652],
        [-0.0, -0.0, 0.0],
        [0.0, 0.0, 0.04660652],
        [0.0, -0.0, -0.05108727],
        [0.0, 0.0, -0.00723493],
        [-0.0, -0.0, 0.0]
    ],
    "relaxed_lattice": [
        [2.29923693, 2.29923693, 0.0],
        [2.29923693, -2.29923693, 0.0],
        [0.0, 0.0, -18.34684495]
    ]
}