{
    "atom_type": [
        "N",
        "Zr"
    ],
    "atoms_per_type": [
        2,
        6
    ],
    "coord_mode": "direct",
    "relaxed_basis": [
        [0.0, 0.33303387, 0.83222901],
        [0.5, 0.50029943, 0.50110429],
        [0.0, 0.00219777, 0.00438795],
        [0.5, 0.18155838, 0.67231741],
        [0.0, 0.33675365, 0.337955],
        [0.5, 0.49657965, 0.9953783],
        [0.0, 0.65177502, 0.66101599],
        [0.5, 0.83113553, 0.32894535]
    ],
    "relaxed_energy": -74.74907426,
    "relaxed_forces": [
        [0.0284988, -0.02214062, 0.0284988],
        [-0.0284988, 0.02214062, -0.0284988],
        [0.06819518, -0.09012628, 0.06819518],
        [0.00758076, -0.10665636, 0.00758076],
        [-0.0011317, -0.02655112, -0.0011317],
        [0.0011317, 0.02655112, 0.0011317],
        [-0.00758076, 0.10665636, -0.00758076],
        [-0.06819518, 0.09012628, -0.06819518]
    ],
    "relaxed_lattice": [
        [2.30886913, 0.0, -2.30886913],
        [2.28591002, 4.58767595, 2.28591002],
        [4.59532274, -4.61108483, 4.59532274]
    ]
}