{
    "atom_type": [
        "N",
        "Zr"
    ],
    "atoms_per_type": [
        3,
        6
    ],
    "coord_mode": "direct",
    "relaxed_basis": [
        [0.75081545, 0.75268086, 0.5016309],
        [0.41674889, 0.08426429, 0.83349767],
        [0.25007905, 0.25025122, 0.5001581],
        [0.99686142, 0.9993413, 0.99372284],
        [0.83135354, 0.15397414, 0.66270717],
        [0.67125938, 0.33969029, 0.34251866],
        [0.50165942, 0.49871618, 0.00331884],
        [0.32976832, 0.66957618, 0.65953673],
        [0.16812124, 0.83483884, 0.33624237]
    ],
    "relaxed_energy": -86.76757454,
    "relaxed_forces": [
        [0.01847221, 0.01152431, -0.01847221],
        [-0.007321, -0.02885102, 0.007321],
        [-0.01179474, 0.01147206, 0.01179474],
        [0.05128472, -0.06333674, -0.05128472],
        [-0.0025387, 0.02551578, 0.0025387],
        [-0.00521915, 0.04829339, 0.00521915],
        [-0.04422193, -0.01448724, 0.04422193],
        [-0.04286759, -0.03089591, 0.04286759],
        [0.04420618, 0.04076537, -0.04420618]
    ],
    "relaxed_lattice": [
        [2.30316432, 0.0, 2.30316432],
        [2.29318232, 4.61211402, -2.29318232],
        [-6.88457059, 2.30606507, 4.58140627]
    ]
}