{
    "atom_type": [
        "N",
        "Zr"
    ],
    "atoms_per_type": [
        4,
        8
    ],
    "coord_mode": "direct",
    "relaxed_basis": [
        [0.9980329, 0.2522197, 0.75171451],
        [0.50167198, 0.99583855, 0.00081749],
        [0.75040654, 0.37418906, 0.12499785],
        [0.00055355, 0.74848014, 0.25041276],
        [0.98897688, 0.0191785, 0.00286774],
        [0.24662748, 0.37623427, 0.13051077],
        [0.51132974, 0.74083186, 0.23650866],
        [0.75925518, 0.11122766, 0.37026199],
        [0.99480106, 0.50361515, 0.50678273],
        [0.24053147, 0.89644672, 0.62249035],
        [0.5039189, 0.23848503, 0.75367718],
        [0.75389433, 0.61825337, 0.87395797]
    ],
    "relaxed_energy": -115.79334808,
    "relaxed_forces": [
        [0.0, 0.04979186, -0.01876042],
        [-0.0, -0.03121406, 0.01501826],
        [0.0, 0.00596598, -0.00604833],
        [-0.0, -0.06457872, 0.01645396],
        [-0.0, -0.04838204, 0.01066487],
        [-0.0, -0.02678832, 0.04870248],
        [-0.0, -0.07686665, -0.0087637],
        [-0.0, -0.0389084, 0.03286979],
        [0.0, 0.05867419, -0.01104729],
        [0.0, 0.10118526, -0.06393507],
        [0.0, 0.02677181, -0.00835678],
        [0.0, 0.0443491, -0.00679777]
    ],
    "relaxed_lattice": [
        [4.5573909, 0.0, 0.0],
        [2.27869545, 4.64099832, -2.296855],
        [2.27869545, 4.66232436, 6.93303526]
    ]
}