{
    "atom_type": [
        "N",
        "Zr"
    ],
    "atoms_per_type": [
        1,
        8
    ],
    "coord_mode": "direct",
    "relaxed_basis": [
        [0.0, 0.125, 0.375],
        [0.0, 0.99930565, 0.99620015],
        [0.5, 0.00435997, 0.49722415],
        [0.5, 0.24564003, 0.25277585],
        [0.0, 0.25069435, 0.75379985],
        [0.0, 0.49755768, 0.50249286],
        [0.5, 0.497591, 0.00136898],
        [0.5, 0.752409, 0.74863102],
        [0.0, 0.75244232, 0.24750714]
    ],
    "relaxed_energy": -79.76732877,
    "relaxed_forces": [
        [-0.0, 0.0, 0.0],
        [0.02166074, -0.05303332, -0.02166074],
        [0.03996206, 0.00746376, -0.03996206],
        [-0.03996206, -0.00746376, 0.03996206],
        [-0.02166074, 0.05303332, 0.02166074],
        [-0.00486514, -0.03080838, 0.00486514],
        [-0.03276212, -0.01417957, 0.03276212],
        [0.03276212, 0.01417957, -0.03276212],
        [0.00486514, 0.03080838, -0.00486514]
    ],
    "relaxed_lattice": [
        [2.27311896, 0.0, 2.27311896],
        [2.27712628, 4.60626808, -2.27712628],
        [-6.80658942, 4.58163919, 6.80658942]
    ]
}