{
    "atom_type": [
        "N",
        "Zr"
    ],
    "atoms_per_type": [
        4,
        8
    ],
    "coord_mode": "direct",
    "relaxed_basis": [
        [0.875, 0.875, 0.25],
        [0.24878945, 0.74878945, 0.9975789],
        [0.00121055, 0.50121055, 0.5024211],
        [0.375, 0.375, 0.25],
        [0.01601574, 0.99622665, 0.01224238],
        [0.37259478, 0.87259478, 0.75],
        [0.75377335, 0.73398426, 0.48775762],
        [0.125, 0.625, 0.25],
        [0.49622665, 0.51601574, 0.01224238],
        [0.87740522, 0.37740522, 0.75],
        [0.23398426, 0.25377335, 0.48775762],
        [0.625, 0.125, 0.25]
    ],
    "relaxed_energy": -115.72631305,
    "relaxed_forces": [
        [-0.0, 0.0, -0.0],
        [-0.0, -0.0043009, 0.0043009],
        [-0.0, 0.0043009, -0.0043009],
        [-0.0, 0.0, -0.0],
        [0.08346741, 0.05630855, -0.05630855],
        [-0.0, 0.08660904, 0.08660904],
        [0.08346741, -0.05630855, 0.05630855],
        [-0.0, 0.0, -0.0],
        [-0.08346741, 0.05630855, -0.05630855],
        [-0.0, -0.08660904, -0.08660904],
        [-0.08346741, -0.05630855, 0.05630855],
        [0.0, 0.0, -0.0]
    ],
    "relaxed_lattice": [
        [4.67784628, 2.28316307, 2.28316307],
        [-4.67784628, 2.28316307, 2.28316307],
        [0.0, -6.87184232, 2.30551619]
    ]
}