{
    "atom_type": [
        "N",
        "Zr"
    ],
    "atoms_per_type": [
        4,
        8
    ],
    "coord_mode": "direct",
    "relaxed_basis": [
        [0.3125, 0.4375, 0.625],
        [0.68783145, 0.56650713, 0.37566291],
        [0.8125, 0.9375, 0.625],
        [0.93716855, 0.30849287, 0.87433709],
        [0.00312393, 0.00566129, 0.00624787],
        [0.1275492, 0.37926084, 0.25509839],
        [0.25048926, 0.74030349, 0.50097852],
        [0.37451074, 0.13469651, 0.74902148],
        [0.4974508, 0.49573916, 0.99490161],
        [0.62187607, 0.86933871, 0.24375213],
        [0.75211865, 0.25784552, 0.50423729],
        [0.87288135, 0.61715448, 0.74576271]
    ],
    "relaxed_energy": -115.7755371,
    "relaxed_forces": [
        [-0.0, -0.0, 0.0],
        [0.01074461, 0.00650683, 0.01074461],
        [-0.0, -0.0, 0.0],
        [-0.01074461, -0.00650683, -0.01074461],
        [0.00908177, -0.00059071, 0.00908177],
        [-0.00090518, -0.02027455, -0.00090518],
        [0.00502293, 0.06494981, 0.00502293],
        [-0.00502293, -0.06494981, -0.00502293],
        [0.00090518, 0.02027455, 0.00090518],
        [-0.00908177, 0.00059071, -0.00908177],
        [0.00898101, 0.0125577, 0.00898101],
        [-0.00898101, -0.0125577, -0.00898101]
    ],
    "relaxed_lattice": [
        [2.31317172, 0.0, -2.31317172],
        [2.29541671, 4.56706557, 2.29541671],
        [4.59845792, -6.86707866, 6.91162964]
    ]
}