{
    "atom_type": [
        "N",
        "Zr"
    ],
    "atoms_per_type": [
        3,
        8
    ],
    "coord_mode": "direct",
    "relaxed_basis": [
        [0.25, 0.25, 0.74926615],
        [0.75, 0.25, 0.5],
        [0.75, 0.75, 0.25073385],
        [0.00525324, 0.99474676, 0.0],
        [0.49474676, 0.50525324, 0.0],
        [0.49042156, 0.01776394, 0.74613386],
        [0.00957844, 0.48223606, 0.74613386],
        [0.99133132, 0.00866868, 0.5],
        [0.50866868, 0.49133132, 0.5],
        [0.51776394, 0.99042156, 0.25386614],
        [0.98223606, 0.50957844, 0.25386614]
    ],
    "relaxed_energy": -104.02843599,
    "relaxed_forces": [
        [0.01058312, -0.01058312, -0.0],
        [0.0, -0.0, -0.0],
        [-0.01058312, 0.01058312, -0.0],
        [-0.0, 0.0, 0.0140602],
        [-0.0, 0.0, -0.0140602],
        [0.01436084, -0.0286187, -0.00717496],
        [0.0286187, -0.01436084, 0.00717496],
        [0.0, -0.0, 0.09637345],
        [-0.0, 0.0, -0.09637345],
        [-0.0286187, 0.01436084, 0.00717496],
        [-0.01436084, 0.0286187, -0.00717496]
    ],
    "relaxed_lattice": [
        [-2.28339619, -2.28339619, -4.71405884],
        [-2.28339619, -2.28339619, 4.71405884],
        [-4.5629364, 4.5629364, 0.0]
    ]
}