{
    "atom_type": [
        "N",
        "Zr"
    ],
    "atoms_per_type": [
        2,
        8
    ],
    "coord_mode": "direct",
    "relaxed_basis": [
        [0.12463377, 0.24926753, 0.68677734],
        [0.87536623, 0.75073247, 0.31322266],
        [0.0, 0.0, 0.0],
        [0.25120133, 0.50240266, 0.87618341],
        [0.50767807, 0.01535614, 0.74857194],
        [0.74209082, 0.48418165, 0.6280573],
        [0.0, 0.0, 0.5],
        [0.25790918, 0.51581835, 0.3719427],
        [0.49232193, 0.98464386, 0.25142806],
        [0.74879867, 0.49759734, 0.12381659]
    ],
    "relaxed_energy": -91.81174559,
    "relaxed_forces": [
        [-0.00930186, 0.00930186, 0.08469515],
        [0.00930186, -0.00930186, -0.08469515],
        [0.0, 0.0, 0.0],
        [-0.04894176, 0.04894176, 0.09854323],
        [-0.07114487, 0.07114487, 0.0214633],
        [0.06458681, -0.06458681, 0.00369738],
        [0.0, 0.0, 0.0],
        [-0.06458681, 0.06458681, -0.00369738],
        [0.07114487, -0.07114487, -0.0214633],
        [0.04894176, -0.04894176, -0.09854323]
    ],
    "relaxed_lattice": [
        [2.3093846, 2.3093846, -0.0],
        [-4.59075546, 2.28137086, 2.24387242],
        [4.64327185, -4.64327185, 9.15707298]
    ]
}