{
    "atom_type": [
        "N",
        "Zr"
    ],
    "atoms_per_type": [
        5,
        8
    ],
    "coord_mode": "direct",
    "relaxed_basis": [
        [0.0, 0.7502805, 0.2497195],
        [0.0, 0.7502805, 0.7502805],
        [0.5, 0.0, 0.0],
        [0.0, 0.2497195, 0.7502805],
        [0.0, 0.2497195, 0.2497195],
        [0.0, 0.0, 0.0],
        [0.0, 0.0, 0.5],
        [0.5, 0.24261756, 0.24261756],
        [0.5, 0.24261756, 0.75738244],
        [0.0, 0.5, 0.5],
        [0.0, 0.5, 0.0],
        [0.5, 0.75738244, 0.75738244],
        [0.5, 0.75738244, 0.24261756]
    ],
    "relaxed_energy": -127.39530167,
    "relaxed_forces": [
        [0.0, 0.0, -0.09621141],
        [-0.0, -0.09621141, 0.0],
        [-0.0, 0.0, -0.0],
        [0.0, 0.0, 0.09621141],
        [-0.0, 0.09621141, 0.0],
        [-0.0, 0.0, 0.0],
        [-0.0, 0.0, -0.0],
        [-0.0, -0.06606195, 0.0],
        [-0.0, 0.0, -0.06606195],
        [-0.0, -0.0, -0.0],
        [-0.0, -0.0, -0.0],
        [-0.0, 0.06606195, 0.0],
        [-0.0, 0.0, 0.06606195]
    ],
    "relaxed_lattice": [
        [-4.50029568, 0.0, 0.0],
        [0.0, 4.65596603, 4.65596603],
        [0.0, 4.65596603, -4.65596603]
    ]
}