{
    "atom_type": [
        "N",
        "Zr"
    ],
    "atoms_per_type": [
        4,
        8
    ],
    "coord_mode": "direct",
    "relaxed_basis": [
        [0.0, 0.0, 0.37452979],
        [0.5, 0.5, 0.50015702],
        [0.0, 0.0, 0.62484298],
        [0.5, 0.5, 0.75047021],
        [0.0, 0.0, 0.00066397],
        [0.5, 0.5, 0.12433603],
        [0.0, 0.0, 0.24852871],
        [0.5, 0.5, 0.37559653],
        [0.0, 0.0, 0.4978683],
        [0.5, 0.5, 0.6271317],
        [0.0, 0.0, 0.74940347],
        [0.5, 0.5, 0.87647129]
    ],
    "relaxed_energy": -115.55987173,
    "relaxed_forces": [
        [-0.0, -0.0, 0.11913718],
        [0.0, 0.0, -0.01790659],
        [-0.0, 0.0, 0.01790659],
        [0.0, 0.0, -0.11913718],
        [-0.0, -0.0, -0.04093408],
        [0.0, 0.0, 0.04093408],
        [-0.0, -0.0, 0.12695114],
        [0.0, -0.0, -0.00738236],
        [0.0, 0.0, 0.11662319],
        [-0.0, -0.0, -0.11662319],
        [-0.0, 0.0, 0.00738236],
        [0.0, -0.0, -0.12695114]
    ],
    "relaxed_lattice": [
        [2.29698797, 2.29698797, 0.0],
        [2.29698797, -2.29698797, 0.0],
        [0.0, 0.0, -18.28622232]
    ]
}