{
    "atom_type": [
        "N",
        "Zr"
    ],
    "atoms_per_type": [
        3,
        8
    ],
    "coord_mode": "direct",
    "relaxed_basis": [
        [0.25, 0.25, 0.75],
        [0.75, 0.75, 0.25],
        [0.25, 0.25, 0.25],
        [0.00371472, 0.00371472, 0.00508183],
        [0.49628528, 0.49628528, 0.00508183],
        [0.49201484, 0.00798516, 0.75],
        [0.00798516, 0.49201484, 0.75],
        [0.00371472, 0.00371472, 0.49491817],
        [0.49628528, 0.49628528, 0.49491817],
        [0.50263523, 0.99736477, 0.25],
        [0.99736477, 0.50263523, 0.25]
    ],
    "relaxed_energy": -103.94269242,
    "relaxed_forces": [
        [0.0, -0.0, 0.0],
        [0.0, -0.0, 0.0],
        [0.0, -0.0, 0.0],
        [0.00159882, -0.01002562, 0.0],
        [0.01002562, -0.00159882, 0.0],
        [0.0, -0.0, 0.06455588],
        [0.0, -0.0, -0.06455588],
        [-0.01002562, 0.00159882, 0.0],
        [-0.00159882, 0.01002562, 0.0],
        [0.0, -0.0, 0.00179824],
        [0.0, -0.0, -0.00179824]
    ],
    "relaxed_lattice": [
        [-2.28461693, -2.28461693, -4.59225758],
        [-2.28461693, -2.28461693, 4.59225758],
        [-4.58679984, 4.58679984, 0.0]
    ]
}