{
    "atom_type": [
        "N",
        "Zr"
    ],
    "atoms_per_type": [
        2,
        6
    ],
    "coord_mode": "direct",
    "relaxed_basis": [
        [0.49885647, 0.99771294, 0.49956098],
        [0.16781023, 0.33562036, 0.33377232],
        [0.00204515, 0.00409031, 0.0008507],
        [0.66462155, 0.32924299, 0.8324826],
        [0.3380392, 0.67607849, 0.6574612],
        [0.00912871, 0.01825741, 0.49283923],
        [0.65753799, 0.31507589, 0.34049407],
        [0.3286274, 0.65725491, 0.1758722]
    ],
    "relaxed_energy": -74.73402076,
    "relaxed_forces": [
        [0.0, -0.01690155, -0.04201463],
        [-0.0, 0.01690155, 0.04201463],
        [0.0, 0.03720585, -0.06535557],
        [-0.0, -0.03720585, 0.06535557],
        [-0.0, 0.20388146, 0.0203456],
        [0.0, -0.0648616, -0.02074742],
        [-0.0, 0.0648616, 0.02074742],
        [0.0, -0.20388146, -0.0203456]
    ],
    "relaxed_lattice": [
        [4.54112736, -0.0, 0.0],
        [-2.27056369, 4.687136, 2.25831542],
        [0.0, -4.73235535, 4.606732]
    ]
}