{
    "atom_type": [
        "N",
        "Zr"
    ],
    "atoms_per_type": [
        6,
        8
    ],
    "coord_mode": "direct",
    "relaxed_basis": [
        [0.0, 0.0, 0.12347688],
        [0.5, 0.5, 0.24961863],
        [0.0, 0.0, 0.37498064],
        [0.5, 0.5, 0.50001936],
        [0.0, 0.0, 0.62538137],
        [0.5, 0.5, 0.75152312],
        [0.0, 0.0, 0.99785019],
        [0.5, 0.5, 0.12648586],
        [0.0, 0.0, 0.24896131],
        [0.5, 0.5, 0.37441298],
        [0.0, 0.0, 0.50058702],
        [0.5, 0.5, 0.62603869],
        [0.0, 0.0, 0.74851414],
        [0.5, 0.5, 0.87714981]
    ],
    "relaxed_energy": -139.30899507,
    "relaxed_forces": [
        [-0.0, 0.0, 0.00509399],
        [-0.0, 0.0, 0.02890796],
        [-0.0, -0.0, -0.07174766],
        [0.0, 0.0, 0.07174766],
        [0.0, -0.0, -0.02890796],
        [0.0, -0.0, -0.00509399],
        [0.0, -0.0, 0.01170001],
        [0.0, 0.0, -0.10772249],
        [-0.0, -0.0, 0.18016915],
        [0.0, 0.0, -0.05669041],
        [-0.0, -0.0, 0.05669041],
        [0.0, 0.0, -0.18016915],
        [-0.0, -0.0, 0.10772249],
        [-0.0, 0.0, -0.01170001]
    ],
    "relaxed_lattice": [
        [2.29896084, 2.29896084, 0.0],
        [2.29896084, -2.29896084, 0.0],
        [0.0, 0.0, -18.34987532]
    ]
}