{
    "atom_type": [
        "N",
        "Zr"
    ],
    "atoms_per_type": [
        3,
        8
    ],
    "coord_mode": "direct",
    "relaxed_basis": [
        [0.8765465, 0.8765465, 0.253093],
        [0.625, 0.625, 0.75],
        [0.3734535, 0.3734535, 0.246907],
        [0.99732742, 0.99732742, 0.00562831],
        [0.38292229, 0.86707771, 0.75],
        [0.74169911, 0.74169911, 0.49437169],
        [0.125, 0.625, 0.25],
        [0.50830089, 0.50830089, 0.00562831],
        [0.86707771, 0.38292229, 0.75],
        [0.25267258, 0.25267258, 0.49437169],
        [0.625, 0.125, 0.25]
    ],
    "relaxed_energy": -103.8899391,
    "relaxed_forces": [
        [-0.0, -0.07294664, 0.07294664],
        [-0.0, 0.0, -0.0],
        [-0.0, 0.07294664, -0.07294664],
        [-0.0, 0.01111817, -0.00894892],
        [0.0482686, 0.0, -0.0],
        [-0.0, -0.00894892, 0.01111817],
        [-0.0, 0.0, -0.0],
        [-0.0, 0.00894892, -0.01111817],
        [-0.0482686, 0.0, -0.0],
        [-0.0, -0.01111817, 0.00894892],
        [-0.0, 0.0, -0.0]
    ],
    "relaxed_lattice": [
        [4.60245981, 2.28235211, 2.28235211],
        [-4.60245981, 2.28235211, 2.28235211],
        [0.0, -6.86134682, 2.29664261]
    ]
}