{
    "atom_type": [
        "N",
        "Zr"
    ],
    "atoms_per_type": [
        2,
        5
    ],
    "coord_mode": "direct",
    "relaxed_basis": [
        [0.60037475, 0.7003146, 0.09893591],
        [0.19962525, 0.8996854, 0.70106409],
        [0.00868745, 0.98167224, 0.00095286],
        [0.60655183, 0.18569302, 0.60120333],
        [0.19344817, 0.41430698, 0.19879667],
        [0.79131255, 0.61832776, 0.79904714],
        [0.4, 0.8, 0.4]
    ],
    "relaxed_energy": -66.42791933,
    "relaxed_forces": [
        [0.00345684, -0.00345684, -0.00760967],
        [-0.00345684, 0.00345684, 0.00760967],
        [0.00358375, -0.00358375, 0.11754263],
        [0.01578556, -0.01578556, -0.06331932],
        [-0.01578556, 0.01578556, 0.06331932],
        [-0.00358375, 0.00358375, -0.11754263],
        [0.0, -0.0, 0.0]
    ],
    "relaxed_lattice": [
        [2.32290822, 2.32290822, 0.0],
        [-2.26565343, 4.58856164, 2.24568635],
        [2.35443748, -0.03152926, 6.8869253]
    ]
}