{
    "atom_type": [
        "N",
        "Zr"
    ],
    "atoms_per_type": [
        6,
        8
    ],
    "coord_mode": "direct",
    "relaxed_basis": [
        [0.49999776, 0.99999776, 0.49999551],
        [0.87552128, 0.87552128, 0.25104257],
        [0.2497401, 0.7497401, 0.9994802],
        [0.6252599, 0.6252599, 0.7505198],
        [0.99947872, 0.49947872, 0.49895743],
        [0.37500224, 0.37500224, 0.25000449],
        [0.00914347, 0.98770859, 0.00623682],
        [0.37790665, 0.85647177, 0.74376318],
        [0.74118702, 0.74175798, 0.49382829],
        [0.13381298, 0.63324202, 0.25617171],
        [0.49709335, 0.51852823, 0.00623682],
        [0.86585653, 0.38729141, 0.74376318],
        [0.25264127, 0.25207031, 0.49382829],
        [0.62235873, 0.12292969, 0.25617171]
    ],
    "relaxed_energy": -140.03700607,
    "relaxed_forces": [
        [0.0, 0.01409476, -0.01409476],
        [-0.0, -0.00773059, 0.00773059],
        [0.0, 0.00699224, -0.00699224],
        [-0.0, -0.00699224, 0.00699224],
        [0.0, 0.00773059, -0.00773059],
        [-0.0, -0.01409476, 0.01409476],
        [0.03341476, 0.02637473, 0.01162014],
        [0.03341476, 0.01162014, 0.02637473],
        [-0.00296007, -0.00310541, -0.00149136],
        [0.00296007, 0.00310541, 0.00149136],
        [-0.03341476, -0.01162014, -0.02637473],
        [-0.03341476, -0.02637473, -0.01162014],
        [0.00296007, 0.00149136, 0.00310541],
        [-0.00296007, -0.00149136, -0.00310541]
    ],
    "relaxed_lattice": [
        [4.63568908, 2.28275747, 2.28275747],
        [-4.65060234, 2.297596, 2.297596],
        [0.00745663, -6.89525891, 2.31490544]
    ]
}