{
    "atom_type": [
        "N",
        "Zr"
    ],
    "atoms_per_type": [
        2,
        8
    ],
    "coord_mode": "direct",
    "relaxed_basis": [
        [0.49675103, 0.00717395, 0.99932399],
        [0.00324897, 0.74282605, 0.25067601],
        [0.99733621, 0.9957531, 0.00957448],
        [0.25, 0.375, 0.125],
        [0.50266379, 0.7542469, 0.24042552],
        [0.75644565, 0.10328545, 0.38382326],
        [0.00112939, 0.50089114, 0.49685008],
        [0.25, 0.875, 0.625],
        [0.49887061, 0.24910886, 0.75314992],
        [0.74355435, 0.64671455, 0.86617674]
    ],
    "relaxed_energy": -91.91181003,
    "relaxed_forces": [
        [0.0, 0.00809627, 0.00365499],
        [-0.0, -0.00809627, -0.00365499],
        [0.0, 0.04640452, 0.00138272],
        [-0.0, -0.0, 0.0],
        [-0.0, -0.04640452, -0.00138272],
        [-0.0, -0.05419746, 0.03058158],
        [-0.0, -0.07706009, -0.00176981],
        [-0.0, -0.0, 0.0],
        [0.0, 0.07706009, 0.00176981],
        [0.0, 0.05419746, -0.03058158]
    ],
    "relaxed_lattice": [
        [4.55365481, 0.0, 0.0],
        [2.27682741, 4.5803425, -2.27899697],
        [2.27682741, 4.63082951, 6.93923583]
    ]
}