{
    "atom_type": [
        "N",
        "Zr"
    ],
    "atoms_per_type": [
        2,
        8
    ],
    "coord_mode": "direct",
    "relaxed_basis": [
        [0.68745739, 0.56513602, 0.37491477],
        [0.93754261, 0.30986398, 0.87508523],
        [0.00088029, 0.00322201, 0.00176058],
        [0.12826092, 0.37917133, 0.25652183],
        [0.24871941, 0.74554261, 0.49743881],
        [0.37628059, 0.12945739, 0.75256119],
        [0.49673908, 0.49582867, 0.99347817],
        [0.62411971, 0.87177799, 0.24823942],
        [0.7491868, 0.25383114, 0.4983736],
        [0.8758132, 0.62116886, 0.7516264]
    ],
    "relaxed_energy": -91.77612074,
    "relaxed_forces": [
        [0.00984669, 0.0364018, 0.00984669],
        [-0.00984669, -0.0364018, -0.00984669],
        [0.01379926, 0.01249991, 0.01379926],
        [0.03706225, -0.01724027, 0.03706225],
        [-0.00459432, 0.0112769, -0.00459432],
        [0.00459432, -0.0112769, 0.00459432],
        [-0.03706225, 0.01724027, -0.03706225],
        [-0.01379926, -0.01249991, -0.01379926],
        [0.01023102, 0.07263461, 0.01023102],
        [-0.01023102, -0.07263461, -0.01023102]
    ],
    "relaxed_lattice": [
        [2.27794087, 0.0, -2.27794087],
        [2.27695122, 4.69395079, 2.27695122],
        [4.51303779, -7.00098717, 6.79097866]
    ]
}