{
    "atom_type": [
        "N",
        "Zr"
    ],
    "atoms_per_type": [
        5,
        8
    ],
    "coord_mode": "direct",
    "relaxed_basis": [
        [0.5, 0.37682434, 0.62431366],
        [0.5, 0.625, 0.375],
        [0.5, 0.87317566, 0.12568634],
        [0.5, 0.125, 0.875],
        [0.0, 0.125, 0.375],
        [0.0, 0.00014152, 0.99743089],
        [0.5, 0.00659761, 0.49483103],
        [0.5, 0.24340239, 0.25516897],
        [0.0, 0.24985848, 0.75256911],
        [0.0, 0.49135773, 0.49926787],
        [0.5, 0.50063357, 0.99859107],
        [0.5, 0.74936643, 0.75140893],
        [0.0, 0.75864227, 0.25073213]
    ],
    "relaxed_energy": -127.81370859,
    "relaxed_forces": [
        [0.03528174, 0.06822533, -0.03528174],
        [0.0, -0.0, -0.0],
        [-0.03528174, -0.06822533, 0.03528174],
        [0.0, -0.0, -0.0],
        [0.0, -0.0, -0.0],
        [0.02545962, 0.01995806, -0.02545962],
        [0.02569475, -0.03866357, -0.02569475],
        [-0.02569475, 0.03866357, 0.02569475],
        [-0.02545962, -0.01995806, 0.02545962],
        [-0.01220733, 0.08094427, 0.01220733],
        [0.05347408, 0.07743527, -0.05347408],
        [-0.05347408, -0.07743527, 0.05347408],
        [0.01220733, -0.08094427, -0.01220733]
    ],
    "relaxed_lattice": [
        [2.30895931, 0.0, 2.30895931],
        [2.2904673, 4.56504915, -2.2904673],
        [-6.89736923, 4.59099845, 6.89736923]
    ]
}