{
    "atom_type": [
        "N",
        "Zr"
    ],
    "atoms_per_type": [
        6,
        8
    ],
    "coord_mode": "direct",
    "relaxed_basis": [
        [0.87562969, 0.87562969, 0.75125938],
        [0.99958547, 0.49958547, 0.99917094],
        [0.12342461, 0.12342461, 0.24684923],
        [0.25157539, 0.75157539, 0.50315077],
        [0.37541453, 0.37541453, 0.75082906],
        [0.49937031, 0.99937031, 0.99874062],
        [0.00238907, 0.00238907, 0.00477814],
        [0.12777543, 0.62777543, 0.25555087],
        [0.24722457, 0.24722457, 0.49444913],
        [0.37261093, 0.87261093, 0.74522186],
        [0.49651356, 0.49651356, 0.99302713],
        [0.62347961, 0.12347961, 0.24695922],
        [0.75152039, 0.75152039, 0.50304078],
        [0.87848644, 0.37848644, 0.75697287]
    ],
    "relaxed_energy": -139.57841058,
    "relaxed_forces": [
        [-0.0, -0.0, 0.07310127],
        [-0.0, -0.0, 0.05752611],
        [0.0, 0.0, -0.0335699],
        [-0.0, -0.0, 0.0335699],
        [0.0, 0.0, -0.05752611],
        [0.0, 0.0, -0.07310127],
        [-0.0, -0.0, 0.05417032],
        [-0.0, -0.0, 0.03549591],
        [0.0, 0.0, -0.03549591],
        [0.0, 0.0, -0.05417032],
        [0.0, 0.0, -0.07808758],
        [0.0, 0.0, -0.051597],
        [-0.0, -0.0, 0.051597],
        [-0.0, -0.0, 0.07808758]
    ],
    "relaxed_lattice": [
        [4.60590672, 0.0, -0.0],
        [0.0, 4.58252886, -0.0],
        [-2.30295336, -2.29126443, 9.21867308]
    ]
}