{
    "atom_type": [
        "N",
        "Zr"
    ],
    "atoms_per_type": [
        5,
        8
    ],
    "coord_mode": "direct",
    "relaxed_basis": [
        [0.5, 0.5, 2.668e-05],
        [0.5, 0.5, 0.24997332],
        [0.5, 0.5, 0.50075343],
        [0.0, 0.0, 0.625],
        [0.5, 0.5, 0.74924657],
        [0.0, 0.0, 0.00016384],
        [0.5, 0.5, 0.125],
        [0.0, 0.0, 0.24983616],
        [0.5, 0.5, 0.37422055],
        [0.0, 0.0, 0.49967183],
        [0.5, 0.5, 0.625],
        [0.0, 0.0, 0.75032817],
        [0.5, 0.5, 0.87577945]
    ],
    "relaxed_energy": -127.49091939,
    "relaxed_forces": [
        [0.0, 0.0, -0.00294144],
        [-0.0, -0.0, 0.00294144],
        [0.0, 0.0, -0.12248874],
        [-0.0, -0.0, 0.0],
        [-0.0, -0.0, 0.12248874],
        [-0.0, -0.0, -0.06624682],
        [0.0, -0.0, 0.0],
        [-0.0, -0.0, 0.06624682],
        [-0.0, -0.0, 0.10981976],
        [0.0, 0.0, 0.14242174],
        [0.0, -0.0, 0.0],
        [-0.0, -0.0, -0.14242174],
        [-0.0, 0.0, -0.10981976]
    ],
    "relaxed_lattice": [
        [2.29420396, 2.29420396, 0.0],
        [2.29420396, -2.29420396, 0.0],
        [0.0, 0.0, -18.29896117]
    ]
}