{
    "atom_type": [
        "N",
        "Zr"
    ],
    "atoms_per_type": [
        3,
        8
    ],
    "coord_mode": "direct",
    "relaxed_basis": [
        [0.0, 0.62517418, 0.87386839],
        [0.0, 0.875, 0.625],
        [0.0, 0.12482582, 0.37613161],
        [0.0, 0.99463175, 0.0010525],
        [0.5, 0.00070826, 0.50060641],
        [0.5, 0.24911285, 0.2545404],
        [0.0, 0.24834458, 0.75203418],
        [0.0, 0.50165542, 0.49796582],
        [0.5, 0.50088715, 0.9954596],
        [0.5, 0.74929174, 0.74939359],
        [0.0, 0.75536825, 0.2489475]
    ],
    "relaxed_energy": -103.7048812,
    "relaxed_forces": [
        [0.02456357, -0.03630625, -0.02456357],
        [0.0, 0.0, 0.0],
        [-0.02456357, 0.03630625, 0.02456357],
        [-0.04082987, -0.01778419, 0.04082987],
        [0.02981136, 0.04411329, -0.02981136],
        [-0.01754254, 0.0775991, 0.01754254],
        [-0.00114447, 0.01673812, 0.00114447],
        [0.00114447, -0.01673812, -0.00114447],
        [0.01754254, -0.0775991, -0.01754254],
        [-0.02981136, -0.04411329, 0.02981136],
        [0.04082987, 0.01778419, -0.04082987]
    ],
    "relaxed_lattice": [
        [2.29765121, 0.0, 2.29765121],
        [2.29106226, 4.54194806, -2.29106226],
        [-6.88552063, 4.5544294, 6.88552063]
    ]
}