{
    "atom_type": [
        "N",
        "Zr"
    ],
    "atoms_per_type": [
        2,
        7
    ],
    "coord_mode": "direct",
    "relaxed_basis": [
        [0.35585545, 0.21312342, 0.92597793],
        [0.92985885, 0.35830518, 0.21687917],
        [0.00883875, 0.01568603, 0.00471481],
        [0.57894099, 0.14392746, 0.27435614],
        [0.1428571, 0.2857143, 0.5714286],
        [0.70677331, 0.42750104, 0.86850106],
        [0.27687555, 0.55574257, 0.13814229],
        [0.85785755, 0.70610368, 0.4305528],
        [0.42785675, 0.86532492, 0.7123043]
    ],
    "relaxed_energy": -83.29327169,
    "relaxed_forces": [
        [-0.02282103, -0.04832488, -0.05115331],
        [0.02282103, 0.04832488, 0.05115331],
        [-0.02873077, -0.01653778, -0.04946714],
        [0.10322017, -0.07695815, -0.01439],
        [-0.0, 0.0, 0.0],
        [-0.10322017, 0.07695815, 0.01439],
        [0.02873077, 0.01653778, 0.04946714],
        [-0.04167698, 0.0202927, -0.07377989],
        [0.04167698, -0.0202927, 0.07377989]
    ],
    "relaxed_lattice": [
        [2.31494208, -4.61582482, -2.30236115],
        [-4.62360368, -2.28373168, 2.26089755],
        [-2.32274667, 2.27642196, -4.55048535]
    ]
}