{
    "atom_type": [
        "N",
        "Zr"
    ],
    "atoms_per_type": [
        7,
        8
    ],
    "coord_mode": "direct",
    "relaxed_basis": [
        [0.18773567, 0.06358331, 0.37547133],
        [0.31240561, 0.4367598, 0.62481122],
        [0.43727049, 0.81314355, 0.87454098],
        [0.5625, 0.1875, 0.125],
        [0.68772951, 0.56185645, 0.37545902],
        [0.81259439, 0.9382402, 0.62518878],
        [0.93726433, 0.31141669, 0.87452867],
        [0.99895971, 0.00648589, 0.99791942],
        [0.12604029, 0.36851411, 0.25208058],
        [0.24855316, 0.74824637, 0.49710632],
        [0.37597495, 0.12340306, 0.7519499],
        [0.49740137, 0.49250454, 0.99480274],
        [0.62759863, 0.88249546, 0.25519726],
        [0.74902505, 0.25159694, 0.4980501],
        [0.87644684, 0.62675363, 0.75289368]
    ],
    "relaxed_energy": -151.49603828,
    "relaxed_forces": [
        [0.04499685, -0.00333577, 0.04499685],
        [0.00747641, -0.00814192, 0.00747641],
        [-0.00772694, 0.02174852, -0.00772694],
        [0.0, -0.0, 0.0],
        [0.00772694, -0.02174852, 0.00772694],
        [-0.00747641, 0.00814192, -0.00747641],
        [-0.04499685, 0.00333577, -0.04499685],
        [0.00539224, 0.05790686, 0.00539224],
        [-0.00539224, -0.05790686, -0.00539224],
        [-0.01753094, -0.01583318, -0.01753094],
        [0.00534332, -0.05200904, 0.00534332],
        [-0.02315423, -0.04727906, -0.02315423],
        [0.02315423, 0.04727906, 0.02315423],
        [-0.00534332, 0.05200904, -0.00534332],
        [0.01753094, 0.01583318, 0.01753094]
    ],
    "relaxed_lattice": [
        [2.30513932, 0.0, -2.30513932],
        [2.30209973, 4.59808616, 2.30209973],
        [4.58398191, -6.8783903, 6.88912122]
    ]
}