{
    "atom_type": [
        "N",
        "Zr"
    ],
    "atoms_per_type": [
        3,
        8
    ],
    "coord_mode": "direct",
    "relaxed_basis": [
        [0.25, 0.12074164, 0.62925836],
        [0.75, 0.875, 0.875],
        [0.25, 0.62925836, 0.12074164],
        [0.00279259, 0.99298553, 0.99298553],
        [0.99785337, 0.50821703, 0.00323272],
        [0.4884542, 0.25508897, 0.25508897],
        [0.50214663, 0.74676728, 0.24178297],
        [0.0115458, 0.49491103, 0.49491103],
        [0.99785337, 0.00323272, 0.50821703],
        [0.49720741, 0.75701447, 0.75701447],
        [0.50214663, 0.24178297, 0.74676728]
    ],
    "relaxed_energy": -103.67456326,
    "relaxed_forces": [
        [-0.0, -0.05981207, 0.05981207],
        [-0.0, -0.0, -0.0],
        [-0.0, 0.05981207, -0.05981207],
        [0.00012488, 0.04160422, 0.04160422],
        [0.00262612, -0.01422041, 0.02348018],
        [-0.10912984, 0.01309201, 0.01309201],
        [-0.00262612, -0.02348018, 0.01422041],
        [0.10912984, -0.01309201, -0.01309201],
        [0.00262612, 0.02348018, -0.01422041],
        [-0.00012488, -0.04160422, -0.04160422],
        [-0.00262612, 0.01422041, -0.02348018]
    ],
    "relaxed_lattice": [
        [4.62733631, -2.31410363, -2.31410363],
        [4.56792803, 4.5791659, -0.06988646],
        [4.56792803, -0.06988646, 4.5791659]
    ]
}