{
    "atom_type": [
        "N",
        "Zr"
    ],
    "atoms_per_type": [
        4,
        8
    ],
    "coord_mode": "direct",
    "relaxed_basis": [
        [0.625, 0.25, 0.9375],
        [0.37497661, 0.74995322, 0.56290872],
        [0.625, 0.25, 0.4375],
        [0.87502339, 0.75004678, 0.31209128],
        [0.00747184, 0.01494368, 0.99622824],
        [0.24252816, 0.48505632, 0.87877176],
        [0.50067563, 0.00135126, 0.75185186],
        [0.75361917, 0.50723834, 0.62041151],
        [0.99516624, 0.99033249, 0.49560074],
        [0.25483376, 0.50966751, 0.37939926],
        [0.49638083, 0.99276166, 0.25458849],
        [0.74932437, 0.49864874, 0.12314814]
    ],
    "relaxed_energy": -115.93148505,
    "relaxed_forces": [
        [0.0, -0.0, 0.0],
        [-0.03510519, 0.03510519, 0.09234078],
        [0.0, -0.0, 0.0],
        [0.03510519, -0.03510519, -0.09234078],
        [-0.01404915, 0.01404915, 0.03252488],
        [0.01404915, -0.01404915, -0.03252488],
        [-0.02819493, 0.02819493, -0.08519145],
        [-0.03996454, 0.03996454, 0.0053973],
        [-0.03536701, 0.03536701, 0.07392108],
        [0.03536701, -0.03536701, -0.07392108],
        [0.03996454, -0.03996454, -0.0053973],
        [0.02819493, -0.02819493, 0.08519145]
    ],
    "relaxed_lattice": [
        [2.32884259, 2.32884259, -0.0],
        [-4.60676034, 2.27791776, 2.27349131],
        [4.60066868, -4.60066868, 9.12662261]
    ]
}