{
    "atom_type": [
        "N",
        "Zr"
    ],
    "atoms_per_type": [
        2,
        7
    ],
    "coord_mode": "direct",
    "relaxed_basis": [
        [0.07147833, 0.14295656, 0.78469787],
        [0.49995027, 0.99990054, 0.50101643],
        [0.99923826, 0.99847652, 0.00242326],
        [0.70833506, 0.41667012, 0.85906334],
        [0.43700295, 0.874006, 0.71503049],
        [0.13442555, 0.2688512, 0.57068381],
        [0.86309354, 0.72618698, 0.42665096],
        [0.57219034, 0.14438058, 0.28329104],
        [0.2857143, 0.5714286, 0.1428571]
    ],
    "relaxed_energy": -83.26817115,
    "relaxed_forces": [
        [0.0063454, 0.0063454, 0.00751465],
        [-0.0063454, -0.0063454, -0.00751465],
        [-0.04752613, -0.04752613, 0.1360337],
        [0.01250159, 0.01250159, 0.08293219],
        [-0.02319878, -0.02319878, 0.07306909],
        [0.02319878, 0.02319878, -0.07306909],
        [-0.01250159, -0.01250159, -0.08293219],
        [0.04752613, 0.04752613, -0.1360337],
        [0.0, -0.0, -0.0]
    ],
    "relaxed_lattice": [
        [2.30068939, -2.30068939, 0.0],
        [2.26661119, 4.56730057, -2.26743253],
        [2.32417435, 2.32417435, 9.20804047]
    ]
}