{
    "atom_type": [
        "N",
        "Zr"
    ],
    "atoms_per_type": [
        3,
        5
    ],
    "coord_mode": "direct",
    "relaxed_basis": [
        [0.00572807, 0.49059488, 0.49794898],
        [0.6, 0.7, 0.1],
        [0.19427193, 0.90940512, 0.70205102],
        [0.00522692, 0.9788167, 0.01072946],
        [0.6, 0.2, 0.6],
        [0.19477308, 0.4211833, 0.18927054],
        [0.79219458, 0.62548127, 0.79012957],
        [0.40780542, 0.77451873, 0.40987043]
    ],
    "relaxed_energy": -78.588467,
    "relaxed_forces": [
        [-0.02320241, 0.02320241, -0.05200898],
        [-0.0, 0.0, -0.0],
        [0.02320241, -0.02320241, 0.05200898],
        [-0.03002607, 0.03002607, 0.05389006],
        [-0.0, 0.0, -0.0],
        [0.03002607, -0.03002607, -0.05389006],
        [-0.01605988, 0.01605988, 0.00735139],
        [0.01605988, -0.01605988, -0.00735139]
    ],
    "relaxed_lattice": [
        [2.33144005, 2.33144005, 0.0],
        [-2.35089521, 4.68233525, 2.20916553],
        [2.37465073, -0.04321068, 6.73730751]
    ]
}