{
    "atom_type": [
        "N",
        "Zr"
    ],
    "atoms_per_type": [
        2,
        6
    ],
    "coord_mode": "direct",
    "relaxed_basis": [
        [0.83838944, 0.67677897, 0.66847477],
        [0.16161056, 0.32322103, 0.33152523],
        [0.0, 0.0, 0.0],
        [0.67859255, 0.357185, 0.83662162],
        [0.33008335, 0.66016679, 0.65398558],
        [0.0, 0.0, 0.5],
        [0.66991665, 0.33983321, 0.34601442],
        [0.32140745, 0.642815, 0.16337838]
    ],
    "relaxed_energy": -74.99740074,
    "relaxed_forces": [
        [0.0, -0.00147773, 0.00020162],
        [-0.0, 0.00147773, -0.00020162],
        [0.0, -0.0, 0.0],
        [-0.0, 0.06511361, 0.04301947],
        [-0.0, 0.01396581, 0.02198258],
        [0.0, -0.0, 0.0],
        [0.0, -0.01396581, -0.02198258],
        [0.0, -0.06511361, -0.04301947]
    ],
    "relaxed_lattice": [
        [4.5500984, -0.0, -0.0],
        [-2.2750492, 4.6151164, 2.28232284],
        [0.0, -4.64337619, 4.62050988]
    ]
}