{
    "atom_type": [
        "N",
        "Zr"
    ],
    "atoms_per_type": [
        5,
        8
    ],
    "coord_mode": "direct",
    "relaxed_basis": [
        [0.43757744, 0.81362525, 0.87515489],
        [0.56231012, 0.18484403, 0.12462024],
        [0.6875, 0.5625, 0.375],
        [0.81268988, 0.94015597, 0.62537976],
        [0.93742256, 0.31137475, 0.87484511],
        [0.99948052, 0.01041567, 0.99896104],
        [0.12621923, 0.37819413, 0.25243845],
        [0.24878077, 0.74680587, 0.49756155],
        [0.37551948, 0.11458433, 0.75103896],
        [0.49702193, 0.49058945, 0.99404387],
        [0.62579546, 0.87689301, 0.25159092],
        [0.74920454, 0.24810699, 0.49840908],
        [0.87797807, 0.63441055, 0.75595613]
    ],
    "relaxed_energy": -127.83902015,
    "relaxed_forces": [
        [0.06994612, -0.03292708, 0.06994612],
        [0.01032735, 0.0072263, 0.01032735],
        [-0.0, -0.0, -0.0],
        [-0.01032735, -0.0072263, -0.01032735],
        [-0.06994612, 0.03292708, -0.06994612],
        [0.02211321, -0.02746833, 0.02211321],
        [0.00496525, 0.09236047, 0.00496525],
        [-0.00496525, -0.09236047, -0.00496525],
        [-0.02211321, 0.02746833, -0.02211321],
        [-0.05068202, 0.02548301, -0.05068202],
        [0.04379871, 0.02863605, 0.04379871],
        [-0.04379871, -0.02863605, -0.04379871],
        [0.05068202, -0.02548301, 0.05068202]
    ],
    "relaxed_lattice": [
        [2.30964926, 0.0, -2.30964926],
        [2.30145223, 4.56192936, 2.30145223],
        [4.6191304, -6.86316653, 6.92877966]
    ]
}