{
    "atom_type": [
        "N",
        "Zr"
    ],
    "atoms_per_type": [
        4,
        8
    ],
    "coord_mode": "direct",
    "relaxed_basis": [
        [0.25168429, 0.87998992, 0.81080323],
        [0.25004845, 0.37494032, 0.06313183],
        [0.74995155, 0.12505968, 0.18686817],
        [0.74831571, 0.62001008, 0.43919677],
        [0.00624673, 0.02023944, 0.99858899],
        [0.5, 0.75, 0.125],
        [0.99375327, 0.47976056, 0.25141101],
        [0.51589519, 0.27036379, 0.36907838],
        [0.98477963, 0.97371891, 0.49234422],
        [0.5, 0.75, 0.625],
        [0.01522037, 0.52628109, 0.75765578],
        [0.48410481, 0.22963621, 0.88092162]
    ],
    "relaxed_energy": -116.14327098,
    "relaxed_forces": [
        [-0.00458385, -0.00456528, 0.01535777],
        [0.04542989, 0.00628759, -0.00423396],
        [-0.04542989, -0.00628759, 0.00423396],
        [0.00458385, 0.00456528, -0.01535777],
        [-0.05013769, 0.04337018, -0.00039192],
        [0.0, -0.0, -0.0],
        [0.05013769, -0.04337018, 0.00039192],
        [0.00389596, 0.00177518, -0.03379818],
        [0.00495913, -0.02688384, -0.03463925],
        [0.0, -0.0, -0.0],
        [-0.00495913, 0.02688384, 0.03463925],
        [-0.00389596, -0.00177518, 0.03379818]
    ],
    "relaxed_lattice": [
        [2.30639507, 2.3836679, -4.54911572],
        [-2.28671845, 4.74696346, 2.27433151],
        [4.55641172, 0.00560079, 4.5226628]
    ]
}