{
    "atom_type": [
        "N",
        "Zr"
    ],
    "atoms_per_type": [
        5,
        8
    ],
    "coord_mode": "direct",
    "relaxed_basis": [
        [0.74964771, 0.24964771, 0.49929543],
        [0.00035229, 0.50035229, 0.00070457],
        [0.24964771, 0.74964771, 0.49929543],
        [0.375, 0.375, 0.75],
        [0.50035229, 0.00035229, 0.00070457],
        [0.00272342, 0.00272342, 0.00544684],
        [0.125, 0.625, 0.25],
        [0.25327238, 0.25327238, 0.50654477],
        [0.375, 0.875, 0.75],
        [0.49672762, 0.49672762, 0.99345523],
        [0.625, 0.125, 0.25],
        [0.74727658, 0.74727658, 0.49455316],
        [0.875, 0.375, 0.75]
    ],
    "relaxed_energy": -127.40124875,
    "relaxed_forces": [
        [0.0, 0.0, -0.02464453],
        [-0.0, -0.0, 0.02464453],
        [0.0, 0.0, -0.02464453],
        [0.0, -0.0, -0.0],
        [-0.0, -0.0, 0.02464453],
        [-0.0, -0.0, 0.01517472],
        [-0.0, 0.0, -0.0],
        [-0.0, -0.0, 0.03893525],
        [0.0, -0.0, -0.0],
        [0.0, 0.0, -0.03893525],
        [0.0, -0.0, -0.0],
        [0.0, 0.0, -0.01517472],
        [0.0, -0.0, -0.0]
    ],
    "relaxed_lattice": [
        [4.59210795, 0.0, -0.0],
        [0.0, 4.59210795, -0.0],
        [-2.29605398, -2.29605398, 9.18676139]
    ]
}