{
    "atom_type": [
        "N",
        "Zr"
    ],
    "atoms_per_type": [
        5,
        8
    ],
    "coord_mode": "direct",
    "relaxed_basis": [
        [0.75, 0.75, 0.74917581],
        [0.25, 0.25, 0.74917581],
        [0.75, 0.25, 0.5],
        [0.75, 0.75, 0.25082419],
        [0.25, 0.25, 0.25082419],
        [0.00237725, 0.99762275, 0.0],
        [0.49762275, 0.50237725, 0.0],
        [0.50552772, 0.00552772, 0.7443919],
        [0.99447228, 0.49447228, 0.7443919],
        [0.99455123, 0.00544877, 0.5],
        [0.50544877, 0.49455123, 0.5],
        [0.50552772, 0.00552772, 0.2556081],
        [0.99447228, 0.49447228, 0.2556081]
    ],
    "relaxed_energy": -127.58909454,
    "relaxed_forces": [
        [-0.02548262, 0.02548262, 0.0],
        [-0.02548262, 0.02548262, 0.0],
        [0.0, -0.0, 0.0],
        [0.02548262, -0.02548262, 0.0],
        [0.02548262, -0.02548262, 0.0],
        [0.0, -0.0, -0.155409],
        [0.0, -0.0, 0.155409],
        [-0.00349933, -0.03788068, 0.0],
        [0.03788068, 0.00349933, 0.0],
        [0.0, -0.0, -0.04236742],
        [0.0, -0.0, 0.04236742],
        [-0.03788068, -0.00349933, 0.0],
        [0.00349933, 0.03788068, 0.0]
    ],
    "relaxed_lattice": [
        [-2.31285464, -2.31285464, -4.52485224],
        [-2.31285464, -2.31285464, 4.52485224],
        [-4.63122055, 4.63122055, 0.0]
    ]
}