{
    "atom_type": [
        "N",
        "Zr"
    ],
    "atoms_per_type": [
        5,
        8
    ],
    "coord_mode": "direct",
    "relaxed_basis": [
        [0.5, 0.0, 0.125],
        [0.5, 0.0, 0.3731892],
        [0.0, 0.5, 0.50133328],
        [0.0, 0.5, 0.74866672],
        [0.5, 0.0, 0.8768108],
        [0.0, 0.0, 0.00127168],
        [0.5, 0.5, 0.125],
        [0.0, 0.0, 0.24872832],
        [0.5, 0.5, 0.38424039],
        [0.0, 0.0, 0.49042242],
        [0.5, 0.5, 0.625],
        [0.0, 0.0, 0.75957758],
        [0.5, 0.5, 0.86575961]
    ],
    "relaxed_energy": -127.95584777,
    "relaxed_forces": [
        [-0.0, 0.0, -0.0],
        [0.0407334, 0.0, -0.0407334],
        [-0.03869666, 0.0, 0.03869666],
        [0.03869666, 0.0, -0.03869666],
        [-0.0407334, 0.0, 0.0407334],
        [0.00942439, 0.0, -0.00942439],
        [-0.0, 0.0, -0.0],
        [-0.00942439, 0.0, 0.00942439],
        [-0.02056441, 0.0, 0.02056441],
        [0.01670412, 0.0, -0.01670412],
        [-0.0, 0.0, -0.0],
        [-0.01670412, 0.0, 0.01670412],
        [0.02056441, 0.0, -0.02056441]
    ],
    "relaxed_lattice": [
        [2.31794151, 0.0, 2.31794151],
        [0.0, 4.52147708, 0.0],
        [-9.34163544, 0.0, 9.34163544]
    ]
}