{
    "atom_type": [
        "N",
        "Zr"
    ],
    "atoms_per_type": [
        3,
        7
    ],
    "coord_mode": "direct",
    "relaxed_basis": [
        [0.21407262, 0.21407262, 0.35778213],
        [0.3571429, 0.3571429, 0.9285714],
        [0.50021308, 0.50021308, 0.49936077],
        [0.00116662, 0.00116662, 0.99650014],
        [0.14300501, 0.14300501, 0.57098487],
        [0.28550801, 0.28550801, 0.14347596],
        [0.42877769, 0.42877769, 0.71366684],
        [0.57128069, 0.57128069, 0.28615803],
        [0.71311908, 0.71311908, 0.86064276],
        [0.8571429, 0.8571429, 0.4285714]
    ],
    "relaxed_energy": -95.07260762,
    "relaxed_forces": [
        [-0.04064149, 0.04064149, 0.04064149],
        [-0.0, 0.0, 0.0],
        [0.04064149, -0.04064149, -0.04064149],
        [0.01938002, -0.01938002, -0.01938002],
        [0.05320747, -0.05320747, -0.05320747],
        [-0.00380882, 0.00380882, 0.00380882],
        [0.00380882, -0.00380882, -0.00380882],
        [-0.05320747, 0.05320747, 0.05320747],
        [-0.01938002, 0.01938002, 0.01938002],
        [-0.0, -0.0, 0.0]
    ],
    "relaxed_lattice": [
        [2.29586041, -0.0, 2.29586041],
        [2.29586041, 2.29586041, -0.0],
        [-9.21496268, 11.51082308, 11.51082308]
    ]
}