{
    "atom_type": [
        "N",
        "Zr"
    ],
    "atoms_per_type": [
        4,
        8
    ],
    "coord_mode": "direct",
    "relaxed_basis": [
        [0.0, 0.74610221, 0.75],
        [0.5, 0.0, 0.5],
        [0.5, 0.0, 0.0],
        [0.0, 0.25389779, 0.25],
        [0.0, 0.0, 0.0],
        [0.0, 0.0, 0.5],
        [0.5, 0.23677218, 0.25],
        [0.5, 0.24064449, 0.75],
        [0.0, 0.5, 0.5],
        [0.0, 0.5, 0.0],
        [0.5, 0.76322782, 0.75],
        [0.5, 0.75935551, 0.25]
    ],
    "relaxed_energy": -115.7620557,
    "relaxed_forces": [
        [0.0, -0.04493263, -0.04493263],
        [0.0, -0.0, 0.0],
        [0.0, -0.0, 0.0],
        [-0.0, 0.04493263, 0.04493263],
        [0.0, -0.0, 0.0],
        [0.0, -0.0, -0.0],
        [0.0, -0.02179246, -0.02179246],
        [0.0, -0.00802477, -0.00802477],
        [0.0, -0.0, 0.0],
        [0.0, -0.0, 0.0],
        [-0.0, 0.02179246, 0.02179246],
        [0.0, 0.00802477, 0.00802477]
    ],
    "relaxed_lattice": [
        [-4.62574149, 0.0, 0.0],
        [0.0, 4.57112756, 4.57112756],
        [0.0, 4.58359204, -4.58359204]
    ]
}