{
    "atom_type": [
        "N",
        "Zr"
    ],
    "atoms_per_type": [
        4,
        8
    ],
    "coord_mode": "direct",
    "relaxed_basis": [
        [0.0, 0.74754172, 0.75],
        [0.5, 0.0, 0.49754172],
        [0.5, 0.0, 0.00245828],
        [0.0, 0.25245828, 0.75],
        [0.0, 0.0, 0.98556094],
        [0.0, 0.0, 0.51443906],
        [0.5, 0.24163754, 0.25],
        [0.5, 0.23556094, 0.75],
        [0.0, 0.5, 0.50836246],
        [0.0, 0.5, 0.99163754],
        [0.5, 0.76443906, 0.75],
        [0.5, 0.75836246, 0.25]
    ],
    "relaxed_energy": -115.90473696,
    "relaxed_forces": [
        [0.0, -0.00539049, -0.00539049],
        [-0.0, -0.00539049, 0.00539049],
        [0.0, 0.00539049, -0.00539049],
        [0.0, 0.00539049, 0.00539049],
        [0.0, -0.01669452, 0.01669452],
        [0.0, 0.01669452, -0.01669452],
        [-0.0, -0.02812389, -0.02812389],
        [0.0, -0.01669452, -0.01669452],
        [0.0, 0.02812389, -0.02812389],
        [0.0, -0.02812389, 0.02812389],
        [0.0, 0.01669452, 0.01669452],
        [0.0, 0.02812389, 0.02812389]
    ],
    "relaxed_lattice": [
        [-4.58464657, 0.0, 0.0],
        [0.0, 4.62830965, 4.62830965],
        [0.0, 4.62830965, -4.62830965]
    ]
}