{
    "atom_type": [
        "N",
        "Zr"
    ],
    "atoms_per_type": [
        3,
        8
    ],
    "coord_mode": "direct",
    "relaxed_basis": [
        [0.5, 0.74951798, 0.99850815],
        [0.0, 0.875, 0.75],
        [0.5, 0.00048202, 0.50149185],
        [0.0, 0.9900924, 0.00021622],
        [0.5, 0.11146122, 0.7442239],
        [0.0, 0.23961441, 0.49391551],
        [0.5, 0.375, 0.25],
        [0.0, 0.51038559, 0.00608449],
        [0.5, 0.63853878, 0.7557761],
        [0.0, 0.7599076, 0.49978378],
        [0.5, 0.875, 0.25]
    ],
    "relaxed_energy": -103.80148159,
    "relaxed_forces": [
        [0.0152324, -0.0152324, 0.00216358],
        [-0.0, 0.0, 0.0],
        [-0.0152324, 0.0152324, -0.00216358],
        [-0.00562704, 0.00562704, 0.07839419],
        [-0.02471893, 0.02471893, 0.03096218],
        [-0.04807561, 0.04807561, -0.09725032],
        [-0.0, 0.0, 0.0],
        [0.04807561, -0.04807561, 0.09725032],
        [0.02471893, -0.02471893, -0.03096218],
        [0.00562704, -0.00562704, -0.07839419],
        [-0.0, 0.0, 0.0]
    ],
    "relaxed_lattice": [
        [2.30961465, 2.30961465, 0.0],
        [-4.57813347, 4.57813347, -0.02657499],
        [2.31571809, -2.31571809, 9.19664195]
    ]
}