{
    "atom_type": [
        "N",
        "Zr"
    ],
    "atoms_per_type": [
        1,
        6
    ],
    "coord_mode": "direct",
    "relaxed_basis": [
        [0.75, 0.0, 0.75],
        [0.99437063, 0.0, 0.99478135],
        [0.16356124, 0.67260874, 0.49581121],
        [0.33643876, 0.32739126, 0.00418879],
        [0.50562937, 1.0, 0.50521865],
        [0.66383012, 0.67260874, 0.00418879],
        [0.83616988, 0.32739126, 0.49581121]
    ],
    "relaxed_energy": -62.83676519,
    "relaxed_forces": [
        [0.0, 0.0, 0.0],
        [-0.12208902, -0.00809559, 0.00809559],
        [-0.01738049, 0.02462652, 0.03560033],
        [0.01738049, -0.02462652, -0.03560033],
        [0.12208902, 0.00809559, -0.00809559],
        [0.01738049, 0.03560033, 0.02462652],
        [-0.01738049, -0.03560033, -0.02462652]
    ],
    "relaxed_lattice": [
        [4.59953075, 2.27069273, -2.27069273],
        [2.29976538, 4.55007884, 2.27938612],
        [4.61833874, -2.28940726, 2.28940726]
    ]
}