{
    "atom_type": [
        "N",
        "Zr"
    ],
    "atoms_per_type": [
        6,
        8
    ],
    "coord_mode": "direct",
    "relaxed_basis": [
        [0.06465412, 0.55874632, 0.31194544],
        [0.68698117, 0.18519212, 0.44084554],
        [0.31192565, 0.8097752, 0.5663735],
        [0.93807435, 0.4402248, 0.6836265],
        [0.56301883, 0.06480788, 0.80915446],
        [0.18534588, 0.69125368, 0.93805456],
        [0.00051552, 0.00934882, 0.98962014],
        [0.625, 0.625, 0.125],
        [0.24948448, 0.24065118, 0.26037986],
        [0.87307366, 0.8704374, 0.38341529],
        [0.50296993, 0.49941416, 0.49464598],
        [0.125, 0.125, 0.625],
        [0.74703007, 0.75058584, 0.75535402],
        [0.37692634, 0.3795626, 0.86658471]
    ],
    "relaxed_energy": -139.51492707,
    "relaxed_forces": [
        [-0.01365868, -0.10840084, 0.01365868],
        [-0.0050923, -0.05159646, 0.0050923],
        [-0.00125716, -0.03955725, 0.00125716],
        [0.00125716, 0.03955725, -0.00125716],
        [0.0050923, 0.05159646, -0.0050923],
        [0.01365868, 0.10840084, -0.01365868],
        [-0.04542765, 0.04440411, 0.04542765],
        [-0.0, -0.0, -0.0],
        [0.04542765, -0.04440411, -0.04542765],
        [0.00865105, -0.0248901, -0.00865105],
        [0.01256639, -0.06066353, -0.01256639],
        [-0.0, -0.0, -0.0],
        [-0.01256639, 0.06066353, 0.01256639],
        [-0.00865105, 0.0248901, 0.00865105]
    ],
    "relaxed_lattice": [
        [2.30839206, 0.0, 2.30839206],
        [2.32394841, 6.81899131, -0.01555635],
        [-4.64697438, 2.25668945, 6.95536644]
    ]
}