{
    "atom_type": [
        "N",
        "Zr"
    ],
    "atoms_per_type": [
        6,
        8
    ],
    "coord_mode": "direct",
    "relaxed_basis": [
        [0.0, 0.5, 0.25066594],
        [0.5, 0.0, 0.37604922],
        [0.0, 0.5, 0.50030075],
        [0.5, 0.0, 0.62469925],
        [0.0, 0.5, 0.74895078],
        [0.5, 0.0, 0.87433406],
        [0.0, 0.0, 0.99593713],
        [0.5, 0.5, 0.12906287],
        [0.0, 0.0, 0.25281003],
        [0.5, 0.5, 0.37065457],
        [0.0, 0.0, 0.49916334],
        [0.5, 0.5, 0.62583666],
        [0.0, 0.0, 0.75434543],
        [0.5, 0.5, 0.87218997]
    ],
    "relaxed_energy": -139.48381876,
    "relaxed_forces": [
        [-0.012717, 0.0, 0.012717],
        [-0.0633076, 0.0, 0.0633076],
        [0.00175621, 0.0, -0.00175621],
        [-0.00175621, 0.0, 0.00175621],
        [0.0633076, 0.0, -0.0633076],
        [0.012717, 0.0, -0.012717],
        [0.07836023, 0.0, -0.07836023],
        [-0.07836023, 0.0, 0.07836023],
        [-0.06996067, 0.0, 0.06996067],
        [0.00634434, 0.0, -0.00634434],
        [-0.03818935, 0.0, 0.03818935],
        [0.03818935, 0.0, -0.03818935],
        [-0.00634434, 0.0, 0.00634434],
        [0.06996067, 0.0, -0.06996067]
    ],
    "relaxed_lattice": [
        [2.30480862, 0.0, 2.30480862],
        [0.0, 4.58845037, 0.0],
        [-9.21168332, 0.0, 9.21168332]
    ]
}