{
    "atom_type": [
        "N",
        "Zr"
    ],
    "atoms_per_type": [
        3,
        6
    ],
    "coord_mode": "direct",
    "relaxed_basis": [
        [0.6666667, 0.3333333, 0.91716192],
        [0.3333333, 0.6666667, 0.58261567],
        [0.6666667, 0.3333333, 0.41744961],
        [0.0, 0.0, 0.99586601],
        [0.3333333, 0.6666667, 0.83785532],
        [0.6666667, 0.3333333, 0.66443216],
        [0.0, 0.0, 0.50045761],
        [0.3333333, 0.6666667, 0.33311939],
        [0.6666667, 0.3333333, 0.16770901]
    ],
    "relaxed_energy": -86.6124462,
    "relaxed_forces": [
        [0.01769449, 0.01769449, 0.01769449],
        [-0.02902595, -0.02902595, -0.02902595],
        [0.02647849, 0.02647849, 0.02647849],
        [-0.00866375, -0.00866375, -0.00866375],
        [0.00064044, 0.00064044, 0.00064044],
        [-0.03686279, -0.03686279, -0.03686279],
        [-0.02409739, -0.02409739, -0.02409739],
        [0.02655168, 0.02655168, 0.02655168],
        [0.02728478, 0.02728478, 0.02728478]
    ],
    "relaxed_lattice": [
        [2.29947564, 0.0, -2.29947564],
        [-2.29947564, 2.29947564, 0.0],
        [9.20387788, 9.20387788, 9.20387788]
    ]
}