{
    "atom_type": [
        "N",
        "Zr"
    ],
    "atoms_per_type": [
        1,
        5
    ],
    "coord_mode": "direct",
    "relaxed_basis": [
        [0.0, 0.5, 0.0],
        [0.0, 0.0, 0.0],
        [0.20497745, 0.20497745, 0.40995491],
        [0.40371535, 0.40371535, 0.80743071],
        [0.59628465, 0.59628465, 0.19256929],
        [0.79502255, 0.79502255, 0.59004509]
    ],
    "relaxed_energy": -54.49683896,
    "relaxed_forces": [
        [0.0, -0.0, 0.0],
        [0.0, -0.0, 0.0],
        [0.04597285, -0.0, 0.04597285],
        [0.04216261, -0.0, 0.04216261],
        [-0.04216261, 0.0, -0.04216261],
        [-0.04597285, 0.0, -0.04597285]
    ],
    "relaxed_lattice": [
        [2.28936218, 0.0, -2.28936218],
        [0.0, 4.57952825, 0.0],
        [4.56335028, -2.28976413, 6.85271246]
    ]
}