{
    "atom_type": [
        "N",
        "Zr"
    ],
    "atoms_per_type": [
        3,
        7
    ],
    "coord_mode": "direct",
    "relaxed_basis": [
        [0.99982661, 0.99965323, 0.50021639],
        [0.14315599, 0.28631209, 0.9273699],
        [0.71312121, 0.42624243, 0.64421333],
        [0.00114841, 0.00229682, 0.00220257],
        [0.57515419, 0.15030829, 0.71195296],
        [0.14344994, 0.28689999, 0.43695988],
        [0.71040892, 0.42081783, 0.13563154],
        [0.28311934, 0.56623869, 0.85193605],
        [0.85685193, 0.71370376, 0.5703421],
        [0.43090624, 0.86181258, 0.2906038]
    ],
    "relaxed_energy": -95.19401542,
    "relaxed_forces": [
        [-0.01005391, -0.0465586, -0.01005391],
        [-0.01889545, 0.05838964, -0.01889545],
        [0.0243989, 0.05107142, 0.0243989],
        [0.00326417, 0.02703589, 0.00326417],
        [-0.00293951, -0.08436818, -0.00293951],
        [-0.00103616, 0.04660671, -0.00103616],
        [-0.06578022, -0.14637843, -0.06578022],
        [0.00901016, 0.0972037, 0.00901016],
        [0.0009505, -0.00600254, 0.0009505],
        [0.06108152, 0.00300039, 0.06108152]
    ],
    "relaxed_lattice": [
        [2.30252597, 0.0, -2.30252597],
        [-0.01643734, 6.90397954, 2.28608863],
        [4.58527651, -4.61799135, 4.58527651]
    ]
}