{
    "atom_type": [
        "N",
        "Zr"
    ],
    "atoms_per_type": [
        5,
        8
    ],
    "coord_mode": "direct",
    "relaxed_basis": [
        [0.25496599, 0.12236268, 0.62678078],
        [0.74703689, 0.87728316, 0.87558304],
        [0.74886039, 0.37490418, 0.87429764],
        [0.25186521, 0.12327147, 0.12447614],
        [0.24919305, 0.62728879, 0.12372908],
        [0.00588353, 0.00592792, 0.99010697],
        [0.99502613, 0.49932997, 0.00078766],
        [0.47992494, 0.25846924, 0.24426377],
        [0.48925408, 0.75811281, 0.23743168],
        [0.00299012, 0.49171839, 0.50306369],
        [0.0112295, 0.0021263, 0.50398763],
        [0.50888265, 0.74584252, 0.76091066],
        [0.50488752, 0.23836257, 0.75958126]
    ],
    "relaxed_energy": -127.89814158,
    "relaxed_forces": [
        [0.00824909, -0.01355053, -0.00015182],
        [0.00956072, -8.23e-05, 0.01417493],
        [-0.00075418, -0.00804843, -0.00614092],
        [-0.00183261, 0.01761703, -0.01211632],
        [-0.03085955, 0.02544217, -0.01060561],
        [0.00656902, 0.00066015, 0.04362864],
        [0.0046806, -0.00265076, 0.0279221],
        [-0.0394906, 0.0333035, -0.01186921],
        [-0.05000435, 0.03822361, 0.02752478],
        [0.00463053, -0.03807305, -0.00902145],
        [0.06859252, -0.03382137, 0.00144325],
        [0.03215587, -0.00151151, -0.02792238],
        [-0.01149706, -0.01750852, -0.03686599]
    ],
    "relaxed_lattice": [
        [4.63590211, -2.31547228, -2.28664168],
        [4.64277841, 4.64809508, -0.00346694],
        [4.6293785, 0.00995797, 4.55032261]
    ]
}