{
    "atom_type": [
        "N",
        "Zr"
    ],
    "atoms_per_type": [
        4,
        7
    ],
    "coord_mode": "direct",
    "relaxed_basis": [
        [0.64143682, 0.28287374, 0.07125774],
        [0.35913958, 0.71827905, 0.93197122],
        [0.78371762, 0.56743525, 0.63945728],
        [0.50142028, 0.00284056, 0.50017086],
        [0.00204238, 0.00408477, 0.99890891],
        [0.72653951, 0.45307902, 0.86450229],
        [0.41631759, 0.83263528, 0.70692631],
        [0.14081472, 0.28162953, 0.57251969],
        [0.86900656, 0.73801303, 0.43199684],
        [0.5714286, 0.1428571, 0.2857143],
        [0.27385064, 0.54770127, 0.13943166]
    ],
    "relaxed_energy": -107.52383051,
    "relaxed_forces": [
        [-0.00772884, -0.00772884, -0.00962122],
        [-0.01521159, -0.01521159, 0.03135501],
        [0.01521159, 0.01521159, -0.03135501],
        [0.00772884, 0.00772884, 0.00962122],
        [-0.01061866, -0.01061866, -0.02547204],
        [0.01767688, 0.01767688, 0.01370137],
        [-0.01767688, -0.01767688, -0.01370137],
        [0.01061866, 0.01061866, 0.02547204],
        [0.00929434, 0.00929434, -0.02113672],
        [-0.0, -0.0, 0.0],
        [-0.00929434, -0.00929434, 0.02113672]
    ],
    "relaxed_lattice": [
        [2.33452079, -2.33452079, 0.0],
        [2.34202341, 4.67654418, -2.26961064],
        [2.31105949, 2.31105949, 8.99426277]
    ]
}