{
    "atom_type": [
        "N",
        "Zr"
    ],
    "atoms_per_type": [
        3,
        8
    ],
    "coord_mode": "direct",
    "relaxed_basis": [
        [0.5, 0.5, 0.24810264],
        [0.5, 0.5, 0.5],
        [0.5, 0.5, 0.75189736],
        [0.0, 0.0, 0.0],
        [0.5, 0.5, 0.12300887],
        [0.0, 0.0, 0.25026642],
        [0.5, 0.5, 0.37497841],
        [0.0, 0.0, 0.5],
        [0.5, 0.5, 0.62502159],
        [0.0, 0.0, 0.74973358],
        [0.5, 0.5, 0.87699113]
    ],
    "relaxed_energy": -103.70136683,
    "relaxed_forces": [
        [-0.0, 0.0, 0.04500889],
        [0.0, -0.0, 0.0],
        [0.0, 0.0, -0.04500889],
        [0.0, -0.0, 0.0],
        [0.0, -0.0, 0.08524592],
        [0.0, -0.0, 0.01829237],
        [0.0, 0.0, 0.08945584],
        [0.0, -0.0, 0.0],
        [-0.0, -0.0, -0.08945584],
        [-0.0, 0.0, -0.01829237],
        [-0.0, 0.0, -0.08524592]
    ],
    "relaxed_lattice": [
        [2.30056199, 2.30056199, 0.0],
        [2.30056199, -2.30056199, 0.0],
        [0.0, 0.0, -18.017066]
    ]
}