{
    "atom_type": [
        "N",
        "Zr"
    ],
    "atoms_per_type": [
        3,
        8
    ],
    "coord_mode": "direct",
    "relaxed_basis": [
        [0.75, 0.25, 0.75],
        [0.25, 0.75, 0.75],
        [0.75, 0.75, 0.75],
        [0.00145081, 0.00145081, 0.98979522],
        [0.50730315, 0.00145081, 0.98979522],
        [0.00145081, 0.50730315, 0.98979522],
        [0.50379851, 0.50379851, 0.98860446],
        [0.99620149, 0.99620149, 0.51139554],
        [0.49854919, 0.99269685, 0.51020478],
        [0.99269685, 0.49854919, 0.51020478],
        [0.49854919, 0.49854919, 0.51020478]
    ],
    "relaxed_energy": -103.75189549,
    "relaxed_forces": [
        [0.0, -0.0, 0.0],
        [-0.0, -0.0, 0.0],
        [0.0, -0.0, 0.0],
        [-0.03184253, -0.03184253, 0.00716463],
        [-0.03184253, -0.00716463, 0.03184253],
        [-0.00716463, -0.03184253, 0.03184253],
        [0.01521773, 0.01521773, -0.01521773],
        [-0.01521773, -0.01521773, 0.01521773],
        [0.00716463, 0.03184253, -0.03184253],
        [0.03184253, 0.00716463, -0.03184253],
        [0.03184253, 0.03184253, -0.00716463]
    ],
    "relaxed_lattice": [
        [0.0, 4.63171767, 4.63171767],
        [4.63171767, 0.0, 4.63171767],
        [4.57785706, 4.57785706, 0.05386061]
    ]
}