{
    "atom_type": [
        "N",
        "Zr"
    ],
    "atoms_per_type": [
        1,
        5
    ],
    "coord_mode": "direct",
    "relaxed_basis": [
        [0.3, 0.3, 0.6],
        [0.00034238, 0.00034238, 0.00068476],
        [0.8, 0.8, 0.6],
        [0.59965762, 0.59965762, 0.19931524],
        [0.4007188, 0.4007188, 0.80143759],
        [0.1992812, 0.1992812, 0.39856241]
    ],
    "relaxed_energy": -54.3242767,
    "relaxed_forces": [
        [-0.0, -0.0, 0.0],
        [0.0, 0.0, 0.0131491],
        [0.0, 0.0, 0.0],
        [-0.0, 0.0, -0.0131491],
        [-0.0, 0.0, 0.09023178],
        [0.0, 0.0, -0.09023178]
    ],
    "relaxed_lattice": [
        [2.30052966, -2.30052966, 0.0],
        [2.30052966, 2.30052966, 0.0],
        [-2.30052966, 0.0, 11.28600582]
    ]
}