{
    "atom_type": [
        "N",
        "Zr"
    ],
    "atoms_per_type": [
        2,
        8
    ],
    "coord_mode": "direct",
    "relaxed_basis": [
        [0.25105499, 0.75105499, 0.50210999],
        [0.49894501, 0.99894501, 0.99789001],
        [0.99818095, 0.99818095, 0.9963619],
        [0.13014011, 0.63014011, 0.26028022],
        [0.25181905, 0.25181905, 0.5036381],
        [0.375, 0.875, 0.75],
        [0.49818095, 0.49818095, 0.9963619],
        [0.61985989, 0.11985989, 0.23971978],
        [0.75181905, 0.75181905, 0.5036381],
        [0.875, 0.375, 0.75]
    ],
    "relaxed_energy": -92.16323264,
    "relaxed_forces": [
        [0.0, 0.0, -0.01334558],
        [-0.0, -0.0, 0.01334558],
        [0.0, 0.0, -0.01733151],
        [-0.0, -0.0, 0.05940092],
        [-0.0, -0.0, 0.01733151],
        [0.0, -0.0, 0.0],
        [0.0, 0.0, -0.01733151],
        [0.0, 0.0, -0.05940092],
        [-0.0, -0.0, 0.01733151],
        [0.0, -0.0, 0.0]
    ],
    "relaxed_lattice": [
        [4.55547779, 0.0, -0.0],
        [0.0, 4.55547779, -0.0],
        [-2.2777389, -2.2777389, 9.21824134]
    ]
}