{
    "atom_type": [
        "N",
        "Zr"
    ],
    "atoms_per_type": [
        7,
        8
    ],
    "coord_mode": "direct",
    "relaxed_basis": [
        [0.12425426, 0.12425426, 0.74850852],
        [0.49915042, 0.99915042, 0.49830084],
        [0.87574574, 0.87574574, 0.25149148],
        [0.25, 0.75, 0.0],
        [0.62425426, 0.62425426, 0.74850852],
        [0.00084958, 0.50084958, 0.50169916],
        [0.37574574, 0.37574574, 0.25149148],
        [0.00852026, 0.99147974, 0.0],
        [0.36768155, 0.86768155, 0.74590675],
        [0.75, 0.75, 0.5],
        [0.13231845, 0.63231845, 0.25409325],
        [0.49147974, 0.50852026, 0.0],
        [0.8782252, 0.3782252, 0.74590675],
        [0.25, 0.25, 0.5],
        [0.6217748, 0.1217748, 0.25409325]
    ],
    "relaxed_energy": -151.57668622,
    "relaxed_forces": [
        [-0.0, 0.00548223, -0.00548223],
        [-0.0, -0.021895, 0.021895],
        [-0.0, -0.00548223, 0.00548223],
        [-0.0, -0.0, -0.0],
        [-0.0, 0.00548223, -0.00548223],
        [-0.0, 0.021895, -0.021895],
        [-0.0, -0.00548223, 0.00548223],
        [0.12257087, -0.0, -0.0],
        [-0.0, 0.00519977, -0.01601046],
        [-0.0, -0.0, -0.0],
        [-0.0, -0.00519977, 0.01601046],
        [-0.12257087, -0.0, -0.0],
        [-0.0, 0.01601046, -0.00519977],
        [-0.0, -0.0, -0.0],
        [-0.0, -0.01601046, 0.00519977]
    ],
    "relaxed_lattice": [
        [4.61240111, 2.29588858, 2.29588858],
        [-4.61240111, 2.29588858, 2.29588858],
        [0.0, -6.89664187, 2.30486472]
    ]
}