{
    "atom_type": [
        "N",
        "Zr"
    ],
    "atoms_per_type": [
        4,
        8
    ],
    "coord_mode": "direct",
    "relaxed_basis": [
        [0.74690569, 0.88003409, 0.62615453],
        [0.25307072, 0.61836697, 0.87549158],
        [0.49692928, 0.00663303, 0.99950842],
        [0.00309431, 0.74496591, 0.24884547],
        [0.00679378, 0.97482561, 0.01158683],
        [0.25112512, 0.38319992, 0.11454985],
        [0.49933261, 0.76170981, 0.23962497],
        [0.75411425, 0.10434646, 0.38742504],
        [0.99588575, 0.52065354, 0.48757496],
        [0.25066739, 0.86329019, 0.63537503],
        [0.49887488, 0.24180008, 0.76045015],
        [0.74320622, 0.65017439, 0.86341317]
    ],
    "relaxed_energy": -116.23211335,
    "relaxed_forces": [
        [-0.0, -0.07953148, 0.05620232],
        [0.0, 0.01043429, -0.0071457],
        [-0.0, -0.01043429, 0.0071457],
        [0.0, 0.07953148, -0.05620232],
        [0.0, 0.03359178, 0.02936847],
        [0.0, 0.04623431, -0.068448],
        [0.0, 0.06510387, -0.05845566],
        [0.0, 0.02938356, 0.07205241],
        [-0.0, -0.02938356, -0.07205241],
        [-0.0, -0.06510387, 0.05845566],
        [-0.0, -0.04623431, 0.068448],
        [-0.0, -0.03359178, -0.02936847]
    ],
    "relaxed_lattice": [
        [4.53271772, 0.0, 0.0],
        [2.26635886, 4.59189242, -2.36449043],
        [2.26635886, 4.606845, 7.12695966]
    ]
}