{
    "atom_type": [
        "N",
        "Zr"
    ],
    "atoms_per_type": [
        3,
        7
    ],
    "coord_mode": "direct",
    "relaxed_basis": [
        [0.57179792, 0.07179792, 0.14359573],
        [0.85741851, 0.35741851, 0.71483692],
        [0.99990311, 0.49990311, 0.99980622],
        [0.0049663, 0.0049663, 0.00993261],
        [0.14221305, 0.14221305, 0.2844262],
        [0.28766882, 0.28766882, 0.57533764],
        [0.42688925, 0.42688925, 0.85377859],
        [0.56822758, 0.56822758, 0.13645506],
        [0.71515278, 0.71515278, 0.43030556],
        [0.85433418, 0.85433418, 0.70866827]
    ],
    "relaxed_energy": -95.35087413,
    "relaxed_forces": [
        [0.10115138, -0.0, 0.10115138],
        [0.04464274, -0.0, 0.04464274],
        [-0.11039286, 0.0, -0.11039286],
        [-0.00340766, 0.0, -0.00340766],
        [0.03575751, -0.0, 0.03575751],
        [-0.02974889, 0.0, -0.02974889],
        [0.01991222, -0.0, 0.01991222],
        [-0.00971514, 0.0, -0.00971514],
        [0.03963543, -0.0, 0.03963543],
        [-0.08783474, 0.0, -0.08783474]
    ],
    "relaxed_lattice": [
        [2.30312272, 0.0, -2.30312272],
        [-0.0, 4.55879462, -0.0],
        [6.88423888, -2.27939732, 9.1873616]
    ]
}