{
    "atom_type": [
        "N",
        "Zr"
    ],
    "atoms_per_type": [
        4,
        7
    ],
    "coord_mode": "direct",
    "relaxed_basis": [
        [0.92935344, 0.85870698, 0.21230201],
        [0.35636086, 0.71272162, 0.93055509],
        [0.7809799, 0.56195979, 0.64247924],
        [0.5047344, 0.00946881, 0.50037786],
        [0.99050581, 0.98101161, 0.99183176],
        [0.72310758, 0.44621517, 0.86251904],
        [0.41621995, 0.83244, 0.70792622],
        [0.1428571, 0.2857143, 0.5714286],
        [0.86949435, 0.7389886, 0.43493088],
        [0.56260672, 0.12521333, 0.28033816],
        [0.29520849, 0.59041699, 0.15102534]
    ],
    "relaxed_energy": -107.55584163,
    "relaxed_forces": [
        [0.05675097, 0.05675097, -0.03925871],
        [-0.05675097, -0.05675097, 0.03925871],
        [0.06487094, 0.06487094, 0.06345465],
        [-0.06487094, -0.06487094, -0.06345465],
        [-0.04540917, -0.04540917, 0.04019057],
        [-0.01199612, -0.01199612, 0.06767425],
        [-0.04904753, -0.04904753, 0.01229227],
        [-0.0, 0.0, 0.0],
        [0.04904753, 0.04904753, -0.01229227],
        [0.01199612, 0.01199612, -0.06767425],
        [0.04540917, 0.04540917, -0.04019057]
    ],
    "relaxed_lattice": [
        [2.33433855, -2.33433855, 0.0],
        [2.35035357, 4.68469211, -2.20800053],
        [2.40253672, 2.40253672, 9.00173128]
    ]
}