{
    "atom_type": [
        "N",
        "Zr"
    ],
    "atoms_per_type": [
        4,
        8
    ],
    "coord_mode": "direct",
    "relaxed_basis": [
        [0.18732425, 0.18732425, 0.43802725],
        [0.06241816, 0.06241816, 0.81274552],
        [0.93758184, 0.93758184, 0.18725448],
        [0.81267575, 0.81267575, 0.56197275],
        [0.0, 0.0, 0.0],
        [0.87455642, 0.87455642, 0.37633073],
        [0.74893025, 0.74893025, 0.75320926],
        [0.62408797, 0.62408797, 0.12773609],
        [0.5, 0.5, 0.5],
        [0.37591203, 0.37591203, 0.87226391],
        [0.25106975, 0.25106975, 0.24679074],
        [0.12544358, 0.12544358, 0.62366927]
    ],
    "relaxed_energy": -115.49101667,
    "relaxed_forces": [
        [-0.01587732, -0.01587732, 0.01587732],
        [0.00012885, 0.00012885, -0.00012885],
        [-0.00012885, -0.00012885, 0.00012885],
        [0.01587732, 0.01587732, -0.01587732],
        [0.0, 0.0, 0.0],
        [-0.04565343, -0.04565343, 0.04565343],
        [-0.01690711, -0.01690711, 0.01690711],
        [0.00272743, 0.00272743, -0.00272743],
        [0.0, 0.0, 0.0],
        [-0.00272743, -0.00272743, 0.00272743],
        [0.01690711, 0.01690711, -0.01690711],
        [0.04565343, 0.04565343, -0.04565343]
    ],
    "relaxed_lattice": [
        [2.30065336, 0.0, 2.30065336],
        [0.0, 2.30065336, 2.30065336],
        [-11.51077058, -11.51077058, 13.81142394]
    ]
}