{
    "atom_type": [
        "N",
        "Zr"
    ],
    "atoms_per_type": [
        5,
        6
    ],
    "coord_mode": "direct",
    "relaxed_basis": [
        [0.3333333, 0.6666667, 0.08256606],
        [0.6666667, 0.3333333, 0.91666561],
        [0.0, 0.0, 0.75],
        [0.3333333, 0.6666667, 0.58333439],
        [0.6666667, 0.3333333, 0.41743394],
        [0.0, 0.0, 0.00301057],
        [0.3333333, 0.6666667, 0.83139364],
        [0.6666667, 0.3333333, 0.66860636],
        [0.0, 0.0, 0.49698943],
        [0.3333333, 0.6666667, 0.33582653],
        [0.6666667, 0.3333333, 0.16417347]
    ],
    "relaxed_energy": -110.47140541,
    "relaxed_forces": [
        [-0.03645811, -0.03645811, -0.03645811],
        [0.01705657, 0.01705657, 0.01705657],
        [0.0, -0.0, -0.0],
        [-0.01705657, -0.01705657, -0.01705657],
        [0.03645811, 0.03645811, 0.03645811],
        [-0.02034831, -0.02034831, -0.02034831],
        [0.0291027, 0.0291027, 0.0291027],
        [-0.0291027, -0.0291027, -0.0291027],
        [0.02034831, 0.02034831, 0.02034831],
        [0.01975449, 0.01975449, 0.01975449],
        [-0.01975449, -0.01975449, -0.01975449]
    ],
    "relaxed_lattice": [
        [2.29992565, 0.0, -2.29992565],
        [-2.29992565, 2.29992565, 0.0],
        [9.18294704, 9.18294704, 9.18294704]
    ]
}