{
    "atom_type": [
        "N",
        "Zr"
    ],
    "atoms_per_type": [
        3,
        8
    ],
    "coord_mode": "direct",
    "relaxed_basis": [
        [0.5, 0.0, 0.3748473],
        [0.5, 0.0, 0.625],
        [0.5, 0.0, 0.8751527],
        [0.0, 0.0, 0.9964358],
        [0.5, 0.5, 0.125],
        [0.0, 0.0, 0.2535642],
        [0.5, 0.5, 0.37254536],
        [0.0, 0.0, 0.49973126],
        [0.5, 0.5, 0.625],
        [0.0, 0.0, 0.75026874],
        [0.5, 0.5, 0.87745464]
    ],
    "relaxed_energy": -103.71650635,
    "relaxed_forces": [
        [-0.07179897, 0.0, 0.07179897],
        [0.0, 0.0, 0.0],
        [0.07179897, 0.0, -0.07179897],
        [-0.03791986, 0.0, 0.03791986],
        [0.0, 0.0, 0.0],
        [0.03791986, 0.0, -0.03791986],
        [0.02522545, 0.0, -0.02522545],
        [-0.03474711, 0.0, 0.03474711],
        [0.0, 0.0, 0.0],
        [0.03474711, 0.0, -0.03474711],
        [-0.02522545, 0.0, 0.02522545]
    ],
    "relaxed_lattice": [
        [2.3014598, 0.0, 2.3014598],
        [0.0, 4.54720679, 0.0],
        [-9.17719886, 0.0, 9.17719886]
    ]
}