{
    "atom_type": [
        "N",
        "Zr"
    ],
    "atoms_per_type": [
        2,
        6
    ],
    "coord_mode": "direct",
    "relaxed_basis": [
        [0.83542069, 0.91786708, 0.67084148],
        [0.49791261, 0.74879962, 0.99582522],
        [0.9989427, 0.98911038, 0.99788541],
        [0.6666667, 0.8333333, 0.3333333],
        [0.3343906, 0.67755632, 0.66878129],
        [0.00422615, 0.50968648, 0.0084523],
        [0.6666667, 0.3333333, 0.3333333],
        [0.32910715, 0.15698022, 0.6582144]
    ],
    "relaxed_energy": -74.82356388,
    "relaxed_forces": [
        [0.01868583, 0.01868583, 0.04472302],
        [-0.01868583, -0.01868583, -0.04472302],
        [-0.01336324, -0.01336324, 0.04721538],
        [-0.0, 0.0, 0.0],
        [0.01336324, 0.01336324, -0.04721538],
        [-0.03369102, -0.03369102, 0.08451232],
        [-0.0, 0.0, -0.0],
        [0.03369102, 0.03369102, -0.08451232]
    ],
    "relaxed_lattice": [
        [2.29786783, -2.29786783, 0.0],
        [4.57879194, 4.57879194, -0.02640785],
        [-2.31347992, -0.01561208, 6.90958952]
    ]
}