{
    "atom_type": [
        "N",
        "Zr"
    ],
    "atoms_per_type": [
        2,
        7
    ],
    "coord_mode": "direct",
    "relaxed_basis": [
        [0.3574937, 0.3574937, 0.71498731],
        [0.2139349, 0.2139349, 0.42786979],
        [0.00018006, 0.00018006, 0.00036012],
        [0.85691448, 0.85691448, 0.71382885],
        [0.71451412, 0.71451412, 0.42902825],
        [0.57124854, 0.57124854, 0.14249698],
        [0.4289844, 0.4289844, 0.8579689],
        [0.2857143, 0.2857143, 0.5714286],
        [0.1424441, 0.1424441, 0.2848883]
    ],
    "relaxed_energy": -83.21951314,
    "relaxed_forces": [
        [-0.0, -0.0, 0.16812723],
        [0.0, -0.0, -0.16812723],
        [0.0, -0.0, 0.02525614],
        [0.0, -0.0, -0.0594554],
        [-0.0, -0.0, 0.0594554],
        [-0.0, -0.0, -0.02525614],
        [0.0, -0.0, 0.14847862],
        [-0.0, 0.0, 0.0],
        [-0.0, -0.0, -0.14847862]
    ],
    "relaxed_lattice": [
        [2.30151911, -2.30151911, 0.0],
        [2.30151911, 2.30151911, 0.0],
        [-2.30151911, 0.0, 15.83418415]
    ]
}