{
    "atom_type": [
        "N",
        "Zr"
    ],
    "atoms_per_type": [
        3,
        7
    ],
    "coord_mode": "direct",
    "relaxed_basis": [
        [0.4285714, 0.9285714, 0.8571429],
        [0.85638591, 0.35638591, 0.71277172],
        [0.00075699, 0.50075699, 0.00151398],
        [0.99720778, 0.99720778, 0.99441556],
        [0.14739927, 0.14739927, 0.29479865],
        [0.28734372, 0.28734372, 0.57468743],
        [0.4285714, 0.4285714, 0.8571429],
        [0.56979918, 0.56979918, 0.13959827],
        [0.70974353, 0.70974353, 0.41948705],
        [0.85993512, 0.85993512, 0.71987014]
    ],
    "relaxed_energy": -95.15350116,
    "relaxed_forces": [
        [0.0, 0.0, 0.0],
        [-0.00816667, 0.0, -0.00816667],
        [0.00816667, -0.0, 0.00816667],
        [0.02770287, -0.0, 0.02770287],
        [-0.00236181, 0.0, -0.00236181],
        [-0.00973745, 0.0, -0.00973745],
        [0.0, 0.0, 0.0],
        [0.00973745, -0.0, 0.00973745],
        [0.00236181, -0.0, 0.00236181],
        [-0.02770287, 0.0, -0.02770287]
    ],
    "relaxed_lattice": [
        [2.30624633, 0.0, -2.30624633],
        [-0.0, 4.56444517, -0.0],
        [6.90237679, -2.28222259, 9.20862312]
    ]
}