{
    "atom_type": [
        "N",
        "Zr"
    ],
    "atoms_per_type": [
        1,
        4
    ],
    "coord_mode": "direct",
    "relaxed_basis": [
        [0.5, 0.25, 0.25],
        [0.0, 0.00253179, 0.00253179],
        [0.5, 0.00535858, 0.49464142],
        [0.0, 0.49746821, 0.49746821],
        [0.5, 0.49464142, 0.00535858]
    ],
    "relaxed_energy": -45.92023756,
    "relaxed_forces": [
        [-0.0, 0.0, 0.0],
        [0.06858766, 0.0, 0.06858766],
        [0.0, 0.07318351, 0.0],
        [-0.06858766, 0.0, -0.06858766],
        [0.0, -0.07318351, 0.0]
    ],
    "relaxed_lattice": [
        [2.26542143, 0.0, -2.26542143],
        [2.24810313, 4.71817349, 2.24810313],
        [2.24810313, -4.71817349, 2.24810313]
    ]
}