{
    "atom_type": [
        "N",
        "Zr"
    ],
    "atoms_per_type": [
        6,
        8
    ],
    "coord_mode": "direct",
    "relaxed_basis": [
        [0.75, 0.25, 0.5],
        [0.0, 0.5, 0.0],
        [0.1256867, 0.1256867, 0.2513734],
        [0.25, 0.75, 0.5],
        [0.3743133, 0.3743133, 0.7486266],
        [0.5, 0.0, 0.0],
        [0.0048003, 0.0048003, 0.00960061],
        [0.12457488, 0.62457488, 0.24914976],
        [0.25, 0.25, 0.5],
        [0.37542512, 0.87542512, 0.75085024],
        [0.4951997, 0.4951997, 0.99039939],
        [0.62457488, 0.12457488, 0.24914976],
        [0.75, 0.75, 0.5],
        [0.87542512, 0.37542512, 0.75085024]
    ],
    "relaxed_energy": -139.24204593,
    "relaxed_forces": [
        [-0.0, -0.0, -0.0],
        [0.0, 0.0, -0.0],
        [-0.0, -0.0, 0.04803141],
        [-0.0, -0.0, -0.0],
        [0.0, 0.0, -0.04803141],
        [0.0, -0.0, -0.0],
        [-0.0, -0.0, 0.12702198],
        [0.0, 0.0, -0.03028867],
        [-0.0, -0.0, -0.0],
        [-0.0, -0.0, 0.03028867],
        [0.0, 0.0, -0.12702198],
        [0.0, 0.0, -0.03028867],
        [-0.0, -0.0, -0.0],
        [-0.0, -0.0, 0.03028867]
    ],
    "relaxed_lattice": [
        [4.59188612, 0.0, -0.0],
        [0.0, 4.59188612, -0.0],
        [-2.29594306, -2.29594306, 9.222892]
    ]
}