{
    "atom_type": [
        "N",
        "Zr"
    ],
    "atoms_per_type": [
        4,
        6
    ],
    "coord_mode": "direct",
    "relaxed_basis": [
        [0.0, 0.0, 0.16705442],
        [0.5, 0.5, 0.33307069],
        [0.0, 0.0, 0.50026261],
        [0.5, 0.5, 0.66627898],
        [0.0, 0.0, 0.99869173],
        [0.5, 0.5, 0.16768908],
        [0.0, 0.0, 0.33118225],
        [0.5, 0.5, 0.50215105],
        [0.0, 0.0, 0.66564432],
        [0.5, 0.5, 0.83464157]
    ],
    "relaxed_energy": -98.56448904,
    "relaxed_forces": [
        [0.0, -0.0, 0.07188543],
        [0.0, 0.0, 0.01150693],
        [-0.0, -0.0, -0.01150693],
        [-0.0, 0.0, -0.07188543],
        [0.0, 0.0, 0.10713127],
        [0.0, 0.0, -0.00259093],
        [0.0, 0.0, 0.0744341],
        [-0.0, -0.0, -0.0744341],
        [-0.0, -0.0, 0.00259093],
        [-0.0, -0.0, -0.10713127]
    ],
    "relaxed_lattice": [
        [2.29797277, 2.29797277, 0.0],
        [2.29797277, -2.29797277, 0.0],
        [0.0, 0.0, -13.71778329]
    ]
}