{
    "atom_type": [
        "N",
        "Zr"
    ],
    "atoms_per_type": [
        7,
        8
    ],
    "coord_mode": "direct",
    "relaxed_basis": [
        [0.5, 0.24954746, 0.99742998],
        [0.0, 0.37455382, 0.74910763],
        [0.5, 0.50211748, 0.50257002],
        [0.0, 0.625, 0.25],
        [0.5, 0.74788252, 0.99742998],
        [0.0, 0.87544618, 0.75089237],
        [0.5, 0.00045254, 0.50257002],
        [0.0, 0.00026531, 0.00053061],
        [0.5, 0.125, 0.75],
        [0.0, 0.24973469, 0.49946939],
        [0.5, 0.38467869, 0.25],
        [0.0, 0.50166287, 0.00332574],
        [0.5, 0.625, 0.75],
        [0.0, 0.74833713, 0.49667426],
        [0.5, 0.86532131, 0.25]
    ],
    "relaxed_energy": -151.35716622,
    "relaxed_forces": [
        [-0.01098634, 0.01098634, 0.01686291],
        [-0.0, 0.0, -0.04705065],
        [-0.01098634, 0.01098634, -0.01686291],
        [0.0, -0.0, 0.0],
        [0.01098634, -0.01098634, 0.01686291],
        [0.0, -0.0, 0.04705065],
        [0.01098634, -0.01098634, -0.01686291],
        [0.0, -0.0, 0.05262727],
        [0.0, -0.0, 0.0],
        [-0.0, 0.0, -0.05262727],
        [-0.06440725, 0.06440725, -0.0],
        [0.0, -0.0, 0.01211708],
        [0.0, -0.0, 0.0],
        [-0.0, 0.0, -0.01211708],
        [0.06440725, -0.06440725, 0.0]
    ],
    "relaxed_lattice": [
        [2.30156996, 2.30156996, 0.0],
        [-4.60151851, 4.60151851, -0.0],
        [2.30075926, -2.30075926, 9.18154231]
    ]
}