{
    "atom_type": [
        "N",
        "Zr"
    ],
    "atoms_per_type": [
        5,
        8
    ],
    "coord_mode": "direct",
    "relaxed_basis": [
        [0.68764597, 0.18515054, 0.43955751],
        [0.31209411, 0.81284613, 0.56296566],
        [0.9375, 0.4375, 0.6875],
        [0.56290589, 0.06215387, 0.81203434],
        [0.18735403, 0.68984946, 0.93544249],
        [0.00301461, 0.99823146, 0.99573932],
        [0.62720508, 0.6247708, 0.12081905],
        [0.24779492, 0.2502292, 0.25418095],
        [0.87198539, 0.87676854, 0.37926068],
        [0.49883029, 0.49776527, 0.50457416],
        [0.12706016, 0.12392132, 0.62195836],
        [0.74793984, 0.75107868, 0.75304164],
        [0.37616971, 0.37723473, 0.87042584]
    ],
    "relaxed_energy": -127.40119297,
    "relaxed_forces": [
        [-0.01532745, -0.01453946, 0.01532745],
        [-0.0120011, -0.04713773, 0.0120011],
        [0.0, 0.0, -0.0],
        [0.0120011, 0.04713773, -0.0120011],
        [0.01532745, 0.01453946, -0.01532745],
        [0.05760586, 0.02521372, -0.05760586],
        [0.0516372, -0.02497973, -0.0516372],
        [-0.0516372, 0.02497973, 0.0516372],
        [-0.05760586, -0.02521372, 0.05760586],
        [-0.05949928, -0.01639215, 0.05949928],
        [-0.00371791, -0.0097229, 0.00371791],
        [0.00371791, 0.0097229, -0.00371791],
        [0.05949928, 0.01639215, -0.05949928]
    ],
    "relaxed_lattice": [
        [2.30406176, 0.0, 2.30406176],
        [2.30141209, 6.88450393, 0.00264967],
        [-4.61125961, 2.30023223, 6.91532138]
    ]
}