{
    "atom_type": [
        "N",
        "Zr"
    ],
    "atoms_per_type": [
        4,
        7
    ],
    "coord_mode": "direct",
    "relaxed_basis": [
        [0.78561353, 0.78561353, 0.57122706],
        [0.64276257, 0.64276257, 0.28552524],
        [0.35723743, 0.35723743, 0.71447476],
        [0.21438647, 0.21438647, 0.42877294],
        [0.0, 0.0, 0.0],
        [0.85670434, 0.85670434, 0.71340858],
        [0.71301032, 0.71301032, 0.42602064],
        [0.57075448, 0.57075448, 0.14150885],
        [0.42924552, 0.42924552, 0.85849115],
        [0.28698968, 0.28698968, 0.57397936],
        [0.14329566, 0.14329566, 0.28659142]
    ],
    "relaxed_energy": -107.10607989,
    "relaxed_forces": [
        [-0.0, 0.0, -0.01963161],
        [0.0, 0.0, -0.13384657],
        [-0.0, 0.0, 0.13384657],
        [0.0, 0.0, 0.01963161],
        [0.0, 0.0, 0.0],
        [-0.0, 0.0, 0.08727307],
        [0.0, 0.0, -0.0493285],
        [0.0, 0.0, -0.07873889],
        [-0.0, 0.0, 0.07873889],
        [0.0, 0.0, 0.0493285],
        [0.0, 0.0, -0.08727307]
    ],
    "relaxed_lattice": [
        [2.29438203, -2.29438203, 0.0],
        [2.29438203, 2.29438203, 0.0],
        [-2.29438203, 0.0, 15.96603611]
    ]
}