{
    "atom_type": [
        "N",
        "Zr"
    ],
    "atoms_per_type": [
        5,
        7
    ],
    "coord_mode": "direct",
    "relaxed_basis": [
        [0.78568279, 0.78568279, 0.57136557],
        [0.64297474, 0.64297474, 0.28594958],
        [0.5, 0.5, 0.0],
        [0.35702526, 0.35702526, 0.71405042],
        [0.21431721, 0.21431721, 0.42863443],
        [0.0, 0.0, 0.0],
        [0.85671179, 0.85671179, 0.71342348],
        [0.71299393, 0.71299393, 0.42598787],
        [0.57120554, 0.57120554, 0.14241098],
        [0.42879446, 0.42879446, 0.85758902],
        [0.28700607, 0.28700607, 0.57401213],
        [0.14328821, 0.14328821, 0.28657652]
    ],
    "relaxed_energy": -119.15331552,
    "relaxed_forces": [
        [0.0, -0.0, -0.02386163],
        [-0.0, -0.0, -0.07588841],
        [0.0, -0.0, -0.0],
        [0.0, -0.0, 0.07588841],
        [-0.0, -0.0, 0.02386163],
        [0.0, -0.0, -0.0],
        [0.0, -0.0, 0.03439163],
        [-0.0, -0.0, -0.11771507],
        [0.0, -0.0, 0.00115256],
        [0.0, 0.0, -0.00115256],
        [0.0, -0.0, 0.11771507],
        [-0.0, -0.0, -0.03439163]
    ],
    "relaxed_lattice": [
        [2.29857435, -2.29857435, 0.0],
        [2.29857435, 2.29857435, 0.0],
        [-2.29857435, 0.0, 15.99193097]
    ]
}