{
    "atom_type": [
        "N",
        "Zr"
    ],
    "atoms_per_type": [
        4,
        8
    ],
    "coord_mode": "direct",
    "relaxed_basis": [
        [0.87647695, 0.87647695, 0.2529539],
        [0.62480132, 0.62480132, 0.74960263],
        [0.00034018, 0.50034018, 0.50068035],
        [0.37485923, 0.37485923, 0.24971845],
        [0.99779235, 0.99731494, 0.00474485],
        [0.37790159, 0.860371, 0.74533999],
        [0.74588862, 0.73266022, 0.49310012],
        [0.12058054, 0.62308631, 0.25533737],
        [0.5069525, 0.50742991, 0.00474485],
        [0.8674384, 0.38496899, 0.74533999],
        [0.24721151, 0.2604399, 0.49310012],
        [0.63475682, 0.13225106, 0.25533737]
    ],
    "relaxed_energy": -115.73930289,
    "relaxed_forces": [
        [0.0, -0.08643626, 0.08643626],
        [-0.0, 0.01156317, -0.01156317],
        [0.0, -0.05668836, 0.05668836],
        [-0.0, 0.13524565, -0.13524565],
        [0.04058123, -0.01033346, 0.02584228],
        [0.08919148, 0.06385439, 0.03766703],
        [-0.01024498, 0.04493172, 0.02603528],
        [-0.03051308, 0.02592801, 0.03852028],
        [-0.04058123, -0.02584228, 0.01033346],
        [-0.08919148, -0.03766703, -0.06385439],
        [0.01024498, -0.02603528, -0.04493172],
        [0.03051308, -0.03852028, -0.02592801]
    ],
    "relaxed_lattice": [
        [4.5810423, 2.3122429, 2.3122429],
        [-4.57615324, 2.30731784, 2.30731784],
        [-0.00244453, -6.92456185, 2.30500112]
    ]
}