{
    "atom_type": [
        "N",
        "Zr"
    ],
    "atoms_per_type": [
        4,
        8
    ],
    "coord_mode": "direct",
    "relaxed_basis": [
        [0.0, 0.74995231, 0.74983721],
        [0.5, 0.87644054, 0.12551739],
        [0.0, 0.99855946, 0.49948261],
        [0.5, 0.12504769, 0.87516279],
        [0.0, 0.99261049, 0.99400644],
        [0.5, 0.11845107, 0.37733953],
        [0.0, 0.2441449, 0.7515953],
        [0.5, 0.37696453, 0.12792971],
        [0.0, 0.49803547, 0.49707029],
        [0.5, 0.6308551, 0.8734047],
        [0.0, 0.75654893, 0.24766047],
        [0.5, 0.88238951, 0.63099356]
    ],
    "relaxed_energy": -115.65301487,
    "relaxed_forces": [
        [-0.05137621, 0.05137621, -0.11277437],
        [-0.05068308, 0.05068308, 0.00663977],
        [0.05068308, -0.05068308, -0.00663977],
        [0.05137621, -0.05137621, 0.11277437],
        [-0.01104805, 0.01104805, 0.03680005],
        [0.03564292, -0.03564292, 0.07031215],
        [0.04019054, -0.04019054, 0.07794441],
        [0.00955992, -0.00955992, 0.08591319],
        [-0.00955992, 0.00955992, -0.08591319],
        [-0.04019054, 0.04019054, -0.07794441],
        [-0.03564292, 0.03564292, -0.07031215],
        [0.01104805, -0.01104805, -0.03680005]
    ],
    "relaxed_lattice": [
        [2.30445451, 2.30445451, 0.0],
        [-4.61482119, 4.61482119, 4.56903751],
        [4.61601512, -4.61601512, 4.57119718]
    ]
}