{
    "atom_type": [
        "N",
        "Zr"
    ],
    "atoms_per_type": [
        5,
        8
    ],
    "coord_mode": "direct",
    "relaxed_basis": [
        [0.0, 0.37430657, 0.74972368],
        [0.0, 0.62508253, 0.25],
        [0.5, 0.74911156, 0.99814302],
        [0.0, 0.8745829, 0.75027632],
        [0.5, 0.00096854, 0.50185698],
        [0.0, 0.98954684, 0.99696089],
        [0.5, 0.1217134, 0.74274273],
        [0.0, 0.24258595, 0.50303911],
        [0.5, 0.38205736, 0.25],
        [0.0, 0.51182066, 0.00164717],
        [0.5, 0.62897068, 0.75725727],
        [0.0, 0.76017349, 0.49835283],
        [0.5, 0.86407953, 0.25]
    ],
    "relaxed_energy": -127.93983653,
    "relaxed_forces": [
        [-0.00823834, 0.00823834, 0.03224916],
        [0.07268656, -0.07268656, 0.0],
        [-0.02959299, 0.02959299, 0.05228584],
        [-0.00823834, 0.00823834, -0.03224916],
        [-0.02959299, 0.02959299, -0.05228584],
        [0.00240779, -0.00240779, -0.04452203],
        [-0.00677127, 0.00677127, 0.04522494],
        [0.00240779, -0.00240779, 0.04452203],
        [-0.00865291, 0.00865291, -0.0],
        [-0.00690649, 0.00690649, -0.06196684],
        [-0.00677127, 0.00677127, -0.04522494],
        [-0.00690649, 0.00690649, 0.06196684],
        [0.03416895, -0.03416895, 0.0]
    ],
    "relaxed_lattice": [
        [2.31159683, 2.31159683, 0.0],
        [-4.59268075, 4.59268075, -0.0],
        [2.29634038, -2.29634038, 9.18268277]
    ]
}