{
    "atom_type": [
        "N",
        "Zr"
    ],
    "atoms_per_type": [
        2,
        8
    ],
    "coord_mode": "direct",
    "relaxed_basis": [
        [0.75, 0.25, 0.50066745],
        [0.25, 0.25, 0.24933255],
        [0.00517473, 0.99458735, 0.0006454],
        [0.49482527, 0.50541265, 0.0006454],
        [0.50517473, 0.99458735, 0.7493546],
        [0.99482527, 0.50541265, 0.7493546],
        [0.9975734, 0.01123073, 0.49616545],
        [0.5024266, 0.48876927, 0.49616545],
        [0.4975734, 0.01123073, 0.25383455],
        [0.0024266, 0.48876927, 0.25383455]
    ],
    "relaxed_energy": -91.73169509,
    "relaxed_forces": [
        [0.04345786, -0.04345786, -0.0],
        [-0.04345786, 0.04345786, -0.0],
        [0.06056378, 0.00786656, -0.05872199],
        [-0.00786656, -0.06056378, 0.05872199],
        [0.00786656, 0.06056378, -0.05872199],
        [-0.06056378, -0.00786656, 0.05872199],
        [-0.00092135, -0.03095466, 0.03251725],
        [0.03095466, 0.00092135, -0.03251725],
        [-0.03095466, -0.00092135, 0.03251725],
        [0.00092135, 0.03095466, -0.03251725]
    ],
    "relaxed_lattice": [
        [-2.29648779, -2.29648779, -4.61895007],
        [-2.28069822, -2.28069822, 4.60293305],
        [-4.57160598, 4.57160598, 0.0]
    ]
}