{
    "atom_type": [
        "N",
        "Zr"
    ],
    "atoms_per_type": [
        4,
        7
    ],
    "coord_mode": "direct",
    "relaxed_basis": [
        [0.35790969, 0.71581929, 0.92777207],
        [0.06996484, 0.13992958, 0.78585596],
        [0.78717806, 0.57435612, 0.64271544],
        [0.49923321, 0.99846641, 0.50079933],
        [0.99508185, 0.9901637, 0.99696161],
        [0.71863687, 0.43727373, 0.85436193],
        [0.4285714, 0.8571429, 0.7142857],
        [0.13850593, 0.27701197, 0.57420957],
        [0.86206105, 0.724122, 0.43160979],
        [0.57347006, 0.14694002, 0.28379244],
        [0.28367284, 0.56734568, 0.14477896]
    ],
    "relaxed_energy": -107.13972247,
    "relaxed_forces": [
        [-0.03648142, -0.03648141, 0.01491376],
        [-0.00660668, -0.00660668, 0.05255862],
        [0.00660668, 0.00660668, -0.05255862],
        [0.03648142, 0.03648141, -0.01491376],
        [-0.07559873, -0.07559873, -0.07039224],
        [-0.01440974, -0.01440974, -0.01454908],
        [-0.0, -0.0, -0.0],
        [0.01440974, 0.01440974, 0.01454908],
        [0.07559873, 0.07559873, 0.07039224],
        [0.01715157, 0.01715157, -0.03899635],
        [-0.01715157, -0.01715157, 0.03899635]
    ],
    "relaxed_lattice": [
        [2.30101617, -2.30101617, -0.0],
        [2.29923913, 4.60025529, -2.29528211],
        [2.30299315, 2.30299315, 9.19063253]
    ]
}