{
    "atom_type": [
        "N",
        "Zr"
    ],
    "atoms_per_type": [
        3,
        6
    ],
    "coord_mode": "direct",
    "relaxed_basis": [
        [0.66733782, 0.74930628, 0.91601818],
        [0.0, 0.25, 0.75],
        [0.33266218, 0.75069372, 0.58398182],
        [0.00548059, 0.99258253, 0.99645629],
        [0.33307794, 0.50544239, 0.82840163],
        [0.66692206, 0.99455761, 0.67159837],
        [0.99451941, 0.50741747, 0.50354371],
        [0.33273881, 0.00414659, 0.33037568],
        [0.66726119, 0.49585341, 0.16962432]
    ],
    "relaxed_energy": -86.78267926,
    "relaxed_forces": [
        [-0.07124532, -0.07124532, -0.02843261],
        [-0.0, 0.0, 0.0],
        [0.07124532, 0.07124532, 0.02843261],
        [-0.07343957, -0.07343957, 0.06825694],
        [0.08287237, 0.08287237, -0.09726223],
        [-0.08287237, -0.08287237, 0.09726223],
        [0.07343957, 0.07343957, -0.06825694],
        [-0.02457291, -0.02457291, -0.02277076],
        [0.02457291, 0.02457291, 0.02277076]
    ],
    "relaxed_lattice": [
        [2.30236287, -2.30236287, -0.0],
        [4.60007809, 2.29771522, -2.27024594],
        [4.62482942, 2.32246656, 6.8855207]
    ]
}