{
    "atom_type": [
        "N",
        "Zr"
    ],
    "atoms_per_type": [
        4,
        5
    ],
    "coord_mode": "direct",
    "relaxed_basis": [
        [0.40082978, 0.29993539, 0.89840504],
        [0.99954445, 0.50070312, 0.50020798],
        [0.60045555, 0.69929688, 0.09979202],
        [0.19917022, 0.90006461, 0.70159496],
        [0.00467882, 0.99521864, 0.99542371],
        [0.59532118, 0.20478136, 0.60457629],
        [0.19488651, 0.41496525, 0.19526173],
        [0.8, 0.6, 0.8],
        [0.40511349, 0.78503475, 0.40473827]
    ],
    "relaxed_energy": -90.28933074,
    "relaxed_forces": [
        [0.00842342, -0.00842342, -0.00130749],
        [0.0622425, -0.0622425, -0.02683184],
        [-0.0622425, 0.0622425, 0.02683184],
        [-0.00842342, 0.00842342, 0.00130749],
        [-0.00396086, 0.00396086, 0.00052146],
        [0.00396086, -0.00396086, -0.00052146],
        [-0.06479772, 0.06479772, -0.03168685],
        [-0.0, -0.0, 0.0],
        [0.06479772, -0.06479772, 0.03168685]
    ],
    "relaxed_lattice": [
        [2.30741668, 2.30741668, -0.0],
        [-2.30274963, 4.6101663, 2.29485553],
        [2.30830944, -0.00089277, 6.89195396]
    ]
}