{
    "atom_type": [
        "N",
        "Zr"
    ],
    "atoms_per_type": [
        6,
        8
    ],
    "coord_mode": "direct",
    "relaxed_basis": [
        [0.5, 0.0, 0.125],
        [0.5, 0.0, 0.3754927],
        [0.0, 0.5, 0.50119878],
        [0.5, 0.0, 0.625],
        [0.0, 0.5, 0.74880122],
        [0.5, 0.0, 0.8745073],
        [0.0, 0.0, 0.00204735],
        [0.5, 0.5, 0.125],
        [0.0, 0.0, 0.24795265],
        [0.5, 0.5, 0.37980547],
        [0.0, 0.0, 0.49602115],
        [0.5, 0.5, 0.625],
        [0.0, 0.0, 0.75397885],
        [0.5, 0.5, 0.87019453]
    ],
    "relaxed_energy": -139.50103683,
    "relaxed_forces": [
        [-0.0, 0.0, -0.0],
        [-0.02344298, 0.0, 0.02344298],
        [-0.01936314, 0.0, 0.01936314],
        [0.0, 0.0, 0.0],
        [0.01936314, 0.0, -0.01936314],
        [0.02344298, 0.0, -0.02344298],
        [0.00307789, 0.0, -0.00307789],
        [-0.0, 0.0, 0.0],
        [-0.00307789, 0.0, 0.00307789],
        [-0.06956045, 0.0, 0.06956045],
        [0.02470456, 0.0, -0.02470456],
        [-0.0, 0.0, 0.0],
        [-0.02470456, 0.0, 0.02470456],
        [0.06956045, 0.0, -0.06956045]
    ],
    "relaxed_lattice": [
        [2.30676881, 0.0, 2.30676881],
        [0.0, 4.57539431, 0.0],
        [-9.2206456, 0.0, 9.2206456]
    ]
}