{
    "atom_type": [
        "N",
        "Zr"
    ],
    "atoms_per_type": [
        1,
        5
    ],
    "coord_mode": "direct",
    "relaxed_basis": [
        [0.9, 0.9, 0.3],
        [0.00141301, 0.00141301, 0.99576097],
        [0.79858699, 0.79858699, 0.60423903],
        [0.59885364, 0.59885364, 0.20343908],
        [0.4, 0.4, 0.8],
        [0.20114636, 0.20114636, 0.39656092]
    ],
    "relaxed_energy": -54.33000356,
    "relaxed_forces": [
        [0.0, -0.0, 0.0],
        [0.03527846, 0.03527846, -0.03527846],
        [-0.03527846, -0.03527846, 0.03527846],
        [-0.03400728, -0.03400728, 0.03400728],
        [0.0, -0.0, 0.0],
        [0.03400728, 0.03400728, -0.03400728]
    ],
    "relaxed_lattice": [
        [2.29361128, 0.0, 2.29361128],
        [0.0, 2.29361128, 2.29361128],
        [-6.81982199, -6.81982199, 9.11343327]
    ]
}