{
    "atom_type": [
        "N",
        "Zr"
    ],
    "atoms_per_type": [
        6,
        8
    ],
    "coord_mode": "direct",
    "relaxed_basis": [
        [0.5, 0.37479972, 0.62596108],
        [0.0, 0.62520028, 0.87403892],
        [0.0, 0.87428976, 0.62550431],
        [0.5, 0.87775624, 0.12560564],
        [0.5, 0.12571024, 0.87449569],
        [0.0, 0.12224376, 0.37439436],
        [0.0, 0.99152098, 0.99957346],
        [0.5, 0.00847902, 0.50042654],
        [0.5, 0.23958507, 0.25514338],
        [0.0, 0.2470924, 0.74952599],
        [0.0, 0.49454708, 0.50336307],
        [0.5, 0.50545292, 0.99663693],
        [0.5, 0.7529076, 0.75047401],
        [0.0, 0.76041493, 0.24485662]
    ],
    "relaxed_energy": -139.71541044,
    "relaxed_forces": [
        [-0.06713719, 0.03488154, 0.06713719],
        [0.06713719, -0.03488154, -0.06713719],
        [-0.0020563, -0.01984437, 0.0020563],
        [0.06757609, 0.00808883, -0.06757609],
        [0.0020563, 0.01984437, -0.0020563],
        [-0.06757609, -0.00808883, 0.06757609],
        [0.02323602, 0.00457872, -0.02323602],
        [-0.02323602, -0.00457872, 0.02323602],
        [-0.04491927, 0.08829045, 0.04491927],
        [-0.01618043, -0.00440242, 0.01618043],
        [-0.06114488, 0.04647205, 0.06114488],
        [0.06114488, -0.04647205, -0.06114488],
        [0.01618043, 0.00440242, -0.01618043],
        [0.04491927, -0.08829045, -0.04491927]
    ],
    "relaxed_lattice": [
        [2.31048757, 0.0, 2.31048757],
        [2.29417666, 4.57153601, -2.29417666],
        [-6.92646736, 4.6154407, 6.92646736]
    ]
}