{
    "atom_type": [
        "N",
        "Zr"
    ],
    "atoms_per_type": [
        1,
        2
    ],
    "coord_mode": "direct",
    "relaxed_basis": [
        [0.25, 0.25, 0.25],
        [0.99502178, 0.99502178, 0.01493465],
        [0.50497822, 0.50497822, 0.48506535]
    ],
    "relaxed_energy": -28.95694418,
    "relaxed_forces": [
        [0.0, 0.0, 0.0],
        [-5.34e-05, -5.34e-05, -5.34e-05],
        [5.34e-05, 5.34e-05, 5.34e-05]
    ],
    "relaxed_lattice": [
        [-2.32369689, 0.0, 2.32369689],
        [0.0, -2.32369689, 2.32369689],
        [2.26661838, 2.26661838, 4.59031525]
    ]
}