{
    "atom_type": [
        "N",
        "Zr"
    ],
    "atoms_per_type": [
        4,
        8
    ],
    "coord_mode": "direct",
    "relaxed_basis": [
        [0.5, 0.25166352, 0.49982233],
        [0.0, 0.49975974, 0.25088892],
        [0.5, 0.74902751, 0.49999409],
        [0.5, 0.74905835, 0.00218269],
        [0.0, 0.99314886, 0.99527681],
        [0.0, 0.00026844, 0.50205355],
        [0.5, 0.24886083, 0.75043442],
        [0.5, 0.25807184, 0.25424854],
        [0.0, 0.50079067, 0.49549183],
        [0.0, 0.50978955, 0.99891176],
        [0.5, 0.73717019, 0.2497605],
        [0.5, 0.75239051, 0.75093456]
    ],
    "relaxed_energy": -115.7870096,
    "relaxed_forces": [
        [-0.01542315, 0.01542315, 0.04579282],
        [0.06577382, -0.06577382, -0.06830618],
        [0.00126913, -0.00126913, 0.03315155],
        [-0.03951724, 0.03951724, 0.03854097],
        [0.0143199, -0.0143199, -0.08523446],
        [-0.0087485, 0.0087485, 0.01841172],
        [-0.03190972, 0.03190972, -0.00939241],
        [0.06031209, -0.06031209, 0.01774351],
        [-0.00742351, 0.00742351, 0.08121811],
        [-0.03066443, 0.03066443, -0.09021763],
        [0.00836061, -0.00836061, 0.07357226],
        [-0.01634899, 0.01634899, -0.05528026]
    ],
    "relaxed_lattice": [
        [2.30864629, 2.30864629, 0.0],
        [-4.59750945, 4.59750945, -0.02109962],
        [0.02119247, -0.02119247, 9.15066599]
    ]
}