{
    "atom_type": [
        "N",
        "Zr"
    ],
    "atoms_per_type": [
        4,
        5
    ],
    "coord_mode": "direct",
    "relaxed_basis": [
        [0.40063097, 0.90063097, 0.80126193],
        [0.59957052, 0.09957052, 0.19914104],
        [0.80042948, 0.30042948, 0.60085896],
        [0.99936903, 0.49936903, 0.99873807],
        [0.00181149, 0.00181149, 0.00362297],
        [0.2, 0.2, 0.4],
        [0.39818851, 0.39818851, 0.79637703],
        [0.59618962, 0.59618962, 0.19237925],
        [0.80381038, 0.80381038, 0.60762075]
    ],
    "relaxed_energy": -90.24045913,
    "relaxed_forces": [
        [0.06445968, -0.0, 0.06445968],
        [0.00721632, -0.0, 0.00721632],
        [-0.00721632, 0.0, -0.00721632],
        [-0.06445968, 0.0, -0.06445968],
        [0.024788, -0.0, 0.024788],
        [-0.0, 0.0, -0.0],
        [-0.024788, 0.0, -0.024788],
        [-0.06722404, 0.0, -0.06722404],
        [0.06722404, -0.0, 0.06722404]
    ],
    "relaxed_lattice": [
        [2.30035104, 0.0, -2.30035104],
        [-0.0, 4.58729973, -0.0],
        [4.62137306, -2.29364987, 6.9217241]
    ]
}