{
    "atom_type": [
        "N",
        "Zr"
    ],
    "atoms_per_type": [
        1,
        4
    ],
    "coord_mode": "direct",
    "relaxed_basis": [
        [0.5, 0.0, 0.75],
        [0.0, 0.0, 0.99492357],
        [0.5, 0.5, 0.25],
        [0.0, 0.0, 0.50507643],
        [0.5, 0.5, 0.75]
    ],
    "relaxed_energy": -45.89186037,
    "relaxed_forces": [
        [-0.0, 0.0, -0.0],
        [0.17433391, 0.0, -0.17433391],
        [0.0, 0.0, 0.0],
        [-0.17433391, 0.0, 0.17433391],
        [-0.0, 0.0, -0.0]
    ],
    "relaxed_lattice": [
        [2.28935052, 0.0, 2.28935052],
        [0.0, 4.59803889, 0.0],
        [-4.56357188, 0.0, 4.56357188]
    ]
}