{
    "atom_type": [
        "N",
        "Zr"
    ],
    "atoms_per_type": [
        3,
        6
    ],
    "coord_mode": "direct",
    "relaxed_basis": [
        [0.16683623, 0.08393453, 0.33367236],
        [0.8333333, 0.9166667, 0.6666667],
        [0.49983047, 0.74939877, 0.99966094],
        [0.00021373, 0.98854221, 0.00042746],
        [0.66645297, 0.84479109, 0.33290584],
        [0.33698447, 0.67853031, 0.67396904],
        [0.0005124, 0.50802793, 0.00102481],
        [0.6661543, 0.32530537, 0.33230849],
        [0.32968213, 0.15480309, 0.65936436]
    ],
    "relaxed_energy": -86.87153788,
    "relaxed_forces": [
        [0.06350182, 0.06350182, -0.05011945],
        [-0.0, -0.0, -0.0],
        [-0.06350182, -0.06350182, 0.05011945],
        [-0.01104682, -0.01104682, 0.00949501],
        [0.01104682, 0.01104682, -0.00949501],
        [0.02713083, 0.02713083, -0.02614554],
        [-0.01970113, -0.01970113, 0.00247542],
        [0.01970113, 0.01970113, -0.00247542],
        [-0.02713083, -0.02713083, 0.02614554]
    ],
    "relaxed_lattice": [
        [2.30471418, -2.30471418, 0.0],
        [4.58098552, 4.58098552, -0.01176975],
        [-2.30647978, -0.0017656, 6.94361343]
    ]
}