{
    "atom_type": [
        "N",
        "Zr"
    ],
    "atoms_per_type": [
        5,
        8
    ],
    "coord_mode": "direct",
    "relaxed_basis": [
        [0.0, 0.5, 0.25039615],
        [0.0, 0.5, 0.50162791],
        [0.5, 0.0, 0.62536338],
        [0.0, 0.5, 0.74844038],
        [0.5, 0.0, 0.87459324],
        [0.0, 0.0, 0.99557269],
        [0.5, 0.5, 0.1327777],
        [0.0, 0.0, 0.24700383],
        [0.5, 0.5, 0.37153559],
        [0.0, 0.0, 0.50495187],
        [0.5, 0.5, 0.62116868],
        [0.0, 0.0, 0.75436927],
        [0.5, 0.5, 0.87219929]
    ],
    "relaxed_energy": -127.64630706,
    "relaxed_forces": [
        [-0.07504906, 0.0, 0.07504906],
        [0.0436232, 0.0, -0.0436232],
        [-0.03110776, 0.0, 0.03110776],
        [0.06543675, 0.0, -0.06543675],
        [-0.02865415, 0.0, 0.02865415],
        [0.05484877, 0.0, -0.05484877],
        [-0.0283231, 0.0, 0.0283231],
        [0.03566117, 0.0, -0.03566117],
        [-0.07487407, 0.0, 0.07487407],
        [-0.10115738, 0.0, 0.10115738],
        [0.00782001, 0.0, -0.00782001],
        [0.01129079, 0.0, -0.01129079],
        [0.12048484, 0.0, -0.12048484]
    ],
    "relaxed_lattice": [
        [2.31556042, 0.0, 2.31556042],
        [0.0, 4.56373826, 0.0],
        [-9.23042701, 0.0, 9.23042701]
    ]
}