{
    "atom_type": [
        "N",
        "Zr"
    ],
    "atoms_per_type": [
        1,
        8
    ],
    "coord_mode": "direct",
    "relaxed_basis": [
        [0.9375, 0.3125, 0.875],
        [0.00115886, 0.00327615, 0.00231771],
        [0.12720979, 0.37657569, 0.25441958],
        [0.25082711, 0.75430401, 0.50165421],
        [0.37623585, 0.13075119, 0.75247169],
        [0.49876415, 0.49424881, 0.99752831],
        [0.62417289, 0.87069599, 0.24834579],
        [0.74779021, 0.24842431, 0.49558042],
        [0.87384114, 0.62172385, 0.74768229]
    ],
    "relaxed_energy": -79.8064811,
    "relaxed_forces": [
        [0.0, 0.0, 0.0],
        [0.01723261, 0.03880636, 0.01723261],
        [0.02344411, -0.03214316, 0.02344411],
        [0.04133321, 0.03167674, 0.04133321],
        [0.0716567, 0.01767964, 0.0716567],
        [-0.0716567, -0.01767964, -0.0716567],
        [-0.04133321, -0.03167674, -0.04133321],
        [-0.02344411, 0.03214316, -0.02344411],
        [-0.01723261, -0.03880636, -0.01723261]
    ],
    "relaxed_lattice": [
        [2.2743738, 0.0, -2.2743738],
        [2.27539438, 4.60912005, 2.27539438],
        [4.52913494, -6.89170345, 6.80350874]
    ]
}