{
    "atom_type": [
        "N",
        "Zr"
    ],
    "atoms_per_type": [
        4,
        7
    ],
    "coord_mode": "direct",
    "relaxed_basis": [
        [0.42904166, 0.85808341, 0.78561108],
        [0.00020588, 0.00041177, 0.49934474],
        [0.14265122, 0.28530253, 0.92922666],
        [0.71381544, 0.42763089, 0.64296032],
        [0.99968, 0.99936, 0.99310076],
        [0.5714286, 0.1428571, 0.7142857],
        [0.1431771, 0.2863543, 0.43547064],
        [0.71271775, 0.4254355, 0.13684625],
        [0.28305924, 0.56611847, 0.8491593],
        [0.85979796, 0.71959583, 0.5794122],
        [0.43013935, 0.8602788, 0.29172515]
    ],
    "relaxed_energy": -107.06152951,
    "relaxed_forces": [
        [0.03466159, -0.0390061, 0.03466159],
        [-0.02911597, -0.02516561, -0.02911597],
        [0.02911597, 0.02516561, 0.02911597],
        [-0.03466159, 0.0390061, -0.03466159],
        [-0.00989284, -0.04516247, -0.00989284],
        [0.0, -0.0, 0.0],
        [0.00989284, 0.04516247, 0.00989284],
        [-0.05421545, 0.00290678, -0.05421545],
        [-0.01921303, 0.02322796, -0.01921303],
        [0.01921303, -0.02322796, 0.01921303],
        [0.05421545, -0.00290678, 0.05421545]
    ],
    "relaxed_lattice": [
        [2.30178807, 0.0, -2.30178807],
        [-0.01037463, 6.91311961, 2.29141345],
        [4.58152023, -4.61524027, 4.58152023]
    ]
}