{
    "atom_type": [
        "N",
        "Zr"
    ],
    "atoms_per_type": [
        4,
        5
    ],
    "coord_mode": "direct",
    "relaxed_basis": [
        [0.29861793, 0.80152647, 0.60123767],
        [0.5001444, 0.00123767, 0.99847353],
        [0.6998556, 0.19876233, 0.40152647],
        [0.90138207, 0.39847353, 0.79876233],
        [0.99447302, 0.01496741, 0.99608654],
        [0.20552698, 0.18503259, 0.40391346],
        [0.40944044, 0.39608654, 0.78503259],
        [0.6, 0.6, 0.2],
        [0.79055956, 0.80391346, 0.61496741]
    ],
    "relaxed_energy": -90.39453372,
    "relaxed_forces": [
        [-0.0, -0.04547208, 0.00451082],
        [0.0, 0.00451082, 0.04547208],
        [-0.0, -0.00451082, -0.04547208],
        [0.0, 0.04547208, -0.00451082],
        [0.0, 0.07219075, 0.1242268],
        [-0.0, -0.07219075, -0.1242268],
        [-0.0, 0.1242268, -0.07219075],
        [-0.0, 0.0, -0.0],
        [0.0, -0.1242268, 0.07219075]
    ],
    "relaxed_lattice": [
        [4.63554642, 0.0, 0.0],
        [2.31777321, 4.59043518, 2.2952176],
        [2.31777321, -2.2952176, 4.59043518]
    ]
}