{
    "atom_type": [
        "N",
        "Zr"
    ],
    "atoms_per_type": [
        5,
        8
    ],
    "coord_mode": "direct",
    "relaxed_basis": [
        [0.5, 0.0, 0.12452799],
        [0.5, 0.0, 0.37547201],
        [0.5, 0.0, 0.62573367],
        [0.0, 0.5, 0.75],
        [0.5, 0.0, 0.87426633],
        [0.0, 0.0, 0.00316291],
        [0.5, 0.5, 0.12638494],
        [0.0, 0.0, 0.25],
        [0.5, 0.5, 0.37361506],
        [0.0, 0.0, 0.49683709],
        [0.5, 0.5, 0.63064674],
        [0.0, 0.0, 0.75],
        [0.5, 0.5, 0.86935326]
    ],
    "relaxed_energy": -127.70324266,
    "relaxed_forces": [
        [0.0222262, 0.0, -0.0222262],
        [-0.0222262, 0.0, 0.0222262],
        [0.05339261, 0.0, -0.05339261],
        [-0.0, 0.0, 0.0],
        [-0.05339261, 0.0, 0.05339261],
        [0.03138614, 0.0, -0.03138614],
        [-0.08281727, 0.0, 0.08281727],
        [-0.0, 0.0, 0.0],
        [0.08281727, 0.0, -0.08281727],
        [-0.03138614, 0.0, 0.03138614],
        [-0.01869429, 0.0, 0.01869429],
        [-0.0, 0.0, 0.0],
        [0.01869429, 0.0, -0.01869429]
    ],
    "relaxed_lattice": [
        [2.31113038, 0.0, 2.31113038],
        [0.0, 4.54738675, 0.0],
        [-9.2004741, 0.0, 9.2004741]
    ]
}