{
    "atom_type": [
        "N",
        "Zr"
    ],
    "atoms_per_type": [
        2,
        8
    ],
    "coord_mode": "direct",
    "relaxed_basis": [
        [0.37363562, 0.37363562, 0.74727125],
        [0.50136438, 0.00136438, 0.00272875],
        [0.00321713, 0.00321713, 0.00643427],
        [0.13017988, 0.63017988, 0.26035976],
        [0.25182742, 0.25182742, 0.50365483],
        [0.37929718, 0.87929718, 0.75859437],
        [0.49570282, 0.49570282, 0.99140563],
        [0.62317258, 0.12317258, 0.24634517],
        [0.74482012, 0.74482012, 0.48964024],
        [0.87178287, 0.37178287, 0.74356573]
    ],
    "relaxed_energy": -92.02549879,
    "relaxed_forces": [
        [-0.0, -0.0, 0.01389143],
        [0.0, 0.0, -0.01389143],
        [-0.0, -0.0, 0.00864155],
        [-0.0, -0.0, 0.03308012],
        [-0.0, -0.0, 0.00573402],
        [-0.0, -0.0, 0.04891711],
        [0.0, 0.0, -0.04891711],
        [0.0, 0.0, -0.00573402],
        [0.0, 0.0, -0.03308012],
        [0.0, 0.0, -0.00864155]
    ],
    "relaxed_lattice": [
        [4.57274531, 0.0, -0.0],
        [0.0, 4.55243985, -0.0],
        [-2.28637266, -2.27621993, 9.18909606]
    ]
}