{
    "atom_type": [
        "N",
        "Zr"
    ],
    "atoms_per_type": [
        6,
        8
    ],
    "coord_mode": "direct",
    "relaxed_basis": [
        [0.7493814, 0.12794783, 0.68667659],
        [0.2506186, 0.87205217, 0.81332341],
        [0.25328628, 0.37336988, 0.06376172],
        [0.74814688, 0.12153203, 0.18793117],
        [0.25185312, 0.87846797, 0.31206883],
        [0.74671372, 0.62663012, 0.43623828],
        [0.0087072, 0.01669693, 0.00087315],
        [0.4854388, 0.74810421, 0.12655646],
        [0.0, 0.5, 0.25],
        [0.5145612, 0.25189579, 0.37344354],
        [0.9912928, 0.98330307, 0.49912685],
        [0.49785667, 0.76664263, 0.61781271],
        [0.0, 0.5, 0.75],
        [0.50214333, 0.23335737, 0.88218729]
    ],
    "relaxed_energy": -139.87134022,
    "relaxed_forces": [
        [-0.01109442, 0.00146249, -0.01273737],
        [0.01109442, -0.00146249, 0.01273737],
        [-0.01601558, 0.00472724, -0.0102175],
        [0.05706313, -0.04120334, -0.00797131],
        [-0.05706313, 0.04120334, 0.00797131],
        [0.01601558, -0.00472724, 0.0102175],
        [0.00689878, 0.02960269, -0.03277892],
        [-0.05168323, 0.01604209, -0.01321613],
        [0.0, 0.0, -0.0],
        [0.05168323, -0.01604209, 0.01321613],
        [-0.00689878, -0.02960269, 0.03277892],
        [-0.00029892, 0.02367981, 0.01196774],
        [0.0, 0.0, -0.0],
        [0.00029892, -0.02367981, -0.01196774]
    ],
    "relaxed_lattice": [
        [2.30226272, 2.30380833, -4.57671195],
        [-2.31707844, 4.62351898, 2.28878499],
        [4.62049115, -0.00835626, 4.58063263]
    ]
}