{
    "atom_type": [
        "N",
        "Zr"
    ],
    "atoms_per_type": [
        6,
        8
    ],
    "coord_mode": "direct",
    "relaxed_basis": [
        [0.75171416, 0.87458337, 0.37533032],
        [0.24828584, 0.62541663, 0.62466968],
        [0.75, 0.87536598, 0.87463402],
        [0.74828584, 0.37466968, 0.87541663],
        [0.25171416, 0.12533032, 0.12458337],
        [0.25, 0.62463402, 0.12536598],
        [0.99223129, 0.99603522, 0.00821549],
        [0.00776871, 0.50396478, 0.99178451],
        [0.49746796, 0.25106927, 0.23863258],
        [0.49223129, 0.75821549, 0.24603522],
        [0.00253204, 0.51136742, 0.49893073],
        [0.99746796, 0.98863258, 0.50106927],
        [0.50776871, 0.74178451, 0.75396478],
        [0.50253204, 0.24893073, 0.76136742]
    ],
    "relaxed_energy": -140.04717811,
    "relaxed_forces": [
        [-0.07129148, 0.05001789, 0.04843868],
        [0.07129148, -0.05001789, -0.04843868],
        [0.0, 0.01343215, -0.01343215],
        [0.07129148, -0.04843868, -0.05001789],
        [-0.07129148, 0.04843868, 0.05001789],
        [0.0, -0.01343215, 0.01343215],
        [-0.01683458, 0.01060462, 0.00175868],
        [0.01683458, -0.01060462, -0.00175868],
        [-0.03718421, 0.02056595, 0.03861848],
        [-0.01683458, 0.00175868, 0.01060462],
        [0.03718421, -0.03861848, -0.02056595],
        [-0.03718421, 0.03861848, 0.02056595],
        [0.01683458, -0.00175868, -0.01060462],
        [0.03718421, -0.02056595, -0.03861848]
    ],
    "relaxed_lattice": [
        [4.62680108, -2.29724391, -2.29724391],
        [4.62096539, 4.58801395, -0.00500409],
        [4.62096539, -0.00500409, 4.58801395]
    ]
}