{
    "atom_type": [
        "N",
        "Zr"
    ],
    "atoms_per_type": [
        1,
        8
    ],
    "coord_mode": "direct",
    "relaxed_basis": [
        [0.75, 0.75, 0.75],
        [0.0, 0.0, 0.0],
        [0.50037146, 0.99962854, 0.99962854],
        [0.99962854, 0.50037146, 0.99962854],
        [0.50037146, 0.50037146, 0.99962854],
        [0.99962854, 0.99962854, 0.50037146],
        [0.50037146, 0.99962854, 0.50037146],
        [0.99962854, 0.50037146, 0.50037146],
        [0.5, 0.5, 0.5]
    ],
    "relaxed_energy": -79.88165879,
    "relaxed_forces": [
        [0.0, 0.0, 0.0],
        [0.0, 0.0, 0.0],
        [-0.02455099, 0.0, 0.0],
        [0.0, -0.02455099, 0.0],
        [0.0, 0.0, 0.02455099],
        [0.0, 0.0, -0.02455099],
        [0.0, 0.02455099, 0.0],
        [0.02455099, 0.0, 0.0],
        [0.0, -0.0, -0.0]
    ],
    "relaxed_lattice": [
        [0.0, 4.55251274, 4.55251274],
        [4.55251274, 0.0, 4.55251274],
        [4.55251274, 4.55251274, 0.0]
    ]
}