{
    "atom_type": [
        "N",
        "Zr"
    ],
    "atoms_per_type": [
        5,
        8
    ],
    "coord_mode": "direct",
    "relaxed_basis": [
        [0.75029215, 0.87514957, 0.37514957],
        [0.25, 0.625, 0.625],
        [0.74970785, 0.37485043, 0.87485043],
        [0.25, 0.125, 0.125],
        [0.25, 0.625, 0.125],
        [0.99902434, 0.99857587, 0.01057966],
        [0.01330679, 0.4950696, 0.9950696],
        [0.50097566, 0.25142413, 0.23942034],
        [0.48669321, 0.7549304, 0.2549304],
        [0.99902434, 0.51057966, 0.49857587],
        [0.998634, 0.99319004, 0.49319004],
        [0.50097566, 0.73942034, 0.75142413],
        [0.501366, 0.25680996, 0.75680996]
    ],
    "relaxed_energy": -128.08630526,
    "relaxed_forces": [
        [-0.09212157, 0.06041677, 0.06041677],
        [-0.0, -0.0, 0.0],
        [0.09212157, -0.06041677, -0.06041677],
        [-0.0, -0.0, 0.0],
        [-0.0, -0.0, 0.0],
        [0.0130812, -0.01140434, -0.01883024],
        [0.02292678, 0.01197146, 0.01197146],
        [-0.0130812, 0.01140434, 0.01883024],
        [-0.02292678, -0.01197146, -0.01197146],
        [0.0130812, -0.01883024, -0.01140434],
        [-0.07455913, 0.10837192, 0.10837192],
        [-0.0130812, 0.01883024, 0.01140434],
        [0.07455913, -0.10837192, -0.10837192]
    ],
    "relaxed_lattice": [
        [4.62030304, -2.29595818, -2.29595818],
        [4.61612202, 4.59226815, -0.00865443],
        [4.61612202, -0.00865443, 4.59226815]
    ]
}