{
    "atom_type": [
        "N",
        "Zr"
    ],
    "atoms_per_type": [
        4,
        8
    ],
    "coord_mode": "direct",
    "relaxed_basis": [
        [0.31232917, 0.31232917, 0.06301249],
        [0.06256394, 0.06256394, 0.81230819],
        [0.93767468, 0.93767468, 0.18697597],
        [0.81254766, 0.81254766, 0.56235702],
        [0.99949891, 0.99949891, 0.00150328],
        [0.87521473, 0.87521473, 0.37435582],
        [0.74878918, 0.74878918, 0.75363245],
        [0.6251256, 0.6251256, 0.12462321],
        [0.49900239, 0.49900239, 0.50299282],
        [0.37607678, 0.37607678, 0.87176966],
        [0.2499529, 0.2499529, 0.2501413],
        [0.12622407, 0.12622407, 0.62132779]
    ],
    "relaxed_energy": -115.55542689,
    "relaxed_forces": [
        [-0.03332814, -0.03332814, 0.03332814],
        [0.03183156, 0.03183156, -0.03183156],
        [0.03726128, 0.03726128, -0.03726128],
        [-0.00216942, -0.00216942, 0.00216942],
        [-0.04869013, -0.04869013, 0.04869013],
        [0.02289969, 0.02289969, -0.02289969],
        [0.00973666, 0.00973666, -0.00973666],
        [-0.01486659, -0.01486659, 0.01486659],
        [-0.03243488, -0.03243488, 0.03243488],
        [0.00874346, 0.00874346, -0.00874346],
        [0.02514631, 0.02514631, -0.02514631],
        [-0.00412981, -0.00412981, 0.00412981]
    ],
    "relaxed_lattice": [
        [2.30476498, 0.0, 2.30476498],
        [0.0, 2.30476498, 2.30476498],
        [-11.47491368, -11.47491368, 13.77967866]
    ]
}