{
    "atom_type": [
        "N",
        "Zr"
    ],
    "atoms_per_type": [
        5,
        8
    ],
    "coord_mode": "direct",
    "relaxed_basis": [
        [0.5, 0.5, 0.0],
        [0.5, 0.5, 0.24940871],
        [0.0, 0.0, 0.37490578],
        [0.0, 0.0, 0.62509422],
        [0.5, 0.5, 0.75059129],
        [0.0, 0.0, 0.0],
        [0.5, 0.5, 0.12354659],
        [0.0, 0.0, 0.25335995],
        [0.5, 0.5, 0.37252412],
        [0.0, 0.0, 0.5],
        [0.5, 0.5, 0.62747588],
        [0.0, 0.0, 0.74664005],
        [0.5, 0.5, 0.87645341]
    ],
    "relaxed_energy": -127.83930035,
    "relaxed_forces": [
        [0.0, -0.0, -0.0],
        [0.0, -0.0, 0.07768194],
        [0.0, -0.0, -0.02707972],
        [-0.0, -0.0, 0.02707972],
        [0.0, -0.0, -0.07768194],
        [0.0, -0.0, -0.0],
        [-0.0, 0.0, 0.0461747],
        [0.0, 0.0, -0.13472027],
        [-0.0, 0.0, 0.10140049],
        [0.0, -0.0, -0.0],
        [-0.0, -0.0, -0.10140049],
        [-0.0, -0.0, 0.13472027],
        [-0.0, 0.0, -0.0461747]
    ],
    "relaxed_lattice": [
        [2.29993999, 2.29993999, 0.0],
        [2.29993999, -2.29993999, 0.0],
        [0.0, 0.0, -18.31594703]
    ]
}