{
    "atom_type": [
        "N",
        "Zr"
    ],
    "atoms_per_type": [
        3,
        7
    ],
    "coord_mode": "direct",
    "relaxed_basis": [
        [0.9285714, 0.9285714, 0.2142857],
        [0.35717031, 0.35717031, 0.92848918],
        [0.49997259, 0.49997259, 0.50008222],
        [0.001343, 0.001343, 0.995971],
        [0.14390011, 0.14390011, 0.56829958],
        [0.28434311, 0.28434311, 0.14697066],
        [0.4285714, 0.4285714, 0.7142857],
        [0.57279979, 0.57279979, 0.28160074],
        [0.71324269, 0.71324269, 0.86027192],
        [0.8557999, 0.8557999, 0.4326004]
    ],
    "relaxed_energy": -95.25901935,
    "relaxed_forces": [
        [0.0, 0.0, -0.0],
        [-0.02351325, 0.02351325, 0.02351325],
        [0.02351325, -0.02351325, -0.02351325],
        [0.01923752, -0.01923752, -0.01923752],
        [0.03275405, -0.03275405, -0.03275405],
        [-0.0117563, 0.0117563, 0.0117563],
        [0.0, 0.0, -0.0],
        [0.0117563, -0.0117563, -0.0117563],
        [-0.03275405, 0.03275405, 0.03275405],
        [-0.01923752, 0.01923752, 0.01923752]
    ],
    "relaxed_lattice": [
        [2.31329698, 0.0, 2.31329698],
        [2.31329698, 2.31329698, 0.0],
        [-9.14653356, 11.45983053, 11.45983053]
    ]
}