{
    "atom_type": [
        "N",
        "Zr"
    ],
    "atoms_per_type": [
        5,
        7
    ],
    "coord_mode": "direct",
    "relaxed_basis": [
        [0.7857143, 0.7857143, 0.6428571],
        [0.07140787, 0.07140787, 0.78577648],
        [0.21408113, 0.21408113, 0.35775662],
        [0.35734747, 0.35734747, 0.92795768],
        [0.50002073, 0.50002073, 0.49993782],
        [0.00048433, 0.00048433, 0.99854702],
        [0.14237777, 0.14237777, 0.5728666],
        [0.2857143, 0.2857143, 0.1428571],
        [0.42905073, 0.42905073, 0.7128477],
        [0.57094427, 0.57094427, 0.28716728],
        [0.71350032, 0.71350032, 0.85949903],
        [0.85792828, 0.85792828, 0.42621527]
    ],
    "relaxed_energy": -118.91772958,
    "relaxed_forces": [
        [0.0, -0.0, -0.0],
        [-0.04655915, 0.04655915, 0.04655915],
        [-0.02442808, 0.02442808, 0.02442808],
        [0.02442808, -0.02442808, -0.02442808],
        [0.04655915, -0.04655915, -0.04655915],
        [0.04682352, -0.04682352, -0.04682352],
        [0.00209947, -0.00209947, -0.00209947],
        [0.0, -0.0, -0.0],
        [-0.00209947, 0.00209947, 0.00209947],
        [-0.04682352, 0.04682352, 0.04682352],
        [0.01812945, -0.01812945, -0.01812945],
        [-0.01812945, 0.01812945, 0.01812945]
    ],
    "relaxed_lattice": [
        [2.29809934, -0.0, 2.29809934],
        [2.29809934, 2.29809934, -0.0],
        [-9.17980559, 11.47790492, 11.47790492]
    ]
}