{
    "atom_type": [
        "N",
        "Zr"
    ],
    "atoms_per_type": [
        1,
        1
    ],
    "coord_mode": "direct",
    "relaxed_basis": [
        [0.5, 0.5, 0.5],
        [0.0, 0.0, 0.0]
    ],
    "relaxed_energy": -20.36979696,
    "relaxed_forces": [
        [0.0, -0.0, -0.0],
        [-0.0, 0.0, 0.0]
    ],
    "relaxed_lattice": [
        [0.0, 2.29797631, 2.29797631],
        [2.29797631, 0.0, 2.29797631],
        [2.29797631, 2.29797631, 0.0]
    ]
}