{
    "atom_type": [
        "N",
        "Zr"
    ],
    "atoms_per_type": [
        4,
        7
    ],
    "coord_mode": "direct",
    "relaxed_basis": [
        [0.4293865, 0.9293865, 0.85877309],
        [0.57083606, 0.07083606, 0.14167202],
        [0.85773544, 0.35773544, 0.71547078],
        [0.9991849, 0.4991849, 0.99836981],
        [0.00246163, 0.00246163, 0.00492327],
        [0.14224614, 0.14224614, 0.28449237],
        [0.28632526, 0.28632526, 0.57265053],
        [0.42610977, 0.42610977, 0.85221963],
        [0.57042788, 0.57042788, 0.14085566],
        [0.7142857, 0.7142857, 0.4285714],
        [0.85814362, 0.85814362, 0.71628714]
    ],
    "relaxed_energy": -107.12141068,
    "relaxed_forces": [
        [0.07169975, -0.0, 0.07169975],
        [-0.00583384, 0.0, -0.00583384],
        [0.00583384, -0.0, 0.00583384],
        [-0.07169975, 0.0, -0.07169975],
        [0.00931585, -0.0, 0.00931585],
        [-0.04368746, 0.0, -0.04368746],
        [0.04368746, -0.0, 0.04368746],
        [-0.00931585, 0.0, -0.00931585],
        [-0.04570667, 0.0, -0.04570667],
        [-0.0, 0.0, 0.0],
        [0.04570667, -0.0, 0.04570667]
    ],
    "relaxed_lattice": [
        [2.29112834, 0.0, -2.29112834],
        [-0.0, 4.59157151, -0.0],
        [6.92356582, -2.29578576, 9.21469417]
    ]
}