{
    "atom_type": [
        "N",
        "Zr"
    ],
    "atoms_per_type": [
        4,
        8
    ],
    "coord_mode": "direct",
    "relaxed_basis": [
        [0.31275013, 0.43740686, 0.62550027],
        [0.56182555, 0.18891491, 0.12365109],
        [0.81302529, 0.93548407, 0.62605058],
        [0.93748386, 0.31170547, 0.87496772],
        [0.00322609, 0.01696742, 0.00645219],
        [0.12332002, 0.37138374, 0.24664003],
        [0.25153307, 0.7514074, 0.50306615],
        [0.37291123, 0.13258347, 0.74582246],
        [0.49934221, 0.48741228, 0.99868442],
        [0.62507636, 0.87649531, 0.25015272],
        [0.7526436, 0.24791051, 0.5052872],
        [0.87186259, 0.61732856, 0.74372518]
    ],
    "relaxed_energy": -115.84218725,
    "relaxed_forces": [
        [-0.06031386, 0.03599706, -0.06031386],
        [0.05527132, -0.02158505, 0.05527132],
        [0.02054819, -0.07078246, 0.02054819],
        [-0.023863, 0.09120193, -0.023863],
        [0.02641405, 0.03342095, 0.02641405],
        [0.02188634, -0.0154315, 0.02188634],
        [0.01653597, -0.03383926, 0.01653597],
        [-0.01032227, -0.04558472, -0.01032227],
        [-0.02772652, 0.09105815, -0.02772652],
        [0.0150992, -0.0294614, 0.0150992],
        [-0.03664627, -0.08704756, -0.03664627],
        [0.00311685, 0.05205386, 0.00311685]
    ],
    "relaxed_lattice": [
        [2.31124615, 0.0, -2.31124615],
        [2.29111315, 4.60983923, 2.29111315],
        [4.56872136, -6.9113618, 6.87996751]
    ]
}