{
    "atom_type": [
        "N",
        "Zr"
    ],
    "atoms_per_type": [
        5,
        8
    ],
    "coord_mode": "direct",
    "relaxed_basis": [
        [0.5, 0.25066282, 5.996e-05],
        [0.5, 0.25066282, 0.49994004],
        [0.0, 0.5, 0.25],
        [0.5, 0.74933718, 0.49994004],
        [0.5, 0.74933718, 5.996e-05],
        [0.0, 0.0, 0.99856595],
        [0.0, 0.0, 0.50143405],
        [0.5, 0.24957258, 0.75],
        [0.5, 0.26222258, 0.25],
        [0.0, 0.5, 0.49813397],
        [0.0, 0.5, 0.00186603],
        [0.5, 0.73777742, 0.25],
        [0.5, 0.75042742, 0.75]
    ],
    "relaxed_energy": -127.79322887,
    "relaxed_forces": [
        [0.01093677, -0.01093677, 0.0150165],
        [0.01093677, -0.01093677, -0.0150165],
        [-0.0, 0.0, 0.0],
        [-0.01093677, 0.01093677, -0.0150165],
        [-0.01093677, 0.01093677, 0.0150165],
        [-0.0, 0.0, 0.01416179],
        [-0.0, 0.0, -0.01416179],
        [-0.00563808, 0.00563808, 0.0],
        [-0.05456277, 0.05456277, 0.0],
        [-0.0, 0.0, 0.01909779],
        [-0.0, 0.0, -0.01909779],
        [0.05456277, -0.05456277, 0.0],
        [0.00563808, -0.00563808, 0.0]
    ],
    "relaxed_lattice": [
        [2.31609534, 2.31609534, 0.0],
        [-4.61822543, 4.61822543, 0.0],
        [0.0, 0.0, 9.10086736]
    ]
}