{
    "atom_type": [
        "N",
        "Zr"
    ],
    "atoms_per_type": [
        5,
        8
    ],
    "coord_mode": "direct",
    "relaxed_basis": [
        [0.0, 0.5, 0.50410713],
        [0.5, 0.5, 0.75077501],
        [0.0, 0.0, 0.75077501],
        [0.5, 0.0, 0.00044491],
        [0.0, 0.5, 0.99984039],
        [0.0, 0.0, 0.99565962],
        [0.5, 0.5, 0.99565962],
        [0.0, 0.5, 0.25660973],
        [0.5, 0.0, 0.24544614],
        [0.0, 0.0, 0.49815297],
        [0.5, 0.5, 0.49815297],
        [0.0, 0.5, 0.74394755],
        [0.5, 0.0, 0.76042896]
    ],
    "relaxed_energy": -127.68757948,
    "relaxed_forces": [
        [0.0, 0.0, 0.0226281],
        [0.0, 0.0, -0.04269535],
        [0.0, 0.0, -0.04269535],
        [0.0, 0.0, 0.06259465],
        [0.0, 0.0, -0.03564203],
        [0.0, 0.0, -0.04999682],
        [0.0, 0.0, -0.04999682],
        [0.0, 0.0, 0.04328132],
        [0.0, 0.0, -0.01574201],
        [0.0, 0.0, 0.04087185],
        [0.0, 0.0, 0.04087185],
        [0.0, 0.0, -0.10969525],
        [0.0, 0.0, 0.13621587]
    ],
    "relaxed_lattice": [
        [4.59541526, 0.0, 0.0],
        [0.0, 4.59541526, 0.0],
        [0.0, 0.0, 9.21096823]
    ]
}