{
    "atom_type": [
        "N",
        "Zr"
    ],
    "atoms_per_type": [
        2,
        5
    ],
    "coord_mode": "direct",
    "relaxed_basis": [
        [0.69928211, 0.69928211, 0.39856421],
        [0.30071789, 0.30071789, 0.60143579],
        [0.0, 0.0, 0.0],
        [0.7979302, 0.7979302, 0.5958604],
        [0.5979095, 0.5979095, 0.195819],
        [0.4020905, 0.4020905, 0.804181],
        [0.2020698, 0.2020698, 0.4041396]
    ],
    "relaxed_energy": -66.35428175,
    "relaxed_forces": [
        [-0.0, 0.0, -0.17525142],
        [-0.0, 0.0, 0.17525142],
        [-0.0, 0.0, -0.0],
        [0.0, 0.0, 0.02798035],
        [-0.0, 0.0, -0.12796351],
        [0.0, 0.0, 0.12796351],
        [-0.0, 0.0, -0.02798035]
    ],
    "relaxed_lattice": [
        [2.2975256, -2.2975256, 0.0],
        [2.2975256, 2.2975256, 0.0],
        [-2.2975256, 0.0, 11.32283621]
    ]
}