{
    "atom_type": [
        "N",
        "Zr"
    ],
    "atoms_per_type": [
        3,
        8
    ],
    "coord_mode": "direct",
    "relaxed_basis": [
        [0.0, 0.49890157, 0.25],
        [0.5, 0.75003656, 0.49822475],
        [0.5, 0.75003656, 0.00177525],
        [0.0, 0.99218527, 0.99428306],
        [0.0, 0.99218527, 0.50571694],
        [0.5, 0.25043043, 0.75],
        [0.5, 0.25649395, 0.25],
        [0.0, 0.51084602, 0.49920634],
        [0.0, 0.51084602, 0.00079366],
        [0.5, 0.73647061, 0.25],
        [0.5, 0.75156775, 0.75]
    ],
    "relaxed_energy": -103.77033024,
    "relaxed_forces": [
        [0.07195609, -0.07195609, 0.0],
        [-0.03577428, 0.03577428, 0.00062077],
        [-0.03577428, 0.03577428, -0.00062077],
        [-0.01443174, 0.01443174, -0.12187687],
        [-0.01443174, 0.01443174, 0.12187687],
        [-0.07339328, 0.07339328, 0.0],
        [0.05852097, -0.05852097, 0.0],
        [-0.00129004, 0.00129004, 0.05605714],
        [-0.00129004, 0.00129004, -0.05605714],
        [0.03282096, -0.03282096, 0.0],
        [0.01308738, -0.01308738, 0.0]
    ],
    "relaxed_lattice": [
        [2.30042033, 2.30042033, 0.0],
        [-4.57856746, 4.57856746, 0.0],
        [0.0, 0.0, 9.19730075]
    ]
}