{
    "atom_type": [
        "N",
        "Zr"
    ],
    "atoms_per_type": [
        5,
        8
    ],
    "coord_mode": "direct",
    "relaxed_basis": [
        [0.75, 0.25, 0.00109471],
        [0.25, 0.25, 0.75],
        [0.75, 0.25, 0.49890529],
        [0.75, 0.75, 0.25],
        [0.25, 0.25, 0.25],
        [0.00143309, 0.00937667, 0.00489682],
        [0.49856691, 0.49062333, 0.00489682],
        [0.50050315, 0.01758507, 0.75],
        [0.99949685, 0.48241493, 0.75],
        [0.00143309, 0.00937667, 0.49510318],
        [0.49856691, 0.49062333, 0.49510318],
        [0.51587486, 0.00874164, 0.25],
        [0.98412514, 0.49125836, 0.25]
    ],
    "relaxed_energy": -128.12651395,
    "relaxed_forces": [
        [0.00317817, -0.00317817, 0.0],
        [0.0, 0.0, 0.0],
        [-0.00317817, 0.00317817, -0.0],
        [0.0, 0.0, 0.0],
        [0.0, 0.0, 0.0],
        [-0.00014494, 0.02045945, -0.05869693],
        [-0.02045945, 0.00014494, 0.05869693],
        [0.0240823, 0.0240823, 0.1007387],
        [-0.0240823, -0.0240823, -0.1007387],
        [0.02045945, -0.00014494, -0.05869693],
        [0.00014494, -0.02045945, 0.05869693],
        [0.04632403, 0.04632403, -0.13697383],
        [-0.04632403, -0.04632403, 0.13697383]
    ],
    "relaxed_lattice": [
        [-2.30416412, -2.30416412, -4.60757152],
        [-2.29161728, -2.29161728, 4.59499891],
        [-4.61935193, 4.61935193, 0.0]
    ]
}