{
    "atom_type": [
        "N",
        "Zr"
    ],
    "atoms_per_type": [
        7,
        8
    ],
    "coord_mode": "direct",
    "relaxed_basis": [
        [0.5, 0.375, 0.625],
        [0.5, 0.62580251, 0.37528025],
        [0.0, 0.62559265, 0.8743595],
        [0.0, 0.875, 0.625],
        [0.5, 0.875, 0.125],
        [0.5, 0.12419749, 0.87471975],
        [0.0, 0.12440735, 0.3756405],
        [0.0, 0.99208714, 0.99755947],
        [0.5, 0.99842122, 0.49802243],
        [0.5, 0.24471808, 0.2551417],
        [0.0, 0.25090395, 0.75264785],
        [0.0, 0.49909605, 0.49735215],
        [0.5, 0.50528192, 0.9948583],
        [0.5, 0.75157878, 0.75197757],
        [0.0, 0.75791286, 0.25244053]
    ],
    "relaxed_energy": -151.49570429,
    "relaxed_forces": [
        [-0.0, -0.0, 0.0],
        [-0.02804127, 0.0283156, 0.02804127],
        [0.0328664, 0.01870258, -0.0328664],
        [-0.0, -0.0, 0.0],
        [-0.0, -0.0, 0.0],
        [0.02804127, -0.0283156, -0.02804127],
        [-0.0328664, -0.01870258, 0.0328664],
        [-0.02723731, -0.07382028, 0.02723731],
        [0.0093181, -0.04285488, -0.0093181],
        [-0.03980361, -0.04740271, 0.03980361],
        [-0.04063687, -0.00130842, 0.04063687],
        [0.04063687, 0.00130842, -0.04063687],
        [0.03980361, 0.04740271, -0.03980361],
        [-0.0093181, 0.04285488, 0.0093181],
        [0.02723731, 0.07382028, -0.02723731]
    ],
    "relaxed_lattice": [
        [2.30611171, 0.0, 2.30611171],
        [2.30057797, 4.59709233, -2.30057797],
        [-6.88979246, 4.58513193, 6.88979246]
    ]
}