{
    "atom_type": [
        "N",
        "Zr"
    ],
    "atoms_per_type": [
        3,
        6
    ],
    "coord_mode": "direct",
    "relaxed_basis": [
        [0.0, 0.99837948, 0.50099094],
        [0.0, 0.33246876, 0.83347874],
        [0.5, 0.49999602, 0.50090146],
        [0.0, 0.00262252, 0.00263428],
        [0.5, 0.17579513, 0.66333567],
        [0.0, 0.33188288, 0.33953295],
        [0.5, 0.4977271, 0.99536274],
        [0.0, 0.66046164, 0.65945621],
        [0.5, 0.83399976, 0.33764033]
    ],
    "relaxed_energy": -86.76725933,
    "relaxed_forces": [
        [0.05163928, -0.06836906, 0.05163928],
        [-0.02212556, 0.03081567, -0.02212556],
        [-0.03104275, 0.01964494, -0.03104275],
        [0.07612342, 0.00356458, 0.07612342],
        [0.0270093, 0.07820585, 0.0270093],
        [0.00624498, -0.0996864, 0.00624498],
        [-0.10826179, 0.08722783, -0.10826179],
        [-0.0577522, 0.01437379, -0.0577522],
        [0.05816533, -0.06577718, 0.05816533]
    ],
    "relaxed_lattice": [
        [2.30721216, 0.0, -2.30721216],
        [2.29603952, 4.61037863, 2.29603952],
        [4.59612585, -4.61441536, 4.59612585]
    ]
}