{
    "atom_type": [
        "N",
        "Zr"
    ],
    "atoms_per_type": [
        5,
        7
    ],
    "coord_mode": "direct",
    "relaxed_basis": [
        [0.9285714, 0.8571429, 0.2142857],
        [0.35682501, 0.71364993, 0.92918147],
        [0.07096629, 0.14193248, 0.78652394],
        [0.78617661, 0.57235322, 0.64204746],
        [0.50031789, 0.00063577, 0.49938993],
        [0.99365232, 0.98730464, 0.99587592],
        [0.71613552, 0.43227104, 0.85069535],
        [0.4285714, 0.8571429, 0.7142857],
        [0.14100728, 0.28201466, 0.57787615],
        [0.86349058, 0.72698106, 0.43269548],
        [0.56237578, 0.12475147, 0.2854337],
        [0.29476712, 0.58953423, 0.1431377]
    ],
    "relaxed_energy": -119.32377145,
    "relaxed_forces": [
        [0.0, 0.0, 0.0],
        [-0.03697494, -0.03697494, -0.0052361],
        [0.01656427, 0.01656427, 0.01588577],
        [-0.01656427, -0.01656427, -0.01588577],
        [0.03697494, 0.03697494, 0.0052361],
        [0.00181397, 0.00181397, -0.00050463],
        [-0.0027755, -0.0027755, -0.00846006],
        [0.0, 0.0, 0.0],
        [0.0027755, 0.0027755, 0.00846006],
        [-0.00181397, -0.00181397, 0.00050463],
        [0.00788567, 0.00788567, -0.01836495],
        [-0.00788567, -0.00788567, 0.01836495]
    ],
    "relaxed_lattice": [
        [2.30991575, -2.30991575, -0.0],
        [2.29961166, 4.6095274, -2.2953011],
        [2.30508473, 2.30508473, 9.18736576]
    ]
}