{
    "atom_type": [
        "N",
        "Zr"
    ],
    "atoms_per_type": [
        7,
        8
    ],
    "coord_mode": "direct",
    "relaxed_basis": [
        [0.5, 0.3760609, 0.62711116],
        [0.0, 0.50020706, 0.99979294],
        [0.5, 0.62711116, 0.3760609],
        [0.0, 0.75, 0.75],
        [0.5, 0.87288884, 0.1239391],
        [0.0, 0.99979294, 0.50020706],
        [0.5, 0.1239391, 0.87288884],
        [0.0, 0.99944473, 0.99944473],
        [0.5, 0.12116168, 0.37883832],
        [0.0, 0.25, 0.75],
        [0.5, 0.37883832, 0.12116168],
        [0.0, 0.50055527, 0.50055527],
        [0.5, 0.62428345, 0.87571655],
        [0.0, 0.75, 0.25],
        [0.5, 0.87571655, 0.62428345]
    ],
    "relaxed_energy": -151.31308618,
    "relaxed_forces": [
        [-0.00808421, 0.00808421, -0.01130337],
        [-0.02570623, 0.02570623, -0.0],
        [0.00808421, -0.00808421, -0.01130337],
        [0.0, -0.0, -0.0],
        [-0.00808421, 0.00808421, 0.01130337],
        [0.02570623, -0.02570623, -0.0],
        [0.00808421, -0.00808421, 0.01130337],
        [0.0, -0.0, 0.07409174],
        [0.07398258, -0.07398258, -0.0],
        [0.0, -0.0, -0.0],
        [-0.07398258, 0.07398258, -0.0],
        [0.0, -0.0, -0.07409174],
        [0.00790081, -0.00790081, -0.0],
        [0.0, -0.0, 0.0],
        [-0.00790081, 0.00790081, -0.0]
    ],
    "relaxed_lattice": [
        [2.2996461, 2.2996461, 0.0],
        [-4.60467195, 4.60467195, 4.58983048],
        [4.60467195, -4.60467195, 4.58983048]
    ]
}