{
    "atom_type": [
        "N",
        "Zr"
    ],
    "atoms_per_type": [
        3,
        8
    ],
    "coord_mode": "direct",
    "relaxed_basis": [
        [0.0, 0.5, 0.5],
        [0.5, 0.0, 0.0],
        [0.0, 0.5, 0.0],
        [0.0, 0.0, 0.0],
        [0.5, 0.5, 0.0],
        [0.0, 0.5, 0.25385081],
        [0.5, 0.0, 0.24704482],
        [0.0, 0.0, 0.5],
        [0.5, 0.5, 0.5],
        [0.0, 0.5, 0.74614919],
        [0.5, 0.0, 0.75295518]
    ],
    "relaxed_energy": -103.95765246,
    "relaxed_forces": [
        [0.0, -0.0, 0.0],
        [0.0, -0.0, 0.0],
        [0.0, -0.0, 0.0],
        [0.0, -0.0, 0.0],
        [0.0, -0.0, 0.0],
        [0.0, 0.0, 0.00818882],
        [0.0, -0.0, 0.01167901],
        [0.0, -0.0, 0.0],
        [0.0, -0.0, 0.0],
        [0.0, 0.0, -0.00818882],
        [-0.0, -0.0, -0.01167901]
    ],
    "relaxed_lattice": [
        [4.59803095, 0.0, 0.0],
        [0.0, 4.59803095, 0.0],
        [0.0, 0.0, 9.07118061]
    ]
}