{
    "atom_type": [
        "N",
        "Zr"
    ],
    "atoms_per_type": [
        2,
        6
    ],
    "coord_mode": "direct",
    "relaxed_basis": [
        [0.5, 0.5, 0.33272085],
        [0.5, 0.5, 0.66727915],
        [0.0, 0.0, 0.0],
        [0.5, 0.5, 0.16557133],
        [0.0, 0.0, 0.33357607],
        [0.5, 0.5, 0.5],
        [0.0, 0.0, 0.66642393],
        [0.5, 0.5, 0.83442867]
    ],
    "relaxed_energy": -74.77516842,
    "relaxed_forces": [
        [-0.0, 0.0, 0.12992334],
        [0.0, -0.0, -0.12992334],
        [-0.0, 0.0, 0.0],
        [0.0, -0.0, 0.13344828],
        [-0.0, 0.0, -0.00335027],
        [-0.0, 0.0, 0.0],
        [-0.0, 0.0, 0.00335027],
        [0.0, -0.0, -0.13344828]
    ],
    "relaxed_lattice": [
        [2.29905608, 2.29905608, 0.0],
        [2.29905608, -2.29905608, 0.0],
        [0.0, 0.0, -13.60719108]
    ]
}