{
    "atom_type": [
        "N",
        "Zr"
    ],
    "atoms_per_type": [
        5,
        6
    ],
    "coord_mode": "direct",
    "relaxed_basis": [
        [0.5, 0.0, 0.16683646],
        [0.0, 0.5, 0.33536747],
        [0.5, 0.0, 0.5],
        [0.0, 0.5, 0.66463253],
        [0.5, 0.0, 0.83316354],
        [0.0, 0.0, 0.0],
        [0.5, 0.5, 0.17340765],
        [0.0, 0.0, 0.32782883],
        [0.5, 0.5, 0.5],
        [0.0, 0.0, 0.67217117],
        [0.5, 0.5, 0.82659235]
    ],
    "relaxed_energy": -110.64872909,
    "relaxed_forces": [
        [0.01544247, 0.0, -0.01544247],
        [-0.06417745, 0.0, 0.06417745],
        [0.0, 0.0, -0.0],
        [0.06417745, 0.0, -0.06417745],
        [-0.01544247, 0.0, 0.01544247],
        [0.0, 0.0, -0.0],
        [-0.08438207, 0.0, 0.08438207],
        [-0.00514049, -0.0, 0.00514049],
        [0.0, 0.0, -0.0],
        [0.00514049, 0.0, -0.00514049],
        [0.08438207, -0.0, -0.08438207]
    ],
    "relaxed_lattice": [
        [2.30256394, 0.0, 2.30256394],
        [0.0, 4.58773487, 0.0],
        [-6.92221094, 0.0, 6.92221094]
    ]
}