{
    "atom_type": [
        "N",
        "Zr"
    ],
    "atoms_per_type": [
        2,
        7
    ],
    "coord_mode": "direct",
    "relaxed_basis": [
        [0.0712644, 0.0712644, 0.7862069],
        [0.5001642, 0.5001642, 0.4995074],
        [0.99889014, 0.99889014, 0.00332958],
        [0.14407431, 0.14407431, 0.56777697],
        [0.2857143, 0.2857143, 0.1428571],
        [0.42735419, 0.42735419, 0.71793733],
        [0.57253846, 0.57253846, 0.28238472],
        [0.71519392, 0.71519392, 0.85441823],
        [0.85623468, 0.85623468, 0.43129607]
    ],
    "relaxed_energy": -83.2769832,
    "relaxed_forces": [
        [-0.0330557, 0.0330557, 0.0330557],
        [0.0330557, -0.0330557, -0.0330557],
        [-0.02909426, 0.02909426, 0.02909426],
        [-0.00075973, 0.00075973, 0.00075973],
        [0.0, -0.0, -0.0],
        [0.00075973, -0.00075973, -0.00075973],
        [0.02909426, -0.02909426, -0.02909426],
        [-0.01980953, 0.01980953, 0.01980953],
        [0.01980953, -0.01980953, -0.01980953]
    ],
    "relaxed_lattice": [
        [2.3003688, 0.0, 2.3003688],
        [2.3003688, 2.3003688, 0.0],
        [-9.08836066, 11.38872945, 11.38872945]
    ]
}