{
    "atom_type": [
        "N",
        "Zr"
    ],
    "atoms_per_type": [
        3,
        4
    ],
    "coord_mode": "direct",
    "relaxed_basis": [
        [0.87535398, 0.75070797, 0.62574145],
        [0.625, 0.25, 0.875],
        [0.37464602, 0.74929203, 0.12425855],
        [0.9975177, 0.99503541, 0.99162364],
        [0.75571592, 0.51143184, 0.2440723],
        [0.49428408, 0.98856816, 0.5059277],
        [0.2524823, 0.50496459, 0.75837636]
    ],
    "relaxed_energy": -70.01683683,
    "relaxed_forces": [
        [0.08378365, -0.08378365, -0.01836551],
        [0.0, 0.0, 0.0],
        [-0.08378365, 0.08378365, 0.01836551],
        [-0.01368724, 0.01368724, -0.05048593],
        [-0.08911585, 0.08911585, 0.02998716],
        [0.08911585, -0.08911585, -0.02998716],
        [0.01368724, -0.01368724, 0.05048593]
    ],
    "relaxed_lattice": [
        [2.31180818, 2.31180818, -0.0],
        [-4.60996904, 2.29816087, 2.28690147],
        [2.31006483, -2.31006483, 4.59603452]
    ]
}