{
    "atom_type": [
        "N",
        "Zr"
    ],
    "atoms_per_type": [
        1,
        8
    ],
    "coord_mode": "direct",
    "relaxed_basis": [
        [0.375, 0.375, 0.25],
        [0.00304853, 0.00304853, 0.00181736],
        [0.375, 0.875, 0.75],
        [0.74695147, 0.74695147, 0.49818264],
        [0.12880272, 0.62119728, 0.25],
        [0.49876883, 0.49876883, 0.00181736],
        [0.875, 0.375, 0.75],
        [0.25123117, 0.25123117, 0.49818264],
        [0.62119728, 0.12880272, 0.25]
    ],
    "relaxed_energy": -79.76279158,
    "relaxed_forces": [
        [0.0, 0.0, 0.0],
        [0.0, -0.00222722, 0.0776305],
        [0.0, 0.0, 0.0],
        [0.0, 0.00222722, -0.0776305],
        [0.2187992, 0.0, -0.0],
        [0.0, -0.0776305, 0.00222722],
        [0.0, 0.0, 0.0],
        [0.0, 0.0776305, -0.00222722],
        [-0.2187992, -0.0, 0.0]
    ],
    "relaxed_lattice": [
        [4.58063703, 2.28122904, 2.28122904],
        [-4.58063703, 2.28122904, 2.28122904],
        [0.0, -6.85194084, 2.28948277]
    ]
}