{
    "atom_type": [
        "N",
        "Zr"
    ],
    "atoms_per_type": [
        1,
        7
    ],
    "coord_mode": "direct",
    "relaxed_basis": [
        [0.0714286, 0.1428571, 0.7142857],
        [0.00137681, 0.00275362, 0.99679582],
        [0.5714286, 0.1428571, 0.7142857],
        [0.14148029, 0.28296068, 0.43177558],
        [0.71774828, 0.43549656, 0.15472418],
        [0.27817446, 0.55634891, 0.85690388],
        [0.86468274, 0.72936539, 0.57166762],
        [0.42510882, 0.85021774, 0.27384722]
    ],
    "relaxed_energy": -71.44979795,
    "relaxed_forces": [
        [0.0, -0.0, 0.0],
        [0.0, -0.00289122, 0.02420629],
        [0.0, -0.0, 0.0],
        [-0.0, 0.00289122, -0.02420629],
        [0.0, 0.01240716, 0.06037296],
        [0.0, -0.01506242, -0.01221961],
        [-0.0, 0.01506242, 0.01221961],
        [-0.0, -0.01240716, -0.06037296]
    ],
    "relaxed_lattice": [
        [4.52671753, -0.0, -0.0],
        [-2.26335877, 4.61239166, -2.27522872],
        [-0.0, 2.31854471, 6.84983498]
    ]
}