{
    "atom_type": [
        "N",
        "Zr"
    ],
    "atoms_per_type": [
        4,
        5
    ],
    "coord_mode": "direct",
    "relaxed_basis": [
        [0.50010307, 0.50010307, 0.49969078],
        [0.29961855, 0.29961855, 0.10114436],
        [0.10038145, 0.10038145, 0.69885564],
        [0.89989693, 0.89989693, 0.30030922],
        [0.99920211, 0.99920211, 0.00239368],
        [0.79901629, 0.79901629, 0.60295112],
        [0.60098371, 0.60098371, 0.19704888],
        [0.40079789, 0.40079789, 0.79760632],
        [0.2, 0.2, 0.4]
    ],
    "relaxed_energy": -90.02980661,
    "relaxed_forces": [
        [-0.00714077, -0.00714077, 0.00714077],
        [-0.00596706, -0.00596706, 0.00596706],
        [0.00596706, 0.00596706, -0.00596706],
        [0.00714077, 0.00714077, -0.00714077],
        [-0.04924597, -0.04924597, 0.04924597],
        [0.02651588, 0.02651588, -0.02651588],
        [-0.02651588, -0.02651588, 0.02651588],
        [0.04924597, 0.04924597, -0.04924597],
        [0.0, 0.0, 0.0]
    ],
    "relaxed_lattice": [
        [2.29578934, 0.0, 2.29578934],
        [0.0, 2.29578934, 2.29578934],
        [-6.91428639, -6.91428639, 9.21007573]
    ]
}