{
    "atom_type": [
        "N",
        "Zr"
    ],
    "atoms_per_type": [
        3,
        5
    ],
    "coord_mode": "direct",
    "relaxed_basis": [
        [0.5, 0.5, 0.5],
        [0.10030331, 0.10030331, 0.69909008],
        [0.89969669, 0.89969669, 0.30090992],
        [0.0, 0.0, 0.0],
        [0.7987357, 0.7987357, 0.60379291],
        [0.59931258, 0.59931258, 0.20206225],
        [0.40068742, 0.40068742, 0.79793775],
        [0.2012643, 0.2012643, 0.39620709]
    ],
    "relaxed_energy": -78.19431895,
    "relaxed_forces": [
        [-0.0, 0.0, 0.0],
        [0.04362883, 0.04362883, -0.04362883],
        [-0.04362883, -0.04362883, 0.04362883],
        [-0.0, 0.0, 0.0],
        [0.0016433, 0.0016433, -0.0016433],
        [-0.05131208, -0.05131208, 0.05131208],
        [0.05131208, 0.05131208, -0.05131208],
        [-0.0016433, -0.0016433, 0.0016433]
    ],
    "relaxed_lattice": [
        [2.29699361, 0.0, 2.29699361],
        [0.0, 2.29699361, 2.29699361],
        [-6.88365087, -6.88365087, 9.18064449]
    ]
}