{
    "atom_type": [
        "N",
        "Zr"
    ],
    "atoms_per_type": [
        4,
        8
    ],
    "coord_mode": "direct",
    "relaxed_basis": [
        [0.0, 0.7491897, 0.75101225],
        [0.5, 0.99884399, 0.00115601],
        [0.0, 0.24950673, 0.75049327],
        [0.0, 0.24898775, 0.2508103],
        [0.0, 0.00678823, 0.99321177],
        [0.0, 0.00366114, 0.50296948],
        [0.5, 0.24481707, 0.24224559],
        [0.5, 0.24351986, 0.75648014],
        [0.0, 0.49637402, 0.50362598],
        [0.0, 0.49703052, 0.99633886],
        [0.5, 0.75775441, 0.75518293],
        [0.5, 0.75352658, 0.24647342]
    ],
    "relaxed_energy": -115.62928621,
    "relaxed_forces": [
        [0.0, -0.04416305, 0.01014938],
        [0.0, 0.0, -0.07198616],
        [0.0, 0.0, 0.0679605],
        [0.0, 0.04416305, 0.01014938],
        [0.0, 0.0, -0.03234916],
        [0.0, -0.05958415, 0.01914003],
        [0.0, -0.06665827, -0.03086616],
        [0.0, 0.0, 0.01360185],
        [0.0, 0.0, -0.01708382],
        [0.0, 0.05958415, 0.01914003],
        [0.0, 0.06665827, -0.03086616],
        [0.0, 0.0, 0.04301029]
    ],
    "relaxed_lattice": [
        [-4.55287492, 0.0, 0.0],
        [0.0, 4.62350081, 4.59797333],
        [0.0, 4.62350081, -4.59797333]
    ]
}