{
    "atom_type": [
        "N",
        "Zr"
    ],
    "atoms_per_type": [
        3,
        8
    ],
    "coord_mode": "direct",
    "relaxed_basis": [
        [0.25186264, 0.75186264, 0.00372527],
        [0.99813736, 0.49813736, 0.49627473],
        [0.375, 0.375, 0.25],
        [0.01568755, 0.98791318, 0.00341284],
        [0.36902555, 0.86902555, 0.75],
        [0.76208682, 0.73431245, 0.49658716],
        [0.13833055, 0.61166945, 0.25],
        [0.48772529, 0.51549966, 0.00341284],
        [0.88097445, 0.38097445, 0.75],
        [0.23450034, 0.26227471, 0.49658716],
        [0.61166945, 0.13833055, 0.25]
    ],
    "relaxed_energy": -103.7366355,
    "relaxed_forces": [
        [0.0, -0.00177866, 0.00177866],
        [0.0, 0.00177866, -0.00177866],
        [0.0, -0.0, 0.0],
        [-0.04628653, 0.00761835, -0.01707677],
        [0.0, 0.03347349, 0.03347349],
        [-0.04628653, -0.00761835, 0.01707677],
        [0.06864599, -0.0, -0.0],
        [0.04628653, 0.01707677, -0.00761835],
        [0.0, -0.03347349, -0.03347349],
        [0.04628653, -0.01707677, 0.00761835],
        [-0.06864599, -0.0, -0.0]
    ],
    "relaxed_lattice": [
        [4.82110173, 2.24623293, 2.24623293],
        [-4.82110173, 2.24623293, 2.24623293],
        [0.0, -6.79085292, 2.29838707]
    ]
}