{
    "atom_type": [
        "N",
        "Zr"
    ],
    "atoms_per_type": [
        5,
        7
    ],
    "coord_mode": "direct",
    "relaxed_basis": [
        [0.21299471, 0.42598942, 0.14169368],
        [0.78700529, 0.57401058, 0.85830632],
        [0.92782073, 0.85564156, 0.28556873],
        [0.5, 0.0, 0.0],
        [0.07217927, 0.14435844, 0.71443127],
        [0.0, 0.0, 0.0],
        [0.57842268, 0.15684527, 0.7264647],
        [0.13334941, 0.26669893, 0.42421699],
        [0.72113113, 0.44226225, 0.14152948],
        [0.27886887, 0.55773775, 0.85847052],
        [0.86665059, 0.73330107, 0.57578301],
        [0.42157732, 0.84315473, 0.2735353]
    ],
    "relaxed_energy": -119.41065075,
    "relaxed_forces": [
        [0.0, -0.03334381, 0.0231197],
        [-0.0, 0.03334381, -0.0231197],
        [0.0, -0.0089495, 0.0621841],
        [0.0, -0.0, 0.0],
        [-0.0, 0.0089495, -0.0621841],
        [0.0, 0.0, 0.0],
        [-0.0, 0.00889511, -0.01375508],
        [0.0, -0.03608292, -0.01304078],
        [0.0, -0.05443175, 0.0624263],
        [-0.0, 0.05443175, -0.0624263],
        [-0.0, 0.03608292, 0.01304078],
        [0.0, -0.00889511, 0.01375508]
    ],
    "relaxed_lattice": [
        [4.60490854, -0.0, -0.0],
        [-2.30245428, 4.63788657, -2.2803774],
        [-0.0, 2.32498572, 6.85299119]
    ]
}