{
    "atom_type": [
        "N",
        "Zr"
    ],
    "atoms_per_type": [
        4,
        8
    ],
    "coord_mode": "direct",
    "relaxed_basis": [
        [0.99866071, 0.25165397, 0.75102461],
        [0.24557602, 0.63271157, 0.87613639],
        [0.75442398, 0.36728843, 0.12386361],
        [0.00133929, 0.74834603, 0.24897539],
        [0.0, 0.0, 0.0],
        [0.23617484, 0.40427924, 0.12337109],
        [0.50809787, 0.72217106, 0.26163319],
        [0.76507171, 0.10717717, 0.36267941],
        [0.0, 0.5, 0.5],
        [0.23492829, 0.89282283, 0.63732059],
        [0.49190213, 0.27782894, 0.73836681],
        [0.76382516, 0.59572076, 0.87662891]
    ],
    "relaxed_energy": -116.04096562,
    "relaxed_forces": [
        [0.0, 0.06514153, 0.02320371],
        [-0.0, -0.0085648, -0.04377626],
        [0.0, 0.0085648, 0.04377626],
        [-0.0, -0.06514153, -0.02320371],
        [-0.0, -0.0, -0.0],
        [-0.0, -0.0510982, 0.06568875],
        [-0.0, -0.03547919, 0.01655519],
        [-0.0, -0.04610002, 0.02366375],
        [-0.0, -0.0, 0.0],
        [0.0, 0.04610002, -0.02366375],
        [0.0, 0.03547919, -0.01655519],
        [0.0, 0.0510982, -0.06568875]
    ],
    "relaxed_lattice": [
        [4.53276446, 0.0, -0.0],
        [2.26638224, 4.72742802, -2.30776673],
        [2.26638224, 4.70605226, 6.88142691]
    ]
}