{
    "atom_type": [
        "N",
        "Zr"
    ],
    "atoms_per_type": [
        1,
        8
    ],
    "coord_mode": "direct",
    "relaxed_basis": [
        [0.75, 0.625, 0.4375],
        [0.0073853, 0.00750267, 0.00237801],
        [0.49923561, 0.74735505, 0.12547372],
        [0.99282864, 0.50059961, 0.24903122],
        [0.49788905, 0.25795605, 0.37488773],
        [0.00211095, 0.99204395, 0.50011227],
        [0.50717136, 0.74940039, 0.62596878],
        [0.00076439, 0.50264495, 0.74952628],
        [0.4926147, 0.24249733, 0.87262199]
    ],
    "relaxed_energy": -79.79613174,
    "relaxed_forces": [
        [-0.0, 0.0, -0.0],
        [-0.0065533, 0.04522401, 0.00234846],
        [0.02793499, -0.01352967, 0.01796465],
        [-0.05386932, -0.02591547, 0.06620908],
        [0.00583036, 0.07512693, 0.04144803],
        [-0.00583036, -0.07512693, -0.04144803],
        [0.05386932, 0.02591547, -0.06620908],
        [-0.02793499, 0.01352967, -0.01796465],
        [0.0065533, -0.04522401, -0.00234846]
    ],
    "relaxed_lattice": [
        [2.27397943, 2.28930563, -4.55855533],
        [-2.27241672, 4.58109237, 2.28133096],
        [4.55398048, 0.0041149, 4.5636408]
    ]
}