{
    "atom_type": [
        "N",
        "Zr"
    ],
    "atoms_per_type": [
        5,
        8
    ],
    "coord_mode": "direct",
    "relaxed_basis": [
        [0.25, 0.62286778, 0.62713222],
        [0.24993589, 0.12557344, 0.62557344],
        [0.75, 0.375, 0.875],
        [0.25, 0.12713222, 0.12286778],
        [0.25006411, 0.62442656, 0.12442656],
        [0.00888273, 0.00531799, 0.9941853],
        [0.00750302, 0.49520845, 0.99520845],
        [0.49111727, 0.2558147, 0.24468201],
        [0.48389507, 0.75250451, 0.25250451],
        [0.00888273, 0.4941853, 0.50531799],
        [0.01610493, 0.99749549, 0.49749549],
        [0.49111727, 0.74468201, 0.7558147],
        [0.49249698, 0.25479155, 0.75479155]
    ],
    "relaxed_energy": -128.01211568,
    "relaxed_forces": [
        [-0.0, -0.03801248, 0.03801248],
        [0.09153425, -0.0565692, -0.0565692],
        [-0.0, 0.0, -0.0],
        [-0.0, 0.03801248, -0.03801248],
        [-0.09153425, 0.0565692, 0.0565692],
        [-0.02590154, 0.01412814, 0.01795967],
        [-0.04652347, 0.05123887, 0.05123887],
        [0.02590154, -0.01795967, -0.01412814],
        [-0.04003289, 0.02706635, 0.02706635],
        [-0.02590154, 0.01795967, 0.01412814],
        [0.04003289, -0.02706635, -0.02706635],
        [0.02590154, -0.01412814, -0.01795967],
        [0.04652347, -0.05123887, -0.05123887]
    ],
    "relaxed_lattice": [
        [4.59798374, -2.28903553, -2.28903553],
        [4.60888751, 4.60478778, -0.0049101],
        [4.60888751, -0.0049101, 4.60478778]
    ]
}