{
    "atom_type": [
        "N",
        "Zr"
    ],
    "atoms_per_type": [
        3,
        8
    ],
    "coord_mode": "direct",
    "relaxed_basis": [
        [0.0, 0.0, 0.74829832],
        [0.5, 0.0, 0.00560797],
        [0.0, 0.5, 0.00560797],
        [0.0, 0.0, 0.98925892],
        [0.5, 0.5, 0.00339702],
        [0.0, 0.5, 0.25422241],
        [0.5, 0.0, 0.25422241],
        [0.0, 0.0, 0.50100478],
        [0.5, 0.5, 0.48569531],
        [0.0, 0.5, 0.75134244],
        [0.5, 0.0, 0.75134244]
    ],
    "relaxed_energy": -103.82328893,
    "relaxed_forces": [
        [0.0, -0.0, -0.0784506],
        [0.0, -0.0, 0.04839084],
        [0.0, -0.0, 0.04839084],
        [0.0, -0.0, 0.00171024],
        [0.0, 0.0, -0.04475551],
        [-0.0, -0.0, -0.02157437],
        [0.0, -0.0, -0.02157437],
        [0.0, -0.0, 0.03144074],
        [0.0, 0.0, -0.00880187],
        [0.0, -0.0, 0.02261203],
        [0.0, -0.0, 0.02261203]
    ],
    "relaxed_lattice": [
        [4.60515975, 0.0, 0.0],
        [0.0, 4.60515975, 0.0],
        [0.0, 0.0, 9.0791365]
    ]
}