{
    "atom_type": [
        "N",
        "Zr"
    ],
    "atoms_per_type": [
        1,
        8
    ],
    "coord_mode": "direct",
    "relaxed_basis": [
        [0.25, 0.625, 0.125],
        [0.00095024, 0.99840775, 0.00159295],
        [0.00590912, 0.49992528, 0.99992528],
        [0.49904976, 0.25159225, 0.24840705],
        [0.49409088, 0.75007472, 0.25007472],
        [0.00095024, 0.50159295, 0.49840775],
        [0.99565638, 0.00016715, 0.50016715],
        [0.49904976, 0.74840705, 0.75159225],
        [0.50434362, 0.24983285, 0.74983285]
    ],
    "relaxed_energy": -79.78339199,
    "relaxed_forces": [
        [-0.0, 0.0, -0.0],
        [0.02962795, -0.03490765, 0.02509043],
        [0.11174646, -0.08710497, -0.08710497],
        [-0.02962795, 0.03490765, -0.02509043],
        [-0.11174646, 0.08710497, 0.08710497],
        [0.02962795, 0.02509043, -0.03490765],
        [-0.11399808, 0.07547528, 0.07547528],
        [-0.02962795, -0.02509043, 0.03490765],
        [0.11399808, -0.07547528, -0.07547528]
    ],
    "relaxed_lattice": [
        [4.56108665, -2.28300573, -2.28300573],
        [4.56924917, 4.5755246, 0.00680908],
        [4.56924917, 0.00680908, 4.5755246]
    ]
}