{
    "atom_type": [
        "N",
        "Zr"
    ],
    "atoms_per_type": [
        2,
        8
    ],
    "coord_mode": "direct",
    "relaxed_basis": [
        [0.0, 0.49856211, 0.24784111],
        [0.5, 0.75143789, 0.00215889],
        [0.0, 0.99341235, 0.99312283],
        [0.0, 0.99886804, 0.50564103],
        [0.5, 0.25113196, 0.74435897],
        [0.5, 0.25658765, 0.25687717],
        [0.0, 0.50153991, 0.50205775],
        [0.0, 0.50929876, 0.00043473],
        [0.5, 0.74070124, 0.24956527],
        [0.5, 0.74846009, 0.74794225]
    ],
    "relaxed_energy": -91.7301381,
    "relaxed_forces": [
        [-0.00822393, 0.00822393, -0.06282469],
        [0.00822393, -0.00822393, 0.06282469],
        [-0.02798564, 0.02798564, -0.09913873],
        [0.04801707, -0.04801707, 0.02805619],
        [-0.04801707, 0.04801707, -0.02805619],
        [0.02798564, -0.02798564, 0.09913873],
        [-0.04116974, 0.04116974, 0.02182237],
        [-0.03906411, 0.03906411, -0.00620016],
        [0.03906411, -0.03906411, 0.00620016],
        [0.04116974, -0.04116974, -0.02182237]
    ],
    "relaxed_lattice": [
        [2.28829639, 2.28829639, 0.0],
        [-4.55687089, 4.55687089, -0.0232046],
        [0.02318695, -0.02318695, 9.20097104]
    ]
}