{
    "atom_type": [
        "N",
        "Zr"
    ],
    "atoms_per_type": [
        7,
        8
    ],
    "coord_mode": "direct",
    "relaxed_basis": [
        [0.56253461, 0.56253461, 0.31239617],
        [0.43752879, 0.43752879, 0.68741363],
        [0.31227549, 0.31227549, 0.06317353],
        [0.1875, 0.1875, 0.4375],
        [0.06272451, 0.06272451, 0.81182647],
        [0.93747121, 0.93747121, 0.18758637],
        [0.81246539, 0.81246539, 0.56260383],
        [0.99937801, 0.99937801, 0.00186596],
        [0.87525295, 0.87525295, 0.37424114],
        [0.74920638, 0.74920638, 0.75238087],
        [0.62579362, 0.62579362, 0.12261913],
        [0.49974705, 0.49974705, 0.50075886],
        [0.37562199, 0.37562199, 0.87313404],
        [0.24957736, 0.24957736, 0.25126791],
        [0.12542264, 0.12542264, 0.62373209]
    ],
    "relaxed_energy": -151.19381366,
    "relaxed_forces": [
        [0.01131026, 0.01131026, -0.01131026],
        [-0.01724575, -0.01724575, 0.01724575],
        [-0.011689, -0.011689, 0.011689],
        [-0.0, -0.0, 0.0],
        [0.011689, 0.011689, -0.011689],
        [0.01724575, 0.01724575, -0.01724575],
        [-0.01131026, -0.01131026, 0.01131026],
        [-0.02503024, -0.02503024, 0.02503024],
        [0.01957713, 0.01957713, -0.01957713],
        [0.04910267, 0.04910267, -0.04910267],
        [-0.04910267, -0.04910267, 0.04910267],
        [-0.01957713, -0.01957713, 0.01957713],
        [0.02503024, 0.02503024, -0.02503024],
        [0.00258111, 0.00258111, -0.00258111],
        [-0.00258111, -0.00258111, 0.00258111]
    ],
    "relaxed_lattice": [
        [2.29895073, 0.0, 2.29895073],
        [0.0, 2.29895073, 2.29895073],
        [-11.49385674, -11.49385674, 13.79280747]
    ]
}