{
    "atom_type": [
        "Zr"
    ],
    "atoms_per_type": [
        1
    ],
    "coord_mode": "direct",
    "relaxed_basis": [
        [0.0, 0.0, 0.0]
    ],
    "relaxed_energy": -8.48101285,
    "relaxed_forces": [
        [0.0, 0.0, 0.0]
    ],
    "relaxed_lattice": [
        [0.0, 2.26423303, 2.26423303],
        [2.26423303, 0.0, 2.26423303],
        [2.26423303, 2.26423303, 0.0]
    ]
}