{
    "atom_type": [
        "N",
        "Zr"
    ],
    "atoms_per_type": [
        3,
        8
    ],
    "coord_mode": "direct",
    "relaxed_basis": [
        [0.0, 0.5, 0.50088271],
        [0.0, 0.0, 0.75],
        [0.5, 0.0, 0.99911729],
        [0.0, 0.0, 0.99063931],
        [0.5, 0.5, 0.01211834],
        [0.0, 0.5, 0.26437742],
        [0.5, 0.0, 0.23562258],
        [0.0, 0.0, 0.50936069],
        [0.5, 0.5, 0.48788166],
        [0.0, 0.5, 0.73358149],
        [0.5, 0.0, 0.76641851]
    ],
    "relaxed_energy": -104.23655362,
    "relaxed_forces": [
        [0.0, 0.0, 0.03169099],
        [0.0, 0.0, 0.0],
        [0.0, 0.0, -0.03169099],
        [0.0, 0.0, -0.00608527],
        [0.0, 0.0, 0.02639882],
        [0.0, 0.0, -0.00233334],
        [0.0, 0.0, 0.00233334],
        [0.0, 0.0, 0.00608527],
        [0.0, 0.0, -0.02639882],
        [0.0, 0.0, 0.02185578],
        [0.0, 0.0, -0.02185578]
    ],
    "relaxed_lattice": [
        [4.53767752, 0.0, 0.0],
        [0.0, 4.53767752, 0.0],
        [0.0, 0.0, 9.49592165]
    ]
}