{
    "atom_type": [
        "N",
        "Zr"
    ],
    "atoms_per_type": [
        4,
        7
    ],
    "coord_mode": "direct",
    "relaxed_basis": [
        [0.92902693, 0.92902693, 0.85805397],
        [0.64240157, 0.64240157, 0.28480323],
        [0.35698091, 0.35698091, 0.71396172],
        [0.21444769, 0.21444769, 0.42889538],
        [0.00201188, 0.00201188, 0.00402377],
        [0.85839885, 0.85839885, 0.7167976],
        [0.71302975, 0.71302975, 0.4260595],
        [0.56941672, 0.56941672, 0.13883333],
        [0.42653784, 0.42653784, 0.85307579],
        [0.2857143, 0.2857143, 0.5714286],
        [0.14489066, 0.14489066, 0.28978141]
    ],
    "relaxed_energy": -107.31440882,
    "relaxed_forces": [
        [0.0, 0.0, 0.18248233],
        [0.0, 0.0, -0.18248233],
        [-0.0, 0.0, -0.07386983],
        [0.0, 0.0, 0.07386983],
        [0.0, 0.0, 0.05559003],
        [0.0, 0.0, 0.02728447],
        [-0.0, 0.0, -0.02728447],
        [-0.0, 0.0, -0.05559003],
        [0.0, 0.0, -0.02853272],
        [-0.0, 0.0, 0.0],
        [0.0, 0.0, 0.02853272]
    ],
    "relaxed_lattice": [
        [2.30660802, -2.30660802, 0.0],
        [2.30660802, 2.30660802, 0.0],
        [-2.30660802, 0.0, 15.95688044]
    ]
}