{
    "atom_type": [
        "N",
        "Zr"
    ],
    "atoms_per_type": [
        4,
        8
    ],
    "coord_mode": "direct",
    "relaxed_basis": [
        [0.0, 0.62750894, 0.87321301],
        [0.0, 0.875, 0.625],
        [0.5, 0.875, 0.125],
        [0.0, 0.12249106, 0.37678699],
        [0.0, 0.98806258, 0.00647488],
        [0.5, 0.00028318, 0.50297968],
        [0.5, 0.24429071, 0.26247398],
        [0.0, 0.24841525, 0.74958315],
        [0.0, 0.50158475, 0.50041685],
        [0.5, 0.50570929, 0.98752602],
        [0.5, 0.74971682, 0.74702032],
        [0.0, 0.76193742, 0.24352512]
    ],
    "relaxed_energy": -115.83968285,
    "relaxed_forces": [
        [0.00634896, 0.07142882, -0.00634896],
        [0.0, -0.0, 0.0],
        [0.0, -0.0, 0.0],
        [-0.00634896, -0.07142882, 0.00634896],
        [-0.03307759, 0.07039098, 0.03307759],
        [-0.0147988, -0.06366809, 0.0147988],
        [-0.03809897, -0.03159446, 0.03809897],
        [0.02724539, 0.01921045, -0.02724539],
        [-0.02724539, -0.01921045, 0.02724539],
        [0.03809897, 0.03159446, -0.03809897],
        [0.0147988, 0.06366809, -0.0147988],
        [0.03307759, -0.07039098, -0.03307759]
    ],
    "relaxed_lattice": [
        [2.34123666, 0.0, 2.34123666],
        [2.32108063, 4.45897861, -2.32108063],
        [-7.03296791, 4.52719889, 7.03296791]
    ]
}