{
    "atom_type": [
        "N",
        "Zr"
    ],
    "atoms_per_type": [
        3,
        8
    ],
    "coord_mode": "direct",
    "relaxed_basis": [
        [0.7503743, 0.37379861, 0.87579017],
        [0.25274514, 0.12643007, 0.12402748],
        [0.24759053, 0.62410178, 0.12532884],
        [0.00750709, 0.00222595, 0.00164943],
        [0.00592335, 0.4908329, 0.00347404],
        [0.49419129, 0.2595364, 0.23683519],
        [0.480081, 0.75601788, 0.24650148],
        [0.99489574, 0.50087631, 0.49867473],
        [0.00210113, 0.00174402, 0.49640606],
        [0.50534995, 0.74160637, 0.75902288],
        [0.50924048, 0.24782971, 0.7572897]
    ],
    "relaxed_energy": -103.72850688,
    "relaxed_forces": [
        [0.05121121, -0.06591339, -0.02118484],
        [0.01782778, 0.02313251, -0.04635043],
        [-0.1062603, 0.05731079, 0.04239375],
        [-0.01453197, 0.00206093, -0.01908914],
        [-0.02162167, -0.00605704, -0.01373574],
        [0.06726306, 0.00458399, 0.08450376],
        [-0.0440445, 0.01771315, 0.11998812],
        [-0.05480132, 0.04447191, 0.00185952],
        [0.02087166, -0.03524486, 0.09832383],
        [0.06948315, -0.01690485, -0.09656073],
        [0.01460291, -0.02515315, -0.15014812]
    ],
    "relaxed_lattice": [
        [4.60840148, -2.29345468, -2.29304505],
        [4.62450136, 4.62606873, -0.00695346],
        [4.59905465, 0.01855389, 4.5491186]
    ]
}