{
    "atom_type": [
        "N",
        "Zr"
    ],
    "atoms_per_type": [
        6,
        8
    ],
    "coord_mode": "direct",
    "relaxed_basis": [
        [0.5, 0.37543172, 0.62402958],
        [0.5, 0.62456828, 0.37597042],
        [0.0, 0.87651402, 0.62455951],
        [0.5, 0.87262142, 0.12477972],
        [0.5, 0.12737858, 0.87522028],
        [0.0, 0.12348598, 0.37544049],
        [0.0, 0.0, 0.0],
        [0.5, 0.0, 0.5],
        [0.5, 0.24580807, 0.25402416],
        [0.0, 0.24207903, 0.75099546],
        [0.0, 0.5, 0.5],
        [0.5, 0.5, 0.0],
        [0.5, 0.75419193, 0.74597584],
        [0.0, 0.75792097, 0.24900454]
    ],
    "relaxed_energy": -139.58534294,
    "relaxed_forces": [
        [-0.00424114, -0.00529399, 0.00424114],
        [0.00424114, 0.00529399, -0.00424114],
        [0.03171265, 0.00980012, -0.03171265],
        [-0.01326527, 0.0030445, 0.01326527],
        [0.01326527, -0.0030445, -0.01326527],
        [-0.03171265, -0.00980012, 0.03171265],
        [-0.0, 0.0, -0.0],
        [-0.0, 0.0, -0.0],
        [-0.06048383, -0.01216308, 0.06048383],
        [-0.02365002, -0.04816669, 0.02365002],
        [-0.0, 0.0, -0.0],
        [-0.0, 0.0, -0.0],
        [0.06048383, 0.01216308, -0.06048383],
        [0.02365002, 0.04816669, -0.02365002]
    ],
    "relaxed_lattice": [
        [2.30550669, 0.0, 2.30550669],
        [2.30219818, 4.56806849, -2.30219818],
        [-6.92718953, 4.58862054, 6.92718953]
    ]
}