{
    "atom_type": [
        "N",
        "Zr"
    ],
    "atoms_per_type": [
        2,
        4
    ],
    "coord_mode": "direct",
    "relaxed_basis": [
        [0.25, 0.25, 0.5],
        [0.5, 0.0, 0.0],
        [0.0176442, 0.0176442, 0.03528839],
        [0.2676442, 0.7676442, 0.53528839],
        [0.4823558, 0.4823558, 0.96471161],
        [0.7323558, 0.2323558, 0.46471161]
    ],
    "relaxed_energy": -58.31064511,
    "relaxed_forces": [
        [-0.0, 0.0, 0.0],
        [0.0, -0.0, 0.0],
        [0.0, 0.0, -0.00501376],
        [0.0, 0.0, -0.00501376],
        [-0.0, -0.0, 0.00501376],
        [-0.0, -0.0, 0.00501376]
    ],
    "relaxed_lattice": [
        [4.53513943, 0.0, -0.0],
        [0.0, 4.53513943, -0.0],
        [-2.26756972, -2.26756972, 4.81983464]
    ]
}