{
    "atom_type": [
        "N",
        "Zr"
    ],
    "atoms_per_type": [
        1,
        8
    ],
    "coord_mode": "direct",
    "relaxed_basis": [
        [0.5, 0.0, 0.875],
        [0.0, 0.0, 0.99615053],
        [0.5, 0.5, 0.13029421],
        [0.0, 0.0, 0.24961235],
        [0.5, 0.5, 0.375],
        [0.0, 0.0, 0.50038765],
        [0.5, 0.5, 0.61970579],
        [0.0, 0.0, 0.75384947],
        [0.5, 0.5, 0.875]
    ],
    "relaxed_energy": -79.88143716,
    "relaxed_forces": [
        [0.0, 0.0, 0.0],
        [0.0473818, 0.0, -0.0473818],
        [-0.05589105, 0.0, 0.05589105],
        [-0.01363929, 0.0, 0.01363929],
        [0.0, 0.0, 0.0],
        [0.01363929, 0.0, -0.01363929],
        [0.05589105, 0.0, -0.05589105],
        [-0.0473818, 0.0, 0.0473818],
        [0.0, 0.0, 0.0]
    ],
    "relaxed_lattice": [
        [2.28807795, 0.0, 2.28807795],
        [0.0, 4.56212328, 0.0],
        [-9.09355594, 0.0, 9.09355594]
    ]
}