{
    "atom_type": [
        "N",
        "Zr"
    ],
    "atoms_per_type": [
        3,
        8
    ],
    "coord_mode": "direct",
    "relaxed_basis": [
        [0.5, 0.49987616, 0.49975232],
        [0.5, 0.75, 0.0],
        [0.5, 0.00012384, 0.50024768],
        [0.0, 0.99391158, 0.0],
        [0.5, 0.12422055, 0.7484411],
        [0.0, 0.25, 0.5],
        [0.5, 0.37577945, 0.2515589],
        [0.0, 0.50608842, 0.0],
        [0.5, 0.62555913, 0.75111825],
        [0.0, 0.75, 0.5],
        [0.5, 0.87444087, 0.24888175]
    ],
    "relaxed_energy": -103.72467315,
    "relaxed_forces": [
        [0.0, -0.0, 0.05043681],
        [0.0, -0.0, -0.0],
        [-0.0, 0.0, -0.05043681],
        [-0.00698103, 0.00698103, 0.0],
        [0.0, -0.0, 0.01228576],
        [-0.0, 0.0, -0.0],
        [-0.0, 0.0, -0.01228576],
        [0.00698103, -0.00698103, -0.0],
        [-0.0, 0.0, -0.08671926],
        [0.0, -0.0, -0.0],
        [0.0, -0.0, 0.08671926]
    ],
    "relaxed_lattice": [
        [2.30063889, 2.30063889, 0.0],
        [-4.59215636, 4.59215636, 0.0],
        [2.29607819, -2.29607819, 9.09621682]
    ]
}