{
    "atom_type": [
        "N",
        "Zr"
    ],
    "atoms_per_type": [
        6,
        8
    ],
    "coord_mode": "direct",
    "relaxed_basis": [
        [0.5, 0.5, 0.00011401],
        [0.0, 0.0, 0.12488599],
        [0.0, 0.0, 0.37543393],
        [0.5, 0.5, 0.50015968],
        [0.0, 0.0, 0.62484032],
        [0.5, 0.5, 0.74956607],
        [0.0, 0.0, 0.00284399],
        [0.5, 0.5, 0.12215601],
        [0.0, 0.0, 0.25094255],
        [0.5, 0.5, 0.3754414],
        [0.0, 0.0, 0.49731414],
        [0.5, 0.5, 0.62768586],
        [0.0, 0.0, 0.7495586],
        [0.5, 0.5, 0.87405745]
    ],
    "relaxed_energy": -139.72006818,
    "relaxed_forces": [
        [-0.0, 0.0, 0.06366179],
        [0.0, 0.0, -0.06366179],
        [-0.0, -0.0, 0.00597222],
        [0.0, 0.0, -0.01527735],
        [-0.0, 0.0, 0.01527735],
        [0.0, 0.0, -0.00597222],
        [-0.0, -0.0, -0.05537813],
        [0.0, 0.0, 0.05537813],
        [0.0, 0.0, -0.01755742],
        [-0.0, -0.0, 0.01537886],
        [0.0, -0.0, 0.04782434],
        [0.0, 0.0, -0.04782434],
        [0.0, 0.0, -0.01537886],
        [-0.0, -0.0, 0.01755742]
    ],
    "relaxed_lattice": [
        [2.30139271, 2.30139271, 0.0],
        [2.30139271, -2.30139271, 0.0],
        [0.0, 0.0, -18.3349603]
    ]
}