{
    "atom_type": [
        "N",
        "Zr"
    ],
    "atoms_per_type": [
        5,
        8
    ],
    "coord_mode": "direct",
    "relaxed_basis": [
        [0.0, 0.5, 0.24906048],
        [0.5, 0.0, 0.37687196],
        [0.5, 0.0, 0.62467155],
        [0.0, 0.5, 0.7497156],
        [0.5, 0.0, 0.87477048],
        [0.0, 0.0, 0.99473803],
        [0.5, 0.5, 0.12967697],
        [0.0, 0.0, 0.25585926],
        [0.5, 0.5, 0.36545925],
        [0.0, 0.0, 0.49963675],
        [0.5, 0.5, 0.63197805],
        [0.0, 0.0, 0.75162317],
        [0.5, 0.5, 0.87093846]
    ],
    "relaxed_energy": -127.82083771,
    "relaxed_forces": [
        [0.04522314, 0.0, -0.04522314],
        [-0.05849843, 0.0, 0.05849843],
        [-0.01470462, 0.0, 0.01470462],
        [0.00067474, 0.0, -0.00067474],
        [0.01572569, 0.0, -0.01572569],
        [0.03484167, 0.0, -0.03484167],
        [0.00184006, 0.0, -0.00184006],
        [-0.03759557, 0.0, 0.03759557],
        [0.00965295, 0.0, -0.00965295],
        [-0.01450395, 0.0, 0.01450395],
        [-0.02137067, 0.0, 0.02137067],
        [0.00511886, 0.0, -0.00511886],
        [0.03359613, 0.0, -0.03359613]
    ],
    "relaxed_lattice": [
        [2.31730358, 0.0, 2.31730358],
        [0.0, 4.55769067, 0.0],
        [-9.26800937, 0.0, 9.26800937]
    ]
}