{
    "atom_type": [
        "N",
        "Zr"
    ],
    "atoms_per_type": [
        2,
        6
    ],
    "coord_mode": "direct",
    "relaxed_basis": [
        [0.5, 0.16562416, 0.1684359],
        [0.5, 0.50104254, 0.4982308],
        [0.0, 0.00189342, 0.0067007],
        [0.5, 0.17267033, 0.66859469],
        [0.0, 0.3333333, 0.3333333],
        [0.5, 0.49399637, 0.99807201],
        [0.0, 0.66477328, 0.659966],
        [0.5, 0.8333333, 0.3333333]
    ],
    "relaxed_energy": -74.75751259,
    "relaxed_forces": [
        [-0.0066572, 0.01234713, -0.0066572],
        [0.0066572, -0.01234713, 0.0066572],
        [-0.00054265, -0.09328897, -0.00054265],
        [0.06277349, 0.01548019, 0.06277349],
        [-0.0, 0.0, -0.0],
        [-0.06277349, -0.01548019, -0.06277349],
        [0.00054265, 0.09328897, 0.00054265],
        [-0.0, 0.0, -0.0]
    ],
    "relaxed_lattice": [
        [2.29210673, 0.0, -2.29210673],
        [2.28470059, 4.55337736, 2.28470059],
        [4.59376634, -4.57789237, 4.59376634]
    ]
}