{
    "atom_type": [
        "N",
        "Zr"
    ],
    "atoms_per_type": [
        6,
        7
    ],
    "coord_mode": "direct",
    "relaxed_basis": [
        [0.85666512, 0.71333014, 0.07062636],
        [0.42928976, 0.85857962, 0.78546097],
        [0.99957942, 0.99915885, 0.50078691],
        [0.57184918, 0.14369825, 0.21349879],
        [0.14213874, 0.28427758, 0.92882473],
        [0.71476348, 0.42952696, 0.64365934],
        [0.99924794, 0.99849589, 0.00154377],
        [0.57218066, 0.14436121, 0.71274193],
        [0.13935395, 0.278708, 0.43087062],
        [0.71289455, 0.4257891, 0.13637673],
        [0.2857143, 0.5714286, 0.8571429],
        [0.85853405, 0.717068, 0.57790897],
        [0.43207455, 0.8641492, 0.28341508]
    ],
    "relaxed_energy": -130.95325245,
    "relaxed_forces": [
        [0.01794074, -0.01625868, 0.01794074],
        [0.01769854, 0.01508184, 0.01769854],
        [-0.00664182, -0.03655589, -0.00664182],
        [0.00664182, 0.03655589, 0.00664182],
        [-0.01769854, -0.01508184, -0.01769854],
        [-0.01794074, 0.01625868, -0.01794074],
        [0.01916931, -0.01607195, 0.01916931],
        [-0.01916931, 0.01607195, -0.01916931],
        [0.00814722, -0.08502857, 0.00814722],
        [-0.01777017, 0.00706969, -0.01777017],
        [0.0, -0.0, -0.0],
        [0.01777017, -0.00706969, 0.01777017],
        [-0.00814722, 0.08502857, -0.00814722]
    ],
    "relaxed_lattice": [
        [2.29747895, 0.0, -2.29747895],
        [0.00215582, 6.89873698, 2.29963477],
        [4.60395068, -4.5992845, 4.60395068]
    ]
}