{
    "atom_type": [
        "N",
        "Zr"
    ],
    "atoms_per_type": [
        4,
        8
    ],
    "coord_mode": "direct",
    "relaxed_basis": [
        [0.0, 0.62431531, 0.24987805],
        [0.5, 0.75065599, 0.00079135],
        [0.0, 0.87434401, 0.74920865],
        [0.5, 0.00068469, 0.50012195],
        [0.0, 0.9872997, 0.99488658],
        [0.5, 0.11305613, 0.74472732],
        [0.0, 0.24184989, 0.49942344],
        [0.5, 0.38315011, 0.25057656],
        [0.0, 0.51194387, 0.00527268],
        [0.5, 0.6377003, 0.75511342],
        [0.0, 0.762283, 0.49991311],
        [0.5, 0.862717, 0.25008689]
    ],
    "relaxed_energy": -115.8303336,
    "relaxed_forces": [
        [0.05748775, -0.05748775, 0.03557236],
        [0.00510871, -0.00510871, 0.06560172],
        [-0.00510871, 0.00510871, -0.06560172],
        [-0.05748775, 0.05748775, -0.03557236],
        [0.00396091, -0.00396091, 0.02657412],
        [-0.02292972, 0.02292972, 0.03488042],
        [-0.0238461, 0.0238461, -0.01456935],
        [0.0238461, -0.0238461, 0.01456935],
        [0.02292972, -0.02292972, -0.03488042],
        [-0.00396091, 0.00396091, -0.02657412],
        [-0.03219209, 0.03219209, -0.01331478],
        [0.03219209, -0.03219209, 0.01331478]
    ],
    "relaxed_lattice": [
        [2.30896503, 2.30896503, 0.0],
        [-4.5864918, 4.5864918, -0.01773568],
        [2.31107089, -2.31107089, 9.24578835]
    ]
}