{
    "atom_type": [
        "N",
        "Zr"
    ],
    "atoms_per_type": [
        3,
        8
    ],
    "coord_mode": "direct",
    "relaxed_basis": [
        [0.0, 0.5, 0.49989633],
        [0.0, 0.0, 0.75],
        [0.0, 0.5, 0.00010367],
        [0.0, 0.0, 0.99454663],
        [0.5, 0.5, 0.00839614],
        [0.0, 0.5, 0.25],
        [0.5, 0.0, 0.25],
        [0.0, 0.0, 0.50545337],
        [0.5, 0.5, 0.49160386],
        [0.0, 0.5, 0.75],
        [0.5, 0.0, 0.75]
    ],
    "relaxed_energy": -103.87958072,
    "relaxed_forces": [
        [0.0, 0.0, -0.00034791],
        [0.0, 0.0, -0.0],
        [0.0, 0.0, 0.00034791],
        [0.0, 0.0, 0.00458975],
        [0.0, 0.0, 0.03371866],
        [0.0, 0.0, -0.0],
        [0.0, 0.0, -0.0],
        [0.0, 0.0, -0.00458975],
        [0.0, 0.0, -0.03371866],
        [0.0, 0.0, -0.0],
        [0.0, 0.0, 0.0]
    ],
    "relaxed_lattice": [
        [4.54546797, 0.0, 0.0],
        [0.0, 4.57603445, 0.0],
        [0.0, 0.0, 9.21419059]
    ]
}