{
    "atom_type": [
        "N",
        "Zr"
    ],
    "atoms_per_type": [
        4,
        8
    ],
    "coord_mode": "direct",
    "relaxed_basis": [
        [0.68649443, 0.1876769, 0.43933423],
        [0.93891875, 0.43573455, 0.68642794],
        [0.56237299, 0.06234822, 0.8129058],
        [0.1883244, 0.68678595, 0.93656525],
        [0.0063245, 0.99507057, 0.99228043],
        [0.62369329, 0.62873886, 0.12387455],
        [0.24904896, 0.24417889, 0.25772319],
        [0.87578013, 0.87732039, 0.37111934],
        [0.50088759, 0.49686325, 0.50136158],
        [0.12048653, 0.13434596, 0.62468098],
        [0.74549202, 0.74798308, 0.76103287],
        [0.37717639, 0.37795337, 0.86769385]
    ],
    "relaxed_energy": -115.77813341,
    "relaxed_forces": [
        [-0.0408317, 0.02907534, 0.0408317],
        [0.06129912, 0.09408473, -0.06129912],
        [0.03283661, 0.046717, -0.03283661],
        [-0.07274135, -0.10779383, 0.07274135],
        [0.04433396, -0.00923502, -0.04433396],
        [-0.05237208, -0.00515982, 0.05237208],
        [-0.06855925, -0.10464794, 0.06855925],
        [0.03244548, 0.02172256, -0.03244548],
        [0.02835132, 0.09066979, -0.02835132],
        [-0.022357, -0.06677484, 0.022357],
        [0.03158588, 0.00692844, -0.03158588],
        [0.02600902, 0.00441358, -0.02600902]
    ],
    "relaxed_lattice": [
        [2.30640464, 0.0, 2.30640464],
        [2.28649904, 6.89835218, 0.0199056],
        [-4.58632901, 2.32370513, 6.89273365]
    ]
}