{
    "atom_type": [
        "N",
        "Zr"
    ],
    "atoms_per_type": [
        5,
        8
    ],
    "coord_mode": "direct",
    "relaxed_basis": [
        [0.31309784, 0.43798275, 0.62619568],
        [0.43658909, 0.81303879, 0.87317817],
        [0.68771791, 0.56479558, 0.37543582],
        [0.81272346, 0.93922865, 0.62544693],
        [0.93658093, 0.31117075, 0.87316186],
        [0.99971329, 7.48e-06, 0.99942658],
        [0.1269818, 0.37751029, 0.2539636],
        [0.2490698, 0.73827915, 0.49813959],
        [0.37647365, 0.12467561, 0.7529473],
        [0.49814976, 0.49995387, 0.99629951],
        [0.62405628, 0.87210793, 0.24811256],
        [0.75044172, 0.25691439, 0.50088343],
        [0.87590448, 0.62683475, 0.75180896]
    ],
    "relaxed_energy": -127.51185039,
    "relaxed_forces": [
        [0.05078362, -0.06120329, 0.05078362],
        [-0.02203915, 0.04379156, -0.02203915],
        [0.02796508, 0.0256976, 0.02796508],
        [-0.00952784, 0.02532706, -0.00952784],
        [-0.02074221, 0.01018218, -0.02074221],
        [-0.02759117, 0.02455671, -0.02759117],
        [0.0604017, -0.06884597, 0.0604017],
        [-0.00704451, -0.08368994, -0.00704451],
        [0.00352847, 0.00647412, 0.00352847],
        [-0.04719438, 0.06759587, -0.04719438],
        [-0.06754161, 0.02788604, -0.06754161],
        [0.05214251, -0.03854374, 0.05214251],
        [0.00685949, 0.02077178, 0.00685949]
    ],
    "relaxed_lattice": [
        [2.30053081, 0.0, -2.30053081],
        [2.2976439, 4.59018288, 2.2976439],
        [4.61700651, -6.90840888, 6.91753732]
    ]
}