{
    "atom_type": [
        "N",
        "Zr"
    ],
    "atoms_per_type": [
        4,
        8
    ],
    "coord_mode": "direct",
    "relaxed_basis": [
        [0.5, 0.37374952, 0.62583297],
        [0.0, 0.625, 0.875],
        [0.5, 0.87625048, 0.12416703],
        [0.5, 0.125, 0.875],
        [0.0, 0.99087208, 0.99920582],
        [0.5, 0.00294748, 0.49836434],
        [0.5, 0.24705252, 0.25163566],
        [0.0, 0.25912792, 0.75079418],
        [0.0, 0.49791635, 0.50048374],
        [0.5, 0.50528686, 0.99665276],
        [0.5, 0.74471314, 0.75334724],
        [0.0, 0.75208365, 0.24951626]
    ],
    "relaxed_energy": -115.73440421,
    "relaxed_forces": [
        [-0.04060161, 0.01715646, 0.04060161],
        [-0.0, 0.0, -0.0],
        [0.04060161, -0.01715646, -0.04060161],
        [-0.0, 0.0, -0.0],
        [-0.01659467, -0.068155, 0.01659467],
        [0.05554056, 0.04262368, -0.05554056],
        [-0.05554056, -0.04262368, 0.05554056],
        [0.01659467, 0.068155, -0.01659467],
        [-0.05792806, 0.03357736, 0.05792806],
        [0.02558791, -0.00481265, -0.02558791],
        [-0.02558791, 0.00481265, 0.02558791],
        [0.05792806, -0.03357736, -0.05792806]
    ],
    "relaxed_lattice": [
        [2.30125743, 0.0, 2.30125743],
        [2.28596311, 4.58611395, -2.28596311],
        [-6.90013145, 4.62827169, 6.90013145]
    ]
}