{
    "atom_type": [
        "N",
        "Zr"
    ],
    "atoms_per_type": [
        3,
        8
    ],
    "coord_mode": "direct",
    "relaxed_basis": [
        [0.75, 0.75, 0.25],
        [0.25, 0.25, 0.75],
        [0.75, 0.75, 0.75],
        [0.0, 0.0, 0.0],
        [0.50300994, 0.99699006, 0.99699006],
        [0.99699006, 0.50300994, 0.99699006],
        [0.50506108, 0.50506108, 0.99493892],
        [0.99493892, 0.99493892, 0.50506108],
        [0.50300994, 0.99699006, 0.50300994],
        [0.99699006, 0.50300994, 0.50300994],
        [0.5, 0.5, 0.5]
    ],
    "relaxed_energy": -103.89693442,
    "relaxed_forces": [
        [0.0, -0.0, -0.0],
        [0.0, -0.0, -0.0],
        [0.0, -0.0, -0.0],
        [0.0, -0.0, -0.0],
        [0.00258582, -0.0, -0.0],
        [0.0, 0.00258582, -0.0],
        [0.0, -0.0, 0.06127266],
        [0.0, -0.0, -0.06127266],
        [0.0, -0.00258582, -0.0],
        [-0.00258582, -0.0, -0.0],
        [0.0, 0.0, -0.0]
    ],
    "relaxed_lattice": [
        [0.0, 4.5609539, 4.61326455],
        [4.5609539, 0.0, 4.61326455],
        [4.5609539, 4.5609539, 0.0]
    ]
}