{
    "atom_type": [
        "N",
        "Zr"
    ],
    "atoms_per_type": [
        1,
        7
    ],
    "coord_mode": "direct",
    "relaxed_basis": [
        [0.7142857, 0.4285714, 0.6428571],
        [0.003441, 0.00688201, 0.00438326],
        [0.5708599, 0.14171969, 0.71396862],
        [0.14534802, 0.29069613, 0.43546733],
        [0.7142857, 0.4285714, 0.1428571],
        [0.28322338, 0.56644677, 0.85024697],
        [0.8577116, 0.71542311, 0.57174568],
        [0.4251304, 0.85026089, 0.28133104]
    ],
    "relaxed_energy": -71.27296885,
    "relaxed_forces": [
        [-0.0, -0.0, 0.0],
        [0.05166027, 0.02463632, 0.05166027],
        [-0.00311405, -0.00016713, -0.00311405],
        [0.03405964, -0.04701655, 0.03405964],
        [-0.0, -0.0, 0.0],
        [-0.03405964, 0.04701655, -0.03405964],
        [0.00311405, 0.00016713, 0.00311405],
        [-0.05166027, -0.02463632, -0.05166027]
    ],
    "relaxed_lattice": [
        [2.27329797, 0.0, -2.27329797],
        [-0.01589629, 6.90030377, 2.25740168],
        [4.57110779, -4.62958628, 4.57110779]
    ]
}