{
    "atom_type": [
        "N",
        "Zr"
    ],
    "atoms_per_type": [
        3,
        8
    ],
    "coord_mode": "direct",
    "relaxed_basis": [
        [0.62503729, 0.62503729, 0.75007457],
        [0.0, 0.5, 0.5],
        [0.37496271, 0.37496271, 0.24992543],
        [0.0, 0.0, 0.0],
        [0.37608294, 0.86259959, 0.74669162],
        [0.74487713, 0.73027703, 0.5],
        [0.12939133, 0.61590797, 0.25330838],
        [0.5, 0.5, 0.0],
        [0.87060867, 0.38409203, 0.74669162],
        [0.25512287, 0.26972297, 0.5],
        [0.62391706, 0.13740041, 0.25330838]
    ],
    "relaxed_energy": -103.8501712,
    "relaxed_forces": [
        [0.0, -0.01093513, 0.01093513],
        [0.0, 0.0, -0.0],
        [-0.0, 0.01093513, -0.01093513],
        [0.0, 0.0, -0.0],
        [0.04982819, 0.0181033, 0.0699683],
        [0.01615748, 0.0309904, 0.0309904],
        [0.04982819, 0.0699683, 0.0181033],
        [0.0, 0.0, -0.0],
        [-0.04982819, -0.0699683, -0.0181033],
        [-0.01615748, -0.0309904, -0.0309904],
        [-0.04982819, -0.0181033, -0.0699683]
    ],
    "relaxed_lattice": [
        [4.63411312, 2.31197763, 2.31197763],
        [-4.59250343, 2.27061163, 2.27061163],
        [-0.02080485, -6.90491662, 2.32232736]
    ]
}