{
    "atom_type": [
        "N",
        "Zr"
    ],
    "atoms_per_type": [
        1,
        8
    ],
    "coord_mode": "direct",
    "relaxed_basis": [
        [0.0, 0.125, 0.75],
        [0.0, 0.00245129, 0.99719925],
        [0.5, 0.125, 0.75],
        [0.0, 0.24754871, 0.50280075],
        [0.5, 0.38042667, 0.26085334],
        [0.0, 0.49474795, 0.99719925],
        [0.5, 0.625, 0.75],
        [0.0, 0.75525205, 0.50280075],
        [0.5, 0.86957333, 0.23914666]
    ],
    "relaxed_energy": -79.87037731,
    "relaxed_forces": [
        [0.0, 0.0, -0.0],
        [0.0, 0.02094365, -0.0457989],
        [0.0, -0.0, -0.0],
        [0.0, -0.02094365, 0.0457989],
        [0.0, 0.06135332, 0.06135332],
        [0.0, -0.0457989, 0.02094365],
        [0.0, -0.0, -0.0],
        [0.0, 0.0457989, -0.02094365],
        [0.0, -0.06135332, -0.06135332]
    ],
    "relaxed_lattice": [
        [4.52802613, 0.0, 0.0],
        [0.0, 4.58944485, -4.58944485],
        [0.0, 2.26947739, 6.85892224]
    ]
}