{
    "atom_type": [
        "N",
        "Zr"
    ],
    "atoms_per_type": [
        6,
        8
    ],
    "coord_mode": "direct",
    "relaxed_basis": [
        [0.375, 0.75, 0.0625],
        [0.87426397, 0.74852795, 0.81220525],
        [0.12451594, 0.24903188, 0.6864002],
        [0.375, 0.75, 0.5625],
        [0.62548406, 0.25096812, 0.4385998],
        [0.87573603, 0.75147205, 0.31279475],
        [0.99158322, 0.98316644, 0.00017968],
        [0.25631321, 0.51262643, 0.8732077],
        [0.49874847, 0.99749693, 0.74787677],
        [0.74935831, 0.49871662, 0.62747492],
        [0.00064169, 0.00128338, 0.49752508],
        [0.25125153, 0.50250307, 0.37712323],
        [0.49368679, 0.98737357, 0.2517923],
        [0.75841678, 0.51683356, 0.12482032]
    ],
    "relaxed_energy": -139.63159748,
    "relaxed_forces": [
        [-0.0, -0.0, 0.0],
        [-0.06196251, 0.06196251, -0.03343306],
        [-0.01597655, 0.01597655, -0.05050106],
        [-0.0, -0.0, 0.0],
        [0.01597655, -0.01597655, 0.05050106],
        [0.06196251, -0.06196251, 0.03343306],
        [0.00306325, -0.00306325, -0.00729549],
        [-0.0610072, 0.0610072, -0.07972857],
        [-0.06856292, 0.06856292, -0.07330007],
        [0.03321736, -0.03321736, 0.01780657],
        [-0.03321736, 0.03321736, -0.01780657],
        [0.06856292, -0.06856292, 0.07330007],
        [0.0610072, -0.0610072, 0.07972857],
        [-0.00306325, 0.00306325, 0.00729549]
    ],
    "relaxed_lattice": [
        [2.31175269, 2.31175269, -0.0],
        [-4.60096048, 2.28920781, 2.27903244],
        [4.62815786, -4.62815786, 9.22033567]
    ]
}