{
    "atom_type": [
        "N",
        "Zr"
    ],
    "atoms_per_type": [
        4,
        7
    ],
    "coord_mode": "direct",
    "relaxed_basis": [
        [0.35693395, 0.71386779, 0.57033361],
        [0.92833704, 0.85667418, 0.28552242],
        [0.50023436, 0.00046872, 0.00019188],
        [0.07163755, 0.14327501, 0.71538069],
        [0.00142749, 0.00285498, 0.00741693],
        [0.56072665, 0.1214532, 0.72429803],
        [0.14317605, 0.2863522, 0.43903897],
        [0.7142857, 0.4285714, 0.1428571],
        [0.28539535, 0.5707907, 0.84667533],
        [0.86784485, 0.7356896, 0.56141627],
        [0.42714391, 0.85428792, 0.27829737]
    ],
    "relaxed_energy": -107.46428942,
    "relaxed_forces": [
        [0.0, -0.00974504, -0.00277139],
        [-0.0, 0.00562972, -0.00607832],
        [0.0, -0.00562972, 0.00607832],
        [-0.0, 0.00974504, 0.00277139],
        [-0.0, 0.01755772, -0.00467799],
        [0.0, 0.00694344, 0.02249911],
        [-0.0, 0.03743908, 0.01414008],
        [0.0, 0.0, 0.0],
        [0.0, -0.03743908, -0.01414008],
        [-0.0, -0.00694344, -0.02249911],
        [0.0, -0.01755772, 0.00467799]
    ],
    "relaxed_lattice": [
        [4.58245399, 0.0, 0.0],
        [-2.291227, 4.5771577, -2.34122342],
        [0.0, 2.27452776, 6.99631629]
    ]
}