{
    "atom_type": [
        "N",
        "Zr"
    ],
    "atoms_per_type": [
        3,
        8
    ],
    "coord_mode": "direct",
    "relaxed_basis": [
        [0.0, 0.62637191, 0.25301668],
        [0.0, 0.87335523, 0.74698332],
        [0.5, 0.00041843, 0.5],
        [0.0, 0.99827984, 0.99849878],
        [0.5, 0.11505656, 0.7492358],
        [0.0, 0.24368198, 0.5],
        [0.5, 0.3798052, 0.24525389],
        [0.0, 0.49978106, 0.00150122],
        [0.5, 0.63455132, 0.75474611],
        [0.0, 0.76287771, 0.5],
        [0.5, 0.86582076, 0.2507642]
    ],
    "relaxed_energy": -103.71864151,
    "relaxed_forces": [
        [0.03108618, -0.03108618, 0.05871747],
        [0.03108618, -0.03108618, -0.05871747],
        [-0.08323013, 0.08323013, -0.0],
        [0.03943986, -0.03943986, -0.00916248],
        [-0.01456062, 0.01456062, 0.03097725],
        [-0.06904123, 0.06904123, -0.0],
        [0.0198798, -0.0198798, -0.10741973],
        [0.03943986, -0.03943986, 0.00916248],
        [0.0198798, -0.0198798, 0.10741973],
        [0.00058092, -0.00058092, 0.0],
        [-0.01456062, 0.01456062, -0.03097725]
    ],
    "relaxed_lattice": [
        [2.29237297, 2.29237297, 0.0],
        [-4.55495556, 4.55495556, -0.0],
        [2.27747779, -2.27747779, 9.29054098]
    ]
}