{
    "atom_type": [
        "N",
        "Zr"
    ],
    "atoms_per_type": [
        2,
        7
    ],
    "coord_mode": "direct",
    "relaxed_basis": [
        [0.49870118, 0.99740237, 0.99995938],
        [0.07272742, 0.14545473, 0.71432632],
        [0.00308362, 0.00616724, 0.98855358],
        [0.56834498, 0.13668986, 0.72573212],
        [0.14475015, 0.2895004, 0.44164951],
        [0.70821068, 0.41642136, 0.15079128],
        [0.2857143, 0.5714286, 0.8571429],
        [0.86321792, 0.72643574, 0.56349442],
        [0.42667835, 0.8533568, 0.27263619]
    ],
    "relaxed_energy": -83.40488577,
    "relaxed_forces": [
        [0.0, -0.0223409, 0.00068699],
        [-0.0, 0.0223409, -0.00068699],
        [0.0, 0.00362236, 0.02121224],
        [-0.0, -0.00362236, -0.02121224],
        [0.0, -0.0121871, 0.04155628],
        [-0.0, 0.01461794, 0.01935459],
        [-0.0, -0.0, -0.0],
        [0.0, -0.01461794, -0.01935459],
        [-0.0, 0.0121871, -0.04155628]
    ],
    "relaxed_lattice": [
        [4.51291693, -0.0, 0.0],
        [-2.25645847, 4.58730359, -2.33894382],
        [0.0, 2.28991876, 7.00964929]
    ]
}