{
    "atom_type": [
        "N",
        "Zr"
    ],
    "atoms_per_type": [
        7,
        8
    ],
    "coord_mode": "direct",
    "relaxed_basis": [
        [0.75265941, 0.12595558, 0.6882232],
        [0.24898633, 0.87399984, 0.8137792],
        [0.75029397, 0.62474262, 0.93820021],
        [0.25, 0.375, 0.0625],
        [0.74970603, 0.12525738, 0.18679979],
        [0.25101367, 0.87600016, 0.3112208],
        [0.74734059, 0.62404442, 0.4367768],
        [0.00067893, 0.00063751, 0.99919551],
        [0.49932107, 0.74936249, 0.12580449],
        [0.99401146, 0.50557124, 0.24280418],
        [0.50803317, 0.24678835, 0.37215878],
        [0.99259432, 0.9884261, 0.49822461],
        [0.50740568, 0.7615739, 0.62677539],
        [0.99196683, 0.50321165, 0.75284122],
        [0.50598854, 0.24442876, 0.88219582]
    ],
    "relaxed_energy": -151.61775699,
    "relaxed_forces": [
        [0.01429241, 0.05183263, -0.03349788],
        [0.00808354, -0.01577114, 0.01585302],
        [-0.04039428, -0.01607257, 0.03397591],
        [-0.0, 0.0, -0.0],
        [0.04039428, 0.01607257, -0.03397591],
        [-0.00808354, 0.01577114, -0.01585302],
        [-0.01429241, -0.05183263, 0.03349788],
        [-0.00515028, 0.04304177, 0.01516716],
        [0.00515028, -0.04304177, -0.01516716],
        [-0.05092902, 0.02899371, 0.00179071],
        [0.03528808, 0.0221104, -0.05895796],
        [0.00456814, -0.08927657, -0.04219643],
        [-0.00456814, 0.08927657, 0.04219643],
        [-0.03528808, -0.0221104, 0.05895796],
        [0.05092902, -0.02899371, -0.00179071]
    ],
    "relaxed_lattice": [
        [2.29310393, 2.29265303, -4.59568494],
        [-2.30671584, 4.61076896, 2.3037415],
        [4.61068203, -0.00126744, 4.60727168]
    ]
}