{
    "atom_type": [
        "N",
        "Zr"
    ],
    "atoms_per_type": [
        3,
        7
    ],
    "coord_mode": "direct",
    "relaxed_basis": [
        [0.4285714, 0.8571429, 0.7857143],
        [0.14237128, 0.28474267, 0.92993943],
        [0.71477152, 0.42954303, 0.64148907],
        [0.99894691, 0.99789382, 0.99190496],
        [0.57484673, 0.14969335, 0.72533945],
        [0.14203744, 0.28407498, 0.43355055],
        [0.71510536, 0.43021072, 0.13787795],
        [0.28229617, 0.56459235, 0.84608915],
        [0.85819599, 0.71639188, 0.57952364],
        [0.4285714, 0.8571429, 0.2857143]
    ],
    "relaxed_energy": -95.25853812,
    "relaxed_forces": [
        [-0.0, 0.0, -0.0],
        [0.09714622, -0.0126241, 0.09714622],
        [-0.09714622, 0.0126241, -0.09714622],
        [-0.01437259, -0.07776167, -0.01437259],
        [0.02195081, 0.00547612, 0.02195081],
        [-0.02743373, -0.14964461, -0.02743373],
        [0.02743373, 0.14964461, 0.02743373],
        [-0.02195081, -0.00547612, -0.02195081],
        [0.01437259, 0.07776167, 0.01437259],
        [-0.0, 0.0, -0.0]
    ],
    "relaxed_lattice": [
        [2.29575689, 0.0, -2.29575689],
        [0.00534149, 6.89619492, 2.30109838],
        [4.59308111, -4.59093332, 4.59308111]
    ]
}