{
    "atom_type": [
        "N",
        "Zr"
    ],
    "atoms_per_type": [
        7,
        8
    ],
    "coord_mode": "direct",
    "relaxed_basis": [
        [0.37604425, 0.7520885, 0.06306168],
        [0.62443118, 0.24886236, 0.9365954],
        [0.87438146, 0.74876291, 0.81205938],
        [0.125, 0.25, 0.6875],
        [0.37561854, 0.75123709, 0.56294062],
        [0.62556882, 0.25113764, 0.4384046],
        [0.87395575, 0.7479115, 0.31193832],
        [0.99814798, 0.99629596, 0.99786199],
        [0.25020018, 0.50040037, 0.87836018],
        [0.50189613, 0.00379226, 0.75160129],
        [0.74810387, 0.49620774, 0.62339871],
        [0.99979982, 0.99959963, 0.49663982],
        [0.25185202, 0.50370404, 0.37713801],
        [0.49316352, 0.98632703, 0.25353216],
        [0.75683648, 0.51367297, 0.12146784]
    ],
    "relaxed_energy": -151.54012897,
    "relaxed_forces": [
        [-0.08403368, 0.08403368, 0.05282489],
        [-0.00261594, 0.00261594, -0.01993445],
        [-0.0107497, 0.0107497, -0.00614486],
        [-0.0, 0.0, 0.0],
        [0.0107497, -0.0107497, 0.00614486],
        [0.00261594, -0.00261594, 0.01993445],
        [0.08403368, -0.08403368, -0.05282489],
        [-0.02757462, 0.02757462, -0.03535232],
        [-0.01149698, 0.01149698, 0.03543801],
        [-0.01481701, 0.01481701, -0.00962053],
        [0.01481701, -0.01481701, 0.00962053],
        [0.01149698, -0.01149698, -0.03543801],
        [0.02757462, -0.02757462, 0.03535232],
        [0.07761509, -0.07761509, 0.02465926],
        [-0.07761509, 0.07761509, -0.02465926]
    ],
    "relaxed_lattice": [
        [2.30624189, 2.30624189, -0.0],
        [-4.60872526, 2.30248337, 2.28872478],
        [4.61616713, -4.61616713, 9.18116667]
    ]
}