{
    "atom_type": [
        "N",
        "Zr"
    ],
    "atoms_per_type": [
        4,
        8
    ],
    "coord_mode": "direct",
    "relaxed_basis": [
        [0.5, 0.0, 0.37530208],
        [0.5, 0.0, 0.62585163],
        [0.0, 0.5, 0.74977761],
        [0.5, 0.0, 0.87396213],
        [0.0, 0.0, 0.0010455],
        [0.5, 0.5, 0.12526852],
        [0.0, 0.0, 0.25366398],
        [0.5, 0.5, 0.37123819],
        [0.0, 0.0, 0.49612846],
        [0.5, 0.5, 0.63027488],
        [0.0, 0.0, 0.75122868],
        [0.5, 0.5, 0.87125834]
    ],
    "relaxed_energy": -115.66313517,
    "relaxed_forces": [
        [-0.0424236, 0.0, 0.0424236],
        [0.02402424, 0.0, -0.02402424],
        [-0.01325612, 0.0, 0.01325612],
        [0.00079928, 0.0, -0.00079928],
        [-0.01178404, 0.0, 0.01178404],
        [-0.00899794, 0.0, 0.00899794],
        [0.00419385, 0.0, -0.00419385],
        [0.08312522, 0.0, -0.08312522],
        [-0.03268337, 0.0, 0.03268337],
        [0.00197767, 0.0, -0.00197767],
        [0.00484355, 0.0, -0.00484355],
        [-0.00981873, 0.0, 0.00981873]
    ],
    "relaxed_lattice": [
        [2.30358318, 0.0, 2.30358318],
        [0.0, 4.56778742, 0.0],
        [-9.17806293, 0.0, 9.17806293]
    ]
}