{
    "atom_type": [
        "N",
        "Zr"
    ],
    "atoms_per_type": [
        3,
        8
    ],
    "coord_mode": "direct",
    "relaxed_basis": [
        [0.06248131, 0.06248131, 0.81255606],
        [0.9375, 0.9375, 0.1875],
        [0.81251869, 0.81251869, 0.56244394],
        [0.99998296, 0.99998296, 5.111e-05],
        [0.87501704, 0.87501704, 0.37494889],
        [0.74875127, 0.74875127, 0.75374618],
        [0.62415395, 0.62415395, 0.12753815],
        [0.49903167, 0.49903167, 0.50290499],
        [0.37596833, 0.37596833, 0.87209501],
        [0.25084605, 0.25084605, 0.24746185],
        [0.12624873, 0.12624873, 0.62125382]
    ],
    "relaxed_energy": -103.67633866,
    "relaxed_forces": [
        [0.04488393, 0.04488393, -0.04488393],
        [-0.0, -0.0, -0.0],
        [-0.04488393, -0.04488393, 0.04488393],
        [0.01300306, 0.01300306, -0.01300306],
        [-0.01300306, -0.01300306, 0.01300306],
        [-0.01378762, -0.01378762, 0.01378762],
        [-0.04376885, -0.04376885, 0.04376885],
        [0.00725538, 0.00725538, -0.00725538],
        [-0.00725538, -0.00725538, 0.00725538],
        [0.04376885, 0.04376885, -0.04376885],
        [0.01378762, 0.01378762, -0.01378762]
    ],
    "relaxed_lattice": [
        [2.30747138, 0.0, 2.30747138],
        [0.0, 2.30747138, 2.30747138],
        [-11.46965641, -11.46965641, 13.77712779]
    ]
}