{
    "atom_type": [
        "N",
        "Zr"
    ],
    "atoms_per_type": [
        4,
        7
    ],
    "coord_mode": "direct",
    "relaxed_basis": [
        [0.07115069, 0.07115069, 0.78654803],
        [0.21410295, 0.21410295, 0.35769114],
        [0.35732565, 0.35732565, 0.92802316],
        [0.50027791, 0.50027791, 0.49916627],
        [7.29e-05, 7.29e-05, 0.99978129],
        [0.14315772, 0.14315772, 0.57052674],
        [0.2857143, 0.2857143, 0.1428571],
        [0.42827078, 0.42827078, 0.71518756],
        [0.5713557, 0.5713557, 0.28593301],
        [0.71433619, 0.71433619, 0.85699144],
        [0.85709241, 0.85709241, 0.42872286]
    ],
    "relaxed_energy": -106.91668542,
    "relaxed_forces": [
        [-0.08226094, 0.08226094, 0.08226094],
        [-0.04694355, 0.04694355, 0.04694355],
        [0.04694355, -0.04694355, -0.04694355],
        [0.08226094, -0.08226094, -0.08226094],
        [0.01807372, -0.01807372, -0.01807372],
        [0.04026533, -0.04026533, -0.04026533],
        [-0.0, -0.0, -0.0],
        [-0.04026533, 0.04026533, 0.04026533],
        [-0.01807372, 0.01807372, 0.01807372],
        [-0.01067881, 0.01067881, 0.01067881],
        [0.01067881, -0.01067881, -0.01067881]
    ],
    "relaxed_lattice": [
        [2.28837954, -0.0, 2.28837954],
        [2.28837954, 2.28837954, -0.0],
        [-9.23087471, 11.51925424, 11.51925424]
    ]
}