{
    "atom_type": [
        "N",
        "Zr"
    ],
    "atoms_per_type": [
        3,
        7
    ],
    "coord_mode": "direct",
    "relaxed_basis": [
        [0.57081831, 0.14163651, 0.21210214],
        [0.1428571, 0.2857143, 0.9285714],
        [0.71489599, 0.42979199, 0.64504066],
        [0.00615299, 0.01230597, 0.01084052],
        [0.57594795, 0.1518958, 0.72037347],
        [0.1428571, 0.2857143, 0.4285714],
        [0.70976635, 0.4195327, 0.13676933],
        [0.27956131, 0.55912263, 0.84630238],
        [0.85671079, 0.71342148, 0.56771129],
        [0.42900351, 0.85800712, 0.28943161]
    ],
    "relaxed_energy": -95.2296435,
    "relaxed_forces": [
        [0.0341213, -0.08639959, 0.0341213],
        [-0.0, 0.0, -0.0],
        [-0.0341213, 0.08639959, -0.0341213],
        [0.028235, -0.08443234, 0.028235],
        [-0.01958151, -0.0808822, -0.01958151],
        [-0.0, 0.0, -0.0],
        [0.01958151, 0.0808822, 0.01958151],
        [-0.028235, 0.08443234, -0.028235],
        [-0.05269702, 0.12578301, -0.05269702],
        [0.05269702, -0.12578301, 0.05269702]
    ],
    "relaxed_lattice": [
        [2.31444984, 0.0, -2.31444984],
        [-0.01837033, 6.85917521, 2.29607951],
        [4.59860478, -4.58707774, 4.59860478]
    ]
}