{
    "atom_type": [
        "N",
        "Zr"
    ],
    "atoms_per_type": [
        3,
        8
    ],
    "coord_mode": "direct",
    "relaxed_basis": [
        [0.5, 0.5, 0.50019999],
        [0.0, 0.0, 0.625],
        [0.5, 0.5, 0.74980001],
        [0.0, 0.0, 0.00039502],
        [0.5, 0.5, 0.125],
        [0.0, 0.0, 0.24960498],
        [0.5, 0.5, 0.37364754],
        [0.0, 0.0, 0.50011843],
        [0.5, 0.5, 0.625],
        [0.0, 0.0, 0.74988157],
        [0.5, 0.5, 0.87635246]
    ],
    "relaxed_energy": -103.55489909,
    "relaxed_forces": [
        [-0.0, -0.0, 0.05958298],
        [-0.0, -0.0, -0.0],
        [0.0, 0.0, -0.05958298],
        [-0.0, -0.0, -0.13167323],
        [-0.0, -0.0, -0.0],
        [-0.0, -0.0, 0.13167323],
        [0.0, 0.0, 0.17959491],
        [0.0, 0.0, -0.00707209],
        [-0.0, -0.0, -0.0],
        [-0.0, -0.0, 0.00707209],
        [-0.0, -0.0, -0.17959491]
    ],
    "relaxed_lattice": [
        [2.29132843, 2.29132843, 0.0],
        [2.29132843, -2.29132843, 0.0],
        [0.0, 0.0, -18.26005871]
    ]
}