{
    "atom_type": [
        "N",
        "Zr"
    ],
    "atoms_per_type": [
        4,
        8
    ],
    "coord_mode": "direct",
    "relaxed_basis": [
        [0.0, 0.5, 0.49988413],
        [0.5, 0.0, 0.6272442],
        [0.0, 0.5, 0.7477558],
        [0.5, 0.0, 0.87511587],
        [0.0, 0.0, 0.99779164],
        [0.5, 0.5, 0.13283276],
        [0.0, 0.0, 0.24216724],
        [0.5, 0.5, 0.37720836],
        [0.0, 0.0, 0.50338991],
        [0.5, 0.5, 0.62009697],
        [0.0, 0.0, 0.75490303],
        [0.5, 0.5, 0.87161009]
    ],
    "relaxed_energy": -115.65774654,
    "relaxed_forces": [
        [0.01161225, 0.0, -0.01161225],
        [-0.01821676, 0.0, 0.01821676],
        [0.01821676, 0.0, -0.01821676],
        [-0.01161225, 0.0, 0.01161225],
        [-0.00303048, 0.0, 0.00303048],
        [0.00032104, 0.0, -0.00032104],
        [-0.00032104, 0.0, 0.00032104],
        [0.00303048, 0.0, -0.00303048],
        [-0.00339073, 0.0, 0.00339073],
        [-0.01842096, 0.0, 0.01842096],
        [0.01842096, 0.0, -0.01842096],
        [0.00339073, 0.0, -0.00339073]
    ],
    "relaxed_lattice": [
        [2.29551137, 0.0, 2.29551137],
        [0.0, 4.56319395, 0.0],
        [-9.23895603, 0.0, 9.23895603]
    ]
}