{
    "atom_type": [
        "N",
        "Zr"
    ],
    "atoms_per_type": [
        6,
        8
    ],
    "coord_mode": "direct",
    "relaxed_basis": [
        [0.62518679, 0.25037359, 0.937538],
        [0.87492548, 0.74985097, 0.8105936],
        [0.1250172, 0.25003439, 0.68786858],
        [0.3749828, 0.74996561, 0.56213142],
        [0.62507452, 0.25014903, 0.4394064],
        [0.87481321, 0.74962641, 0.312462],
        [0.00454865, 0.00909729, 0.99619255],
        [0.24693558, 0.49387117, 0.87558473],
        [0.50167225, 0.00334449, 0.75451364],
        [0.75, 0.5, 0.625],
        [0.99832775, 0.99665551, 0.49548636],
        [0.25306442, 0.50612883, 0.37441527],
        [0.49545135, 0.99090271, 0.25380745],
        [0.75, 0.5, 0.125]
    ],
    "relaxed_energy": -139.60620317,
    "relaxed_forces": [
        [-0.02380889, 0.02380889, 0.04470384],
        [-0.02118811, 0.02118811, -0.02956764],
        [-0.011167, 0.011167, -0.00146743],
        [0.011167, -0.011167, 0.00146743],
        [0.02118811, -0.02118811, 0.02956764],
        [0.02380889, -0.02380889, -0.04470384],
        [-0.06807529, 0.06807529, -0.04416875],
        [-0.01366179, 0.01366179, 7.26e-05],
        [-0.01456089, 0.01456089, 0.02171964],
        [0.0, -0.0, 0.0],
        [0.01456089, -0.01456089, -0.02171964],
        [0.01366179, -0.01366179, -7.26e-05],
        [0.06807529, -0.06807529, 0.04416875],
        [0.0, 0.0, 0.0]
    ],
    "relaxed_lattice": [
        [2.31013356, 2.31013356, -0.0],
        [-4.60117425, 2.2910407, 2.28286138],
        [4.61165823, -4.61165823, 9.18211273]
    ]
}