{
    "atom_type": [
        "N",
        "Zr"
    ],
    "atoms_per_type": [
        4,
        7
    ],
    "coord_mode": "direct",
    "relaxed_basis": [
        [0.28478758, 0.78478758, 0.56957516],
        [0.57235532, 0.07235532, 0.14471054],
        [0.85835341, 0.35835341, 0.71670672],
        [0.99878949, 0.49878949, 0.99757898],
        [0.00595167, 0.00595167, 0.01190335],
        [0.13973544, 0.13973544, 0.27947098],
        [0.28964945, 0.28964945, 0.57929891],
        [0.4285714, 0.4285714, 0.8571429],
        [0.56749345, 0.56749345, 0.13498679],
        [0.71740736, 0.71740736, 0.43481472],
        [0.85119123, 0.85119123, 0.70238235]
    ],
    "relaxed_energy": -107.53516062,
    "relaxed_forces": [
        [-0.04132374, 0.0, -0.04132374],
        [0.04132374, -0.0, 0.04132374],
        [0.07085826, -0.0, 0.07085826],
        [-0.07085826, 0.0, -0.07085826],
        [-0.04218556, 0.0, -0.04218556],
        [0.01372979, -0.0, 0.01372979],
        [0.00554923, -0.0, 0.00554923],
        [0.0, 0.0, -0.0],
        [-0.00554923, 0.0, -0.00554923],
        [-0.01372979, 0.0, -0.01372979],
        [0.04218556, -0.0, 0.04218556]
    ],
    "relaxed_lattice": [
        [2.32096649, 0.0, -2.32096649],
        [-0.0, 4.53960638, -0.0],
        [6.98174171, -2.26980319, 9.3027082]
    ]
}