{
    "atom_type": [
        "N",
        "Zr"
    ],
    "atoms_per_type": [
        4,
        8
    ],
    "coord_mode": "direct",
    "relaxed_basis": [
        [0.5, 0.25010439, 0.5],
        [0.0, 0.5, 0.75],
        [0.0, 0.5, 0.25],
        [0.5, 0.74989561, 0.0],
        [0.0, 0.99297528, 0.0],
        [0.0, 0.00702472, 0.5],
        [0.5, 0.25966553, 0.74479696],
        [0.5, 0.25966553, 0.25520304],
        [0.0, 0.48830719, 0.5],
        [0.0, 0.51169281, 0.0],
        [0.5, 0.74033447, 0.24479696],
        [0.5, 0.74033447, 0.75520304]
    ],
    "relaxed_energy": -115.81894116,
    "relaxed_forces": [
        [0.06098348, -0.06098348, 0.0],
        [0.0, 0.0, 0.0],
        [0.0, 0.0, 0.0],
        [-0.06098348, 0.06098348, 0.0],
        [-0.06262142, 0.06262142, 0.0],
        [0.06262142, -0.06262142, 0.0],
        [-0.02189192, 0.02189192, -0.01110312],
        [-0.02189192, 0.02189192, 0.01110312],
        [-0.00765491, 0.00765491, 0.0],
        [0.00765491, -0.00765491, 0.0],
        [0.02189192, -0.02189192, -0.01110312],
        [0.02189192, -0.02189192, 0.01110312]
    ],
    "relaxed_lattice": [
        [2.30399438, 2.30399438, 0.0],
        [-4.58287875, 4.58287875, 0.0],
        [0.0, 0.0, 9.26585232]
    ]
}