{
    "atom_type": [
        "N",
        "Zr"
    ],
    "atoms_per_type": [
        6,
        8
    ],
    "coord_mode": "direct",
    "relaxed_basis": [
        [0.37595272, 0.75190544, 0.0623433],
        [0.62404728, 0.24809456, 0.9376567],
        [0.12612179, 0.25224357, 0.68779699],
        [0.37506626, 0.75013253, 0.56269352],
        [0.62493374, 0.24986747, 0.43730648],
        [0.87387821, 0.74775643, 0.31220301],
        [0.0, 0.0, 0.0],
        [0.24116403, 0.48232806, 0.87964259],
        [0.50646837, 0.01293673, 0.74558809],
        [0.74538216, 0.49076432, 0.62081856],
        [0.0, 0.0, 0.5],
        [0.25461784, 0.50923568, 0.37918144],
        [0.49353163, 0.98706327, 0.25441191],
        [0.75883597, 0.51767194, 0.12035741]
    ],
    "relaxed_energy": -139.85261677,
    "relaxed_forces": [
        [-0.02582461, 0.02582461, 0.00964423],
        [0.02582461, -0.02582461, -0.00964423],
        [-0.03887808, 0.03887808, 0.01821698],
        [0.0108542, -0.0108542, -0.00875344],
        [-0.0108542, 0.0108542, 0.00875344],
        [0.03887808, -0.03887808, -0.01821698],
        [0.0, 0.0, 0.0],
        [0.02032714, -0.02032714, -0.01045778],
        [0.00816876, -0.00816876, -0.01183911],
        [-0.03646041, 0.03646041, 0.03949511],
        [0.0, 0.0, 0.0],
        [0.03646041, -0.03646041, -0.03949511],
        [-0.00816876, 0.00816876, 0.01183911],
        [-0.02032714, 0.02032714, 0.01045778]
    ],
    "relaxed_lattice": [
        [2.3079924, 2.30799241, 0.0],
        [-4.62126391, 2.31327151, 2.29471327],
        [4.61037692, -4.61037692, 9.14168667]
    ]
}