{
    "atom_type": [
        "N",
        "Zr"
    ],
    "atoms_per_type": [
        6,
        8
    ],
    "coord_mode": "direct",
    "relaxed_basis": [
        [0.75, 0.25, 0.99889586],
        [0.25, 0.25, 0.75110414],
        [0.25, 0.75, 0.49856692],
        [0.75, 0.25, 0.49949742],
        [0.75, 0.75, 0.25143308],
        [0.25, 0.25, 0.25050258],
        [0.99321461, 0.01640261, 0.00653388],
        [0.50678539, 0.48359739, 0.00653388],
        [0.49321461, 0.01640261, 0.74346612],
        [0.00678539, 0.48359739, 0.74346612],
        [0.01097192, 0.00047524, 0.49377568],
        [0.48902808, 0.49952476, 0.49377568],
        [0.51097192, 0.00047524, 0.25622432],
        [0.98902808, 0.49952476, 0.25622432]
    ],
    "relaxed_energy": -140.02071591,
    "relaxed_forces": [
        [0.01253564, -0.01253564, 0.0],
        [-0.01253564, 0.01253564, 0.0],
        [0.00119525, -0.00119525, 0.0],
        [-0.00501446, 0.00501446, 0.0],
        [-0.00119525, 0.00119525, 0.0],
        [0.00501446, -0.00501446, 0.0],
        [0.03028516, 0.00353362, 0.02741983],
        [-0.00353362, -0.03028516, -0.02741983],
        [0.00353362, 0.03028516, 0.02741983],
        [-0.03028516, -0.00353362, -0.02741983],
        [-0.0205037, 0.03635486, -0.02220484],
        [-0.03635486, 0.0205037, 0.02220484],
        [0.03635486, -0.0205037, -0.02220484],
        [0.0205037, -0.03635486, 0.02220484]
    ],
    "relaxed_lattice": [
        [-2.2959322, -2.2959322, -4.64802012],
        [-2.28496838, -2.28496838, 4.63692851],
        [-4.60256699, 4.60256699, 0.0]
    ]
}