{
    "atom_type": [
        "N",
        "Zr"
    ],
    "atoms_per_type": [
        3,
        6
    ],
    "coord_mode": "direct",
    "relaxed_basis": [
        [0.25039087, 0.99921827, 0.25],
        [0.58006705, 0.33986579, 0.25],
        [0.75383564, 0.99232872, 0.75],
        [0.98336936, 0.01147194, 0.00593529],
        [0.16865524, 0.6815097, 0.4985966],
        [0.35296511, 0.30797862, 0.00786529],
        [0.50515869, 0.01147194, 0.49406471],
        [0.64983516, 0.6815097, 0.0014034],
        [0.83905617, 0.30797862, 0.49213471]
    ],
    "relaxed_energy": -87.06955281,
    "relaxed_forces": [
        [-0.0, -0.00923373, -0.00923373],
        [0.0, 0.01438476, 0.01438476],
        [-0.0, -0.02695122, -0.02695122],
        [-0.03130795, -0.01024281, 0.04345082],
        [0.04264983, 0.0225754, -0.00567703],
        [0.04127048, -0.00155925, -0.02674693],
        [0.03130795, 0.04345082, -0.01024281],
        [-0.04264983, -0.00567703, 0.0225754],
        [-0.04127048, -0.02674693, -0.00155925]
    ],
    "relaxed_lattice": [
        [4.58361375, 2.33110893, -2.33110893],
        [2.29180688, 4.64833854, 2.31722963],
        [4.57273189, -2.32039014, 2.32039014]
    ]
}