{
    "atom_type": [
        "N",
        "Zr"
    ],
    "atoms_per_type": [
        4,
        8
    ],
    "coord_mode": "direct",
    "relaxed_basis": [
        [0.0, 0.5, 0.25],
        [0.5, 0.0, 0.62396856],
        [0.0, 0.5, 0.75],
        [0.5, 0.0, 0.87603144],
        [0.0, 0.0, 0.99552479],
        [0.5, 0.5, 0.13289795],
        [0.0, 0.0, 0.25],
        [0.5, 0.5, 0.36710205],
        [0.0, 0.0, 0.50447521],
        [0.5, 0.5, 0.62858923],
        [0.0, 0.0, 0.75],
        [0.5, 0.5, 0.87141077]
    ],
    "relaxed_energy": -115.72394773,
    "relaxed_forces": [
        [-0.0, 0.0, 0.0],
        [0.02725443, 0.0, -0.02725443],
        [-0.0, 0.0, 0.0],
        [-0.02725443, 0.0, 0.02725443],
        [0.06184366, 0.0, -0.06184366],
        [0.02615139, 0.0, -0.02615139],
        [-0.0, 0.0, 0.0],
        [-0.02615139, 0.0, 0.02615139],
        [-0.06184366, 0.0, 0.06184366],
        [-0.0482572, 0.0, 0.0482572],
        [0.0, 0.0, 0.0],
        [0.0482572, 0.0, -0.0482572]
    ],
    "relaxed_lattice": [
        [2.32284744, 0.0, 2.32284744],
        [0.0, 4.57487984, 0.0],
        [-9.16987479, 0.0, 9.16987479]
    ]
}