{
    "atom_type": [
        "N",
        "Zr"
    ],
    "atoms_per_type": [
        3,
        8
    ],
    "coord_mode": "direct",
    "relaxed_basis": [
        [0.5, 0.87570115, 0.12570173],
        [0.0, 0.0, 0.5],
        [0.5, 0.12429885, 0.87429827],
        [0.0, 0.0, 0.0],
        [0.5, 0.11651767, 0.37660362],
        [0.0, 0.24393764, 0.75447794],
        [0.5, 0.37601374, 0.12733715],
        [0.0, 0.5, 0.5],
        [0.5, 0.62398626, 0.87266285],
        [0.0, 0.75606236, 0.24552206],
        [0.5, 0.88348233, 0.62339638]
    ],
    "relaxed_energy": -103.69192112,
    "relaxed_forces": [
        [-0.05618347, 0.05618347, -0.04303363],
        [0.0, -0.0, 0.0],
        [0.05618347, -0.05618347, 0.04303363],
        [0.0, -0.0, 0.0],
        [0.02710877, -0.02710877, 0.07328401],
        [0.03758918, -0.03758918, 0.09035114],
        [0.02488636, -0.02488636, 0.15480175],
        [0.0, -0.0, -0.0],
        [-0.02488636, 0.02488636, -0.15480175],
        [-0.03758918, 0.03758918, -0.09035114],
        [-0.02710877, 0.02710877, -0.07328401]
    ],
    "relaxed_lattice": [
        [2.29479234, 2.29479234, 0.0],
        [-4.61718973, 4.61718973, 4.58100666],
        [4.59858742, -4.59858742, 4.54363428]
    ]
}