{
    "atom_type": [
        "N",
        "Zr"
    ],
    "atoms_per_type": [
        1,
        6
    ],
    "coord_mode": "direct",
    "relaxed_basis": [
        [0.1666667, 0.3333333, 0.3333333],
        [0.00150162, 0.00300324, 0.00220557],
        [0.6666667, 0.3333333, 0.8333333],
        [0.33183168, 0.66366346, 0.66446113],
        [0.00775674, 0.01551348, 0.5009891],
        [0.6666667, 0.3333333, 0.3333333],
        [0.32557656, 0.65115322, 0.1656776]
    ],
    "relaxed_energy": -62.91522361,
    "relaxed_forces": [
        [-0.0, 0.0, 0.0],
        [-0.0, -0.01329933, 0.05416057],
        [-0.0, 0.0, 0.0],
        [0.0, 0.01329933, -0.05416057],
        [-0.0, 0.17547124, 0.02483856],
        [-0.0, 0.0, 0.0],
        [0.0, -0.17547124, -0.02483856]
    ],
    "relaxed_lattice": [
        [4.51615094, -0.0, 0.0],
        [-2.25807547, 4.626948, 2.26312853],
        [0.0, -4.66726955, 4.60563711]
    ]
}