{
    "atom_type": [
        "N",
        "Zr"
    ],
    "atoms_per_type": [
        3,
        8
    ],
    "coord_mode": "direct",
    "relaxed_basis": [
        [0.68777392, 0.18654621, 0.43790596],
        [0.56189766, 0.06189655, 0.81430813],
        [0.18742201, 0.68857409, 0.93658189],
        [0.00701946, 0.99774156, 0.98821952],
        [0.62718687, 0.62582085, 0.11980541],
        [0.24550283, 0.24631073, 0.26268361],
        [0.87460441, 0.8744584, 0.37633277],
        [0.50206282, 0.50255605, 0.49331831],
        [0.12515556, 0.12718205, 0.62250684],
        [0.74422912, 0.75075215, 0.7607896],
        [0.37464534, 0.37566136, 0.87504795]
    ],
    "relaxed_energy": -103.68888601,
    "relaxed_forces": [
        [-0.06768242, -0.01011666, 0.06768242],
        [0.04618651, 0.06790312, -0.04618651],
        [-0.0156717, -0.01675904, 0.0156717],
        [0.00211197, 0.10349575, -0.00211197],
        [-0.03110868, -0.09309019, 0.03110868],
        [-0.03834587, -0.04430315, 0.03834587],
        [-0.004566, -0.10609686, 0.004566],
        [0.08172585, 0.13855614, -0.08172585],
        [-0.02092618, 0.03788701, 0.02092618],
        [0.02685528, -0.07412527, -0.02685528],
        [0.02142124, -0.00335085, -0.02142124]
    ],
    "relaxed_lattice": [
        [2.31276038, 0.0, 2.31276038],
        [2.31534103, 6.85569919, -0.00258064],
        [-4.57729386, 2.26501572, 6.89005424]
    ]
}