{
    "atom_type": [
        "N",
        "Zr"
    ],
    "atoms_per_type": [
        4,
        8
    ],
    "coord_mode": "direct",
    "relaxed_basis": [
        [0.4375, 0.4375, 0.6875],
        [0.06270401, 0.06270401, 0.81188796],
        [0.9375, 0.9375, 0.1875],
        [0.81229599, 0.81229599, 0.56311204],
        [4.506e-05, 4.506e-05, 0.99986483],
        [0.87495494, 0.87495494, 0.37513517],
        [0.74929582, 0.74929582, 0.75211253],
        [0.62407983, 0.62407983, 0.12776051],
        [0.49950398, 0.49950398, 0.50148807],
        [0.37549602, 0.37549602, 0.87351193],
        [0.25092017, 0.25092017, 0.24723949],
        [0.12570418, 0.12570418, 0.62288747]
    ],
    "relaxed_energy": -115.54779388,
    "relaxed_forces": [
        [-0.0, 0.0, -0.0],
        [0.04949659, 0.04949659, -0.04949659],
        [-0.0, 0.0, -0.0],
        [-0.04949659, -0.04949659, 0.04949659],
        [0.00360176, 0.00360176, -0.00360176],
        [-0.00360176, -0.00360176, 0.00360176],
        [-0.01994462, -0.01994462, 0.01994462],
        [-0.04133831, -0.04133831, 0.04133831],
        [-0.05995283, -0.05995283, 0.05995283],
        [0.05995283, 0.05995283, -0.05995283],
        [0.04133831, 0.04133831, -0.04133831],
        [0.01994462, 0.01994462, -0.01994462]
    ],
    "relaxed_lattice": [
        [2.29847842, 0.0, 2.29847842],
        [0.0, 2.29847842, 2.29847842],
        [-11.51245663, -11.51245663, 13.81093505]
    ]
}