{
    "atom_type": [
        "N",
        "Zr"
    ],
    "atoms_per_type": [
        4,
        8
    ],
    "coord_mode": "direct",
    "relaxed_basis": [
        [0.31382653, 0.81078996, 0.56155698],
        [0.93664518, 0.44013153, 0.68657812],
        [0.56335482, 0.05986847, 0.81342188],
        [0.18617347, 0.68921004, 0.93844302],
        [0.00215087, 0.99924245, 0.99645581],
        [0.62873106, 0.62118508, 0.12135279],
        [0.25, 0.25, 0.25],
        [0.87126894, 0.87881492, 0.37864721],
        [0.49784913, 0.50075755, 0.50354419],
        [0.12237316, 0.12289796, 0.63235572],
        [0.75, 0.75, 0.75],
        [0.37762684, 0.37710204, 0.86764428]
    ],
    "relaxed_energy": -115.53876496,
    "relaxed_forces": [
        [-0.01198594, -0.02165066, 0.01198594],
        [0.0327488, -0.04220856, -0.0327488],
        [-0.0327488, 0.04220856, 0.0327488],
        [0.01198594, 0.02165066, -0.01198594],
        [0.02623641, 0.04573849, -0.02623641],
        [0.02605746, -0.09563109, -0.02605746],
        [-0.0, 0.0, 0.0],
        [-0.02605746, 0.09563109, 0.02605746],
        [-0.02623641, -0.04573849, 0.02623641],
        [-0.0831558, 0.03095892, 0.0831558],
        [-0.0, -0.0, 0.0],
        [0.0831558, -0.03095892, -0.0831558]
    ],
    "relaxed_lattice": [
        [2.29923989, 0.0, 2.29923989],
        [2.29594618, 6.89744371, 0.00329372],
        [-4.59411526, 2.30314493, 6.89335515]
    ]
}