{
    "atom_type": [
        "N",
        "Zr"
    ],
    "atoms_per_type": [
        3,
        8
    ],
    "coord_mode": "direct",
    "relaxed_basis": [
        [0.99720341, 0.25523177, 0.75036142],
        [0.5, 0.0, 0.0],
        [0.00279659, 0.74476823, 0.24963858],
        [0.0, 0.0, 0.0],
        [0.24785729, 0.3723451, 0.13194032],
        [0.50356291, 0.75429666, 0.23857752],
        [0.76029571, 0.10278599, 0.37662259],
        [0.0, 0.5, 0.5],
        [0.23970429, 0.89721401, 0.62337741],
        [0.49643709, 0.24570334, 0.76142248],
        [0.75214271, 0.6276549, 0.86805968]
    ],
    "relaxed_energy": -103.95174424,
    "relaxed_forces": [
        [0.0, 0.10019106, -0.02409287],
        [0.0, -0.0, 0.0],
        [-0.0, -0.10019106, 0.02409287],
        [0.0, -0.0, 0.0],
        [0.0, 0.00948063, 0.02839663],
        [-0.0, -0.08459259, 0.0578653],
        [-0.0, -0.0025289, 0.02647679],
        [0.0, -0.0, 0.0],
        [0.0, 0.0025289, -0.02647679],
        [0.0, 0.08459259, -0.0578653],
        [-0.0, -0.00948063, -0.02839663]
    ],
    "relaxed_lattice": [
        [4.55658195, -0.0, 0.0],
        [2.27829098, 4.57595661, -2.3073931],
        [2.27829098, 4.58232504, 6.93467056]
    ]
}