{
    "atom_type": [
        "N",
        "Zr"
    ],
    "atoms_per_type": [
        5,
        6
    ],
    "coord_mode": "direct",
    "relaxed_basis": [
        [0.91630436, 0.58379573, 0.83260863],
        [0.75055443, 0.75031629, 0.50110886],
        [0.5833333, 0.9166667, 0.1666667],
        [0.41611227, 0.08301701, 0.83222444],
        [0.25036234, 0.24953757, 0.50072467],
        [0.99986265, 0.99227958, 0.9997253],
        [0.83320652, 0.16364076, 0.66641313],
        [0.66926344, 0.32948323, 0.33852678],
        [0.49740326, 0.50385007, 0.99480652],
        [0.33346008, 0.66969264, 0.66692027],
        [0.16680405, 0.84105372, 0.333608]
    ],
    "relaxed_energy": -110.69400248,
    "relaxed_forces": [
        [0.04829519, -0.02258518, -0.04829519],
        [0.00905054, 0.0116723, -0.00905054],
        [0.0, 0.0, -0.0],
        [-0.00905054, -0.0116723, 0.00905054],
        [-0.04829519, 0.02258518, 0.04829519],
        [-0.02306761, -0.00555144, 0.02306761],
        [-5.707e-05, -0.01647255, 5.707e-05],
        [-0.04661305, 0.00992742, 0.04661305],
        [0.04661305, -0.00992742, -0.04661305],
        [5.707e-05, 0.01647255, -5.707e-05],
        [0.02306761, 0.00555144, -0.02306761]
    ],
    "relaxed_lattice": [
        [2.30234856, 0.0, 2.30234856],
        [2.29199501, 4.58075783, -2.29199501],
        [-6.91325942, 2.32253048, 4.61091086]
    ]
}