{
    "atom_type": [
        "N",
        "Zr"
    ],
    "atoms_per_type": [
        2,
        8
    ],
    "coord_mode": "direct",
    "relaxed_basis": [
        [0.81250032, 0.93764781, 0.62500065],
        [0.93749968, 0.31235219, 0.87499935],
        [0.001984, 0.00473095, 0.00396801],
        [0.12711886, 0.38073856, 0.25423773],
        [0.25235038, 0.75611819, 0.50470076],
        [0.375, 0.125, 0.75],
        [0.49764962, 0.49388181, 0.99529924],
        [0.62288114, 0.86926144, 0.24576227],
        [0.748016, 0.24526905, 0.49603199],
        [0.875, 0.625, 0.75]
    ],
    "relaxed_energy": -91.73540866,
    "relaxed_forces": [
        [0.00126449, 0.0265173, 0.00126449],
        [-0.00126449, -0.0265173, -0.00126449],
        [0.01315985, -0.0197554, 0.01315985],
        [0.01560076, 0.05359136, 0.01560076],
        [0.04145004, -0.02686194, 0.04145004],
        [-0.0, -0.0, -0.0],
        [-0.04145004, 0.02686194, -0.04145004],
        [-0.01560076, -0.05359136, -0.01560076],
        [-0.01315985, 0.0197554, -0.01315985],
        [-0.0, -0.0, -0.0]
    ],
    "relaxed_lattice": [
        [2.29318955, 0.0, -2.29318955],
        [2.29962424, 4.55481985, 2.29962424],
        [4.5777617, -6.80783113, 6.87095124]
    ]
}