{
    "atom_type": [
        "N",
        "Zr"
    ],
    "atoms_per_type": [
        4,
        8
    ],
    "coord_mode": "direct",
    "relaxed_basis": [
        [0.5, 0.5, 0.24892977],
        [0.0, 0.0, 0.3753597],
        [0.0, 0.0, 0.6246403],
        [0.5, 0.5, 0.75107023],
        [0.0, 0.0, 0.0],
        [0.5, 0.5, 0.12187528],
        [0.0, 0.0, 0.25342528],
        [0.5, 0.5, 0.37244662],
        [0.0, 0.0, 0.5],
        [0.5, 0.5, 0.62755338],
        [0.0, 0.0, 0.74657472],
        [0.5, 0.5, 0.87812472]
    ],
    "relaxed_energy": -115.78735221,
    "relaxed_forces": [
        [0.0, 0.0, 0.16764492],
        [0.0, 0.0, -0.03353815],
        [0.0, 0.0, 0.03353815],
        [-0.0, -0.0, -0.16764492],
        [0.0, 0.0, -0.0],
        [0.0, 0.0, 0.10642364],
        [-0.0, 0.0, 0.00021889],
        [0.0, 0.0, -0.01017122],
        [0.0, 0.0, -0.0],
        [-0.0, -0.0, 0.01017122],
        [0.0, 0.0, -0.00021889],
        [-0.0, -0.0, -0.10642364]
    ],
    "relaxed_lattice": [
        [2.29945096, 2.29945096, 0.0],
        [2.29945096, -2.29945096, 0.0],
        [0.0, 0.0, -18.22644833]
    ]
}