{
    "atom_type": [
        "N",
        "Zr"
    ],
    "atoms_per_type": [
        4,
        8
    ],
    "coord_mode": "direct",
    "relaxed_basis": [
        [0.0, 0.62434894, 0.87376052],
        [0.0, 0.87203661, 0.62562695],
        [0.5, 0.12446389, 0.87447881],
        [0.0, 0.12411708, 0.37513174],
        [0.0, 0.99711138, 0.99489416],
        [0.5, 0.00355636, 0.49669965],
        [0.5, 0.24938821, 0.25713184],
        [0.0, 0.24351033, 0.75712892],
        [0.0, 0.5008754, 0.49601395],
        [0.5, 0.50033933, 0.99696666],
        [0.5, 0.7598315, 0.75238371],
        [0.0, 0.75042097, 0.24978309]
    ],
    "relaxed_energy": -115.78709412,
    "relaxed_forces": [
        [0.06371273, -0.07771737, -0.06371273],
        [0.00533491, -0.05254369, -0.00533491],
        [-0.06229212, 0.04081309, 0.06229212],
        [-0.03896418, -0.02770504, 0.03896418],
        [-0.05338215, -0.02277976, 0.05338215],
        [-0.00476632, 0.1291327, 0.00476632],
        [-0.05854947, 0.08663544, 0.05854947],
        [0.00270474, 0.00961334, -0.00270474],
        [0.05897098, 0.08335439, -0.05897098],
        [0.03019697, 0.03662046, -0.03019697],
        [0.02690492, -0.10077804, -0.02690492],
        [0.03012899, -0.10464554, -0.03012899]
    ],
    "relaxed_lattice": [
        [2.30493544, 0.0, 2.30493544],
        [2.30431636, 4.59095269, -2.30431636],
        [-6.87896237, 4.55701025, 6.87896237]
    ]
}