{
    "atom_type": [
        "N",
        "Zr"
    ],
    "atoms_per_type": [
        4,
        7
    ],
    "coord_mode": "direct",
    "relaxed_basis": [
        [0.21229381, 0.42458762, 0.14175627],
        [0.35913479, 0.71826948, 0.57252943],
        [0.49809188, 0.99618377, 0.00165849],
        [0.07333672, 0.14667333, 0.71262721],
        [0.01399203, 0.02798406, 0.99973052],
        [0.55743657, 0.11487304, 0.71455518],
        [0.15643644, 0.31287297, 0.43955026],
        [0.70244198, 0.40488395, 0.14194538],
        [0.2857143, 0.5714286, 0.8571429],
        [0.86898662, 0.73797315, 0.57234032],
        [0.41499206, 0.82998423, 0.27473544]
    ],
    "relaxed_energy": -107.72180802,
    "relaxed_forces": [
        [0.0, -0.10289694, 0.02737301],
        [-0.0, 0.10289694, -0.02737301],
        [0.0, -0.06564195, -0.0193601],
        [-0.0, 0.06564195, 0.0193601],
        [0.0, -0.01731072, 0.03844156],
        [-0.0, 0.01731072, -0.03844156],
        [-0.0, 0.04399751, -0.02671412],
        [0.0, -0.11827026, 0.09479485],
        [-0.0, 0.0, 0.0],
        [-0.0, 0.11827026, -0.09479485],
        [0.0, -0.04399751, 0.02671412]
    ],
    "relaxed_lattice": [
        [4.53145693, -0.0, 0.0],
        [-2.26572847, 4.7333497, -2.31467592],
        [-0.0, 2.35036735, 6.91146172]
    ]
}