{
    "atom_type": [
        "N",
        "Zr"
    ],
    "atoms_per_type": [
        6,
        8
    ],
    "coord_mode": "direct",
    "relaxed_basis": [
        [0.18787155, 0.06338786, 0.3757431],
        [0.31212845, 0.43661214, 0.6242569],
        [0.56215464, 0.18950189, 0.12430928],
        [0.68806719, 0.56351195, 0.37613437],
        [0.81193281, 0.93648805, 0.62386563],
        [0.93784536, 0.31049811, 0.87569072],
        [0.0024078, 0.01231846, 0.00481559],
        [0.12515819, 0.36681306, 0.25031637],
        [0.25, 0.75, 0.5],
        [0.37484181, 0.13318694, 0.74968363],
        [0.4975922, 0.48768154, 0.99518441],
        [0.62635752, 0.88127283, 0.25271504],
        [0.75, 0.25, 0.5],
        [0.87364248, 0.61872717, 0.74728496]
    ],
    "relaxed_energy": -139.64937623,
    "relaxed_forces": [
        [0.0611813, -0.04957492, 0.0611813],
        [-0.0611813, 0.04957492, -0.0611813],
        [0.05546314, 0.01615649, 0.05546314],
        [0.00768542, 0.00958905, 0.00768542],
        [-0.00768542, -0.00958905, -0.00768542],
        [-0.05546314, -0.01615649, -0.05546314],
        [0.06396279, -0.09732786, 0.06396279],
        [0.03309531, 0.00896478, 0.03309531],
        [0.0, -0.0, -0.0],
        [-0.03309531, -0.00896478, -0.03309531],
        [-0.06396279, 0.09732786, -0.06396279],
        [0.0664688, -0.04777958, 0.0664688],
        [0.0, -0.0, -0.0],
        [-0.0664688, 0.04777958, -0.0664688]
    ],
    "relaxed_lattice": [
        [2.30661969, 0.0, -2.30661969],
        [2.3029033, 4.57314658, 2.3029033],
        [4.63358189, -6.88934784, 6.94020158]
    ]
}