{
    "atom_type": [
        "N",
        "Zr"
    ],
    "atoms_per_type": [
        3,
        8
    ],
    "coord_mode": "direct",
    "relaxed_basis": [
        [0.5, 0.7509997, 0.49743227],
        [0.5, 0.00356743, 0.00256773],
        [0.0, 0.12230021, 0.75],
        [0.0, 0.0070332, 0.99906985],
        [0.5, 0.10475272, 0.75],
        [0.0, 0.25178873, 0.51165857],
        [0.5, 0.38014791, 0.25779617],
        [0.0, 0.49013017, 0.98834143],
        [0.5, 0.63396483, 0.75],
        [0.0, 0.75796335, 0.50093015],
        [0.5, 0.87235174, 0.24220383]
    ],
    "relaxed_energy": -103.80706355,
    "relaxed_forces": [
        [0.0, 0.00547362, -0.0111902],
        [0.0, 0.0111902, -0.00547362],
        [0.0, 0.00032585, -0.00032585],
        [0.0, 0.00102641, 0.04161747],
        [0.0, -0.00850797, 0.00850797],
        [0.0, 0.05834215, 0.06118133],
        [0.0, 0.03022557, 0.00633376],
        [0.0, -0.06118133, -0.05834215],
        [0.0, 0.01105673, -0.01105673],
        [0.0, -0.04161747, -0.00102641],
        [0.0, -0.00633376, -0.03022557]
    ],
    "relaxed_lattice": [
        [4.5276382, 0.0, 0.0],
        [0.0, 4.66507221, -4.66507221],
        [0.0, 2.27328636, 6.93835857]
    ]
}