{
    "atom_type": [
        "N",
        "Zr"
    ],
    "atoms_per_type": [
        2,
        6
    ],
    "coord_mode": "direct",
    "relaxed_basis": [
        [0.16707225, 0.0, 0.3341444],
        [0.49959445, 0.0, 0.9991889],
        [0.00443532, 0.0, 0.00887063],
        [0.17178397, 0.5, 0.34356783],
        [0.3333333, 0.0, 0.6666667],
        [0.49488273, 0.5, 0.98976547],
        [0.66223138, 0.0, 0.32446267],
        [0.8333333, 0.5, 0.6666667]
    ],
    "relaxed_energy": -75.02057046,
    "relaxed_forces": [
        [0.0, 0.0, -0.02024756],
        [-0.0, 0.0, 0.02024756],
        [-0.0, 0.0, 0.04367207],
        [-0.0, 0.0, 0.07180675],
        [-0.0, 0.0, 0.0],
        [0.0, 0.0, -0.07180675],
        [0.0, 0.0, -0.04367207],
        [0.0, 0.0, 0.0]
    ],
    "relaxed_lattice": [
        [4.55678346, 0.0, -0.0],
        [0.0, 4.57800065, 0.0],
        [-2.27839174, 0.0, 6.885961]
    ]
}