{
    "atom_type": [
        "N",
        "Zr"
    ],
    "atoms_per_type": [
        5,
        7
    ],
    "coord_mode": "direct",
    "relaxed_basis": [
        [0.2857143, 0.7857143, 0.5714286],
        [0.57237153, 0.07237153, 0.14474296],
        [0.71444769, 0.21444769, 0.42889537],
        [0.85698091, 0.35698091, 0.71396173],
        [0.99905707, 0.49905707, 0.99811414],
        [0.00506313, 0.00506313, 0.01012625],
        [0.14242283, 0.14242283, 0.28484577],
        [0.2857143, 0.2857143, 0.5714286],
        [0.42900567, 0.42900567, 0.85801143],
        [0.56636547, 0.56636547, 0.13273085],
        [0.71820142, 0.71820142, 0.43640283],
        [0.85322718, 0.85322718, 0.70645427]
    ],
    "relaxed_energy": -119.44275011,
    "relaxed_forces": [
        [-0.0, 0.0, -0.0],
        [0.0482399, -0.0, 0.0482399],
        [0.00289572, -0.0, 0.00289572],
        [-0.00289572, 0.0, -0.00289572],
        [-0.0482399, 0.0, -0.0482399],
        [0.02668566, -0.0, 0.02668566],
        [0.02687097, -0.0, 0.02687097],
        [-0.0, 0.0, -0.0],
        [-0.02687097, 0.0, -0.02687097],
        [-0.02668566, 0.0, -0.02668566],
        [0.01475759, -0.0, 0.01475759],
        [-0.01475759, 0.0, -0.01475759]
    ],
    "relaxed_lattice": [
        [2.31531023, 0.0, -2.31531023],
        [-0.0, 4.56140673, -0.0],
        [6.94385512, -2.28070337, 9.25916535]
    ]
}