{
    "atom_type": [
        "N",
        "Zr"
    ],
    "atoms_per_type": [
        3,
        7
    ],
    "coord_mode": "direct",
    "relaxed_basis": [
        [0.7857143, 0.7857143, 0.5714286],
        [0.35710848, 0.35710848, 0.71421687],
        [0.21432012, 0.21432012, 0.42864023],
        [0.00053521, 0.00053521, 0.00107043],
        [0.8568337, 0.8568337, 0.71366729],
        [0.7145949, 0.7145949, 0.42918981],
        [0.57089339, 0.57089339, 0.14178667],
        [0.42962015, 0.42962015, 0.85924039],
        [0.2857143, 0.2857143, 0.5714286],
        [0.14180835, 0.14180835, 0.28361681]
    ],
    "relaxed_energy": -95.08896642,
    "relaxed_forces": [
        [-0.0, 0.0, -0.0],
        [0.0, -0.0, 0.13100499],
        [-0.0, -0.0, -0.13100499],
        [0.0, -0.0, 0.10951012],
        [-0.0, -0.0, -0.00085715],
        [-0.0, -0.0, 0.00085715],
        [-0.0, -0.0, -0.10951012],
        [-0.0, -0.0, 0.15658228],
        [-0.0, -0.0, -0.0],
        [0.0, -0.0, -0.15658228]
    ],
    "relaxed_lattice": [
        [2.29423113, -2.29423113, 0.0],
        [2.29423113, 2.29423113, 0.0],
        [-2.29423113, 0.0, 15.95629585]
    ]
}