{
    "atom_type": [
        "N",
        "Zr"
    ],
    "atoms_per_type": [
        4,
        6
    ],
    "coord_mode": "direct",
    "relaxed_basis": [
        [0.9166667, 0.5833333, 0.8333333],
        [0.58336174, 0.92000705, 0.16672358],
        [0.4166667, 0.0833333, 0.8333333],
        [0.24997156, 0.24665965, 0.49994312],
        [0.99843523, 0.99212151, 0.99687047],
        [0.83489807, 0.17454519, 0.66979623],
        [0.67038206, 0.32477884, 0.34076402],
        [0.49711233, 0.50464468, 0.99422465],
        [0.33622097, 0.66202202, 0.67244205],
        [0.16295134, 0.84188776, 0.32590258]
    ],
    "relaxed_energy": -98.98133076,
    "relaxed_forces": [
        [-0.0, 0.0, 0.0],
        [0.07301671, 0.03014912, -0.07301671],
        [-0.0, 0.0, 0.0],
        [-0.07301671, -0.03014912, 0.07301671],
        [-0.00641202, 0.11584583, 0.00641202],
        [0.00641202, -0.11584583, -0.00641202],
        [-0.03834906, 0.10975182, 0.03834906],
        [0.01447586, 0.03670916, -0.01447586],
        [-0.01447586, -0.03670916, 0.01447586],
        [0.03834906, -0.10975182, -0.03834906]
    ],
    "relaxed_lattice": [
        [2.32086997, 0.0, 2.32086997],
        [2.29748823, 4.55244962, -2.29748823],
        [-6.92933933, 2.30146231, 4.60846935]
    ]
}