{
    "atom_type": [
        "N",
        "Zr"
    ],
    "atoms_per_type": [
        1,
        8
    ],
    "coord_mode": "direct",
    "relaxed_basis": [
        [0.5, 0.125, 0.875],
        [0.0, 0.00309105, 0.99690895],
        [0.5, 0.125, 0.375],
        [0.0, 0.24690895, 0.75309105],
        [0.5, 0.37586663, 0.12586663],
        [0.0, 0.50011871, 0.49988129],
        [0.5, 0.625, 0.875],
        [0.0, 0.74988129, 0.25011871],
        [0.5, 0.87413337, 0.62413337]
    ],
    "relaxed_energy": -79.73702467,
    "relaxed_forces": [
        [-0.0, -0.0, 0.0],
        [-0.16040208, 0.16040208, 0.0],
        [-0.0, -0.0, 0.0],
        [0.16040208, -0.16040208, 0.0],
        [-0.0, -0.0, 0.07720881],
        [0.0190196, -0.0190196, 0.0],
        [-0.0, -0.0, 0.0],
        [-0.0190196, 0.0190196, 0.0],
        [-0.0, -0.0, -0.07720881]
    ],
    "relaxed_lattice": [
        [2.2750269, 2.2750269, 0.0],
        [-4.56813875, 4.56813875, 4.59110923],
        [4.56813875, -4.56813875, 4.59110923]
    ]
}