{
    "atom_type": [
        "N",
        "Zr"
    ],
    "atoms_per_type": [
        5,
        8
    ],
    "coord_mode": "direct",
    "relaxed_basis": [
        [0.56271623, 0.56271623, 0.3118513],
        [0.31228377, 0.31228377, 0.0631487],
        [0.06259191, 0.06259191, 0.81222426],
        [0.9375, 0.9375, 0.1875],
        [0.81240809, 0.81240809, 0.56277574],
        [0.99927718, 0.99927718, 0.00216845],
        [0.87572282, 0.87572282, 0.37283155],
        [0.74876686, 0.74876686, 0.75369941],
        [0.62583024, 0.62583024, 0.12250927],
        [0.49891749, 0.49891749, 0.50324752],
        [0.37608251, 0.37608251, 0.87175248],
        [0.24916976, 0.24916976, 0.25249073],
        [0.12623314, 0.12623314, 0.62130059]
    ],
    "relaxed_energy": -127.6440001,
    "relaxed_forces": [
        [0.03204867, 0.03204867, -0.03204867],
        [-0.03204867, -0.03204867, 0.03204867],
        [0.02279312, 0.02279312, -0.02279312],
        [-0.0, 0.0, 0.0],
        [-0.02279312, -0.02279312, 0.02279312],
        [0.00750329, 0.00750329, -0.00750329],
        [-0.00750329, -0.00750329, 0.00750329],
        [-0.02108072, -0.02108072, 0.02108072],
        [-0.04738508, -0.04738508, 0.04738508],
        [-0.0088097, -0.0088097, 0.0088097],
        [0.0088097, 0.0088097, -0.0088097],
        [0.04738508, 0.04738508, -0.04738508],
        [0.02108072, 0.02108072, -0.02108072]
    ],
    "relaxed_lattice": [
        [2.30931404, 0.0, 2.30931404],
        [0.0, 2.30931404, 2.30931404],
        [-11.43940162, -11.43940162, 13.74871566]
    ]
}