{
    "atom_type": [
        "N",
        "Zr"
    ],
    "atoms_per_type": [
        6,
        7
    ],
    "coord_mode": "direct",
    "relaxed_basis": [
        [0.9287205, 0.9287205, 0.8574411],
        [0.78549534, 0.78549534, 0.57099069],
        [0.64310803, 0.64310803, 0.28621616],
        [0.49974907, 0.49974907, 0.99949814],
        [0.35736186, 0.35736186, 0.71472361],
        [0.2141366, 0.2141366, 0.4282732],
        [0.99975227, 0.99975227, 0.99950453],
        [0.85670705, 0.85670705, 0.71341399],
        [0.71361526, 0.71361526, 0.42723052],
        [0.5714286, 0.5714286, 0.1428571],
        [0.42924184, 0.42924184, 0.85848378],
        [0.28615015, 0.28615015, 0.57230031],
        [0.14310483, 0.14310483, 0.28620977]
    ],
    "relaxed_energy": -130.90440304,
    "relaxed_forces": [
        [-0.0, 0.0, 0.04620175],
        [0.0, 0.0, -0.1307774],
        [-0.0, 0.0, 0.06139256],
        [0.0, 0.0, -0.06139256],
        [0.0, 0.0, 0.1307774],
        [0.0, 0.0, -0.04620175],
        [0.0, 0.0, 0.02082277],
        [0.0, 0.0, -0.10782889],
        [-0.0, 0.0, -0.144876],
        [0.0, -0.0, -0.0],
        [0.0, 0.0, 0.144876],
        [-0.0, 0.0, 0.10782889],
        [0.0, 0.0, -0.02082277]
    ],
    "relaxed_lattice": [
        [2.29614161, -2.29614161, 0.0],
        [2.29614161, 2.29614161, 0.0],
        [-2.29614161, 0.0, 16.05169286]
    ]
}