{
    "atom_type": [
        "N",
        "Zr"
    ],
    "atoms_per_type": [
        3,
        8
    ],
    "coord_mode": "direct",
    "relaxed_basis": [
        [0.25, 0.25, 0.74794721],
        [0.75, 0.25, 0.5],
        [0.25, 0.25, 0.25205279],
        [0.00973975, 0.00331111, 0.0],
        [0.49026025, 0.49668889, 0.0],
        [0.50007259, 0.00966031, 0.7481023],
        [0.99992741, 0.49033969, 0.7481023],
        [0.00325363, 0.01766271, 0.5],
        [0.49674637, 0.48233729, 0.5],
        [0.50007259, 0.00966031, 0.2518977],
        [0.99992741, 0.49033969, 0.2518977]
    ],
    "relaxed_energy": -103.69995722,
    "relaxed_forces": [
        [0.02631158, -0.02631158, -0.0],
        [-0.0, 0.0, -0.0],
        [-0.02631158, 0.02631158, -0.0],
        [-0.00438681, -0.00438681, -0.16678899],
        [0.00438681, 0.00438681, 0.16678899],
        [0.0100906, 0.04290088, 0.02479899],
        [-0.04290088, -0.0100906, -0.02479899],
        [0.06094515, 0.06094515, 0.03214292],
        [-0.06094515, -0.06094515, -0.03214292],
        [0.04290088, 0.0100906, 0.02479899],
        [-0.0100906, -0.04290088, -0.02479899]
    ],
    "relaxed_lattice": [
        [-2.30728202, -2.30728202, -4.64166254],
        [-2.2646001, -2.2646001, 4.59878624],
        [-4.61405039, 4.61405039, 0.0]
    ]
}