{
    "atom_type": [
        "N",
        "Zr"
    ],
    "atoms_per_type": [
        4,
        8
    ],
    "coord_mode": "direct",
    "relaxed_basis": [
        [0.0, 0.5, 0.50221469],
        [0.5, 0.5, 0.75],
        [0.0, 0.0, 0.75],
        [0.5, 0.0, 0.99778531],
        [0.0, 0.0, 0.99833652],
        [0.5, 0.5, 0.99833652],
        [0.0, 0.5, 0.26345034],
        [0.5, 0.0, 0.23654966],
        [0.0, 0.0, 0.50166348],
        [0.5, 0.5, 0.50166348],
        [0.0, 0.5, 0.73413739],
        [0.5, 0.0, 0.76586261]
    ],
    "relaxed_energy": -116.03031439,
    "relaxed_forces": [
        [-0.0, -0.0, 0.06540937],
        [-0.0, -0.0, 0.0],
        [-0.0, -0.0, 0.0],
        [-0.0, -0.0, -0.06540937],
        [-0.0, 0.0, -0.0682951],
        [0.0, 0.0, -0.0682951],
        [0.0, -0.0, 0.0679309],
        [0.0, -0.0, -0.0679309],
        [-0.0, 0.0, 0.0682951],
        [-0.0, 0.0, 0.0682951],
        [0.0, -0.0, -0.03060116],
        [-0.0, -0.0, 0.03060116]
    ],
    "relaxed_lattice": [
        [4.57161902, 0.0, 0.0],
        [0.0, 4.57161902, 0.0],
        [0.0, 0.0, 9.37567642]
    ]
}