{
    "atom_type": [
        "N",
        "Zr"
    ],
    "atoms_per_type": [
        5,
        8
    ],
    "coord_mode": "direct",
    "relaxed_basis": [
        [0.75, 0.75, 0.25],
        [0.25, 0.25, 0.75],
        [0.75, 0.25, 0.75],
        [0.25, 0.75, 0.75],
        [0.75, 0.75, 0.75],
        [0.00043415, 0.00043415, 0.99107172],
        [0.50805998, 0.00043415, 0.99107172],
        [0.00043415, 0.50805998, 0.99107172],
        [0.50488226, 0.50488226, 0.98535323],
        [0.99511774, 0.99511774, 0.51464677],
        [0.49956585, 0.99194002, 0.50892828],
        [0.99194002, 0.49956585, 0.50892828],
        [0.49956585, 0.49956585, 0.50892828]
    ],
    "relaxed_energy": -128.0241142,
    "relaxed_forces": [
        [-0.0, -0.0, 0.0],
        [-0.0, -0.0, 0.0],
        [-0.0, -0.0, 0.0],
        [-0.0, -0.0, 0.0],
        [-0.0, -0.0, 0.0],
        [0.01045727, 0.01045727, 0.01285514],
        [0.01045727, -0.01285514, -0.01045727],
        [-0.01285514, 0.01045727, -0.01045727],
        [-0.04061483, -0.04061483, 0.04061483],
        [0.04061483, 0.04061483, -0.04061483],
        [0.01285514, -0.01045727, 0.01045727],
        [-0.01045727, 0.01285514, 0.01045727],
        [-0.01045727, -0.01045727, -0.01285514]
    ],
    "relaxed_lattice": [
        [0.0, 4.61404401, 4.61404401],
        [4.61404401, 0.0, 4.61404401],
        [4.59700667, 4.59700667, 0.01703733]
    ]
}