{
    "atom_type": [
        "N",
        "Zr"
    ],
    "atoms_per_type": [
        2,
        8
    ],
    "coord_mode": "direct",
    "relaxed_basis": [
        [0.75404327, 0.37509828, 0.87509828],
        [0.24595673, 0.62490172, 0.12490172],
        [0.0, 0.0, 0.0],
        [0.0, 0.5, 0.0],
        [0.5, 0.25947654, 0.24052346],
        [0.48138104, 0.75170684, 0.25170684],
        [0.0, 0.5, 0.5],
        [0.0, 0.0, 0.5],
        [0.5, 0.74052346, 0.75947654],
        [0.51861896, 0.24829316, 0.74829316]
    ],
    "relaxed_energy": -91.94220007,
    "relaxed_forces": [
        [0.02465337, 0.01778029, 0.01778029],
        [-0.02465337, -0.01778029, -0.01778029],
        [0.0, -0.0, -0.0],
        [0.0, -0.0, -0.0],
        [0.0, -0.00433189, 0.00433189],
        [-0.01900911, 0.02791223, 0.02791223],
        [0.0, -0.0, -0.0],
        [0.0, -0.0, -0.0],
        [0.0, 0.00433189, -0.00433189],
        [0.01900911, -0.02791223, -0.02791223]
    ],
    "relaxed_lattice": [
        [4.62416905, -2.27276488, -2.27276488],
        [4.63964058, 4.56389262, 0.01174637],
        [4.63964058, 0.01174637, 4.56389262]
    ]
}