{
    "atom_type": [
        "N",
        "Zr"
    ],
    "atoms_per_type": [
        2,
        6
    ],
    "coord_mode": "direct",
    "relaxed_basis": [
        [0.5806056, 0.33878869, 0.25],
        [0.7527277, 0.99454461, 0.75],
        [0.98056532, 0.00964169, 0.99688149],
        [0.1666667, 0.6666667, 0.5],
        [0.35276798, 0.32369161, 0.00311851],
        [0.50979299, 0.00964169, 0.50311851],
        [0.6666667, 0.6666667, 0.0],
        [0.82354031, 0.32369161, 0.49688149]
    ],
    "relaxed_energy": -74.97074262,
    "relaxed_forces": [
        [0.0, 0.0423411, 0.0423411],
        [-0.0, -0.0423411, -0.0423411],
        [-0.05774027, 0.05475197, -0.06977173],
        [0.0, -0.0, 0.0],
        [0.05774027, -0.05475197, 0.06977173],
        [0.05774027, -0.06977173, 0.05475197],
        [0.0, -0.0, 0.0],
        [-0.05774027, 0.06977173, -0.05475197]
    ],
    "relaxed_lattice": [
        [4.61592741, 2.2679453, -2.2679453],
        [2.30796371, 4.56510225, 2.29715697],
        [4.67013902, -2.32127603, 2.32127603]
    ]
}