{
    "atom_type": [
        "N",
        "Zr"
    ],
    "atoms_per_type": [
        4,
        7
    ],
    "coord_mode": "direct",
    "relaxed_basis": [
        [0.57156031, 0.07156031, 0.14312053],
        [0.71401195, 0.21401195, 0.42802389],
        [0.85741665, 0.35741665, 0.71483321],
        [0.99986829, 0.49986829, 0.99973657],
        [0.00465708, 0.00465708, 0.00931415],
        [0.14388628, 0.14388628, 0.28777266],
        [0.2857143, 0.2857143, 0.5714286],
        [0.42754222, 0.42754222, 0.85508454],
        [0.56677152, 0.56677152, 0.13354295],
        [0.71597357, 0.71597357, 0.43194713],
        [0.85545503, 0.85545503, 0.71090997]
    ],
    "relaxed_energy": -107.37959283,
    "relaxed_forces": [
        [0.13028946, -0.0, 0.13028946],
        [-0.01437413, 0.0, -0.01437413],
        [0.01437413, -0.0, 0.01437413],
        [-0.13028946, 0.0, -0.13028946],
        [0.0033739, -0.0, 0.0033739],
        [0.02473085, -0.0, 0.02473085],
        [-0.0, -0.0, -0.0],
        [-0.02473085, 0.0, -0.02473085],
        [-0.0033739, 0.0, -0.0033739],
        [0.05326496, -0.0, 0.05326496],
        [-0.05326496, 0.0, -0.05326496]
    ],
    "relaxed_lattice": [
        [2.31154166, 0.0, -2.31154166],
        [-0.0, 4.52781253, -0.0],
        [6.93306393, -2.26390627, 9.24460558]
    ]
}