{
    "atom_type": [
        "N",
        "Zr"
    ],
    "atoms_per_type": [
        6,
        8
    ],
    "coord_mode": "direct",
    "relaxed_basis": [
        [0.5, 0.375, 0.625],
        [0.5, 0.62532555, 0.37532555],
        [0.0, 0.75132148, 0.74867852],
        [0.5, 0.875, 0.125],
        [0.0, 0.99867852, 0.50132148],
        [0.5, 0.12467445, 0.87467445],
        [0.0, 0.99543088, 0.99807922],
        [0.5, 0.12080197, 0.37919803],
        [0.0, 0.24807922, 0.74543088],
        [0.5, 0.375, 0.125],
        [0.0, 0.50192078, 0.50456912],
        [0.5, 0.62919803, 0.87080197],
        [0.0, 0.75456912, 0.25192078],
        [0.5, 0.875, 0.625]
    ],
    "relaxed_energy": -139.65900719,
    "relaxed_forces": [
        [-0.0, -0.0, 0.0],
        [-0.0, -0.0, -0.02769967],
        [-0.0148261, 0.0148261, 0.0],
        [-0.0, -0.0, 0.0],
        [0.0148261, -0.0148261, 0.0],
        [-0.0, -0.0, 0.02769967],
        [0.00629603, -0.00629603, -0.02609749],
        [0.06228302, -0.06228302, 0.0],
        [-0.00629603, 0.00629603, -0.02609749],
        [-0.0, -0.0, 0.0],
        [0.00629603, -0.00629603, 0.02609749],
        [-0.06228302, 0.06228302, 0.0],
        [-0.00629603, 0.00629603, 0.02609749],
        [-0.0, -0.0, 0.0]
    ],
    "relaxed_lattice": [
        [2.29673762, 2.29673762, 0.0],
        [-4.61187474, 4.61187474, 4.5917772],
        [4.61187474, -4.61187474, 4.5917772]
    ]
}