{
    "atom_type": [
        "N",
        "Zr"
    ],
    "atoms_per_type": [
        3,
        5
    ],
    "coord_mode": "direct",
    "relaxed_basis": [
        [0.4, 0.9, 0.8],
        [0.80048025, 0.30048025, 0.6009605],
        [0.99951975, 0.49951975, 0.9990395],
        [0.99661559, 0.99661559, 0.99323119],
        [0.20386267, 0.20386267, 0.40772533],
        [0.4, 0.4, 0.8],
        [0.59613733, 0.59613733, 0.19227467],
        [0.80338441, 0.80338441, 0.60676881]
    ],
    "relaxed_energy": -78.21696765,
    "relaxed_forces": [
        [0.0, -0.0, -0.0],
        [-0.03494341, 0.0, -0.03494341],
        [0.03494341, -0.0, 0.03494341],
        [0.00237516, -0.0, 0.00237516],
        [0.06612631, -0.0, 0.06612631],
        [0.0, 0.0, -0.0],
        [-0.06612631, 0.0, -0.06612631],
        [-0.00237516, 0.0, -0.00237516]
    ],
    "relaxed_lattice": [
        [2.31696114, 0.0, -2.31696114],
        [-0.0, 4.56565788, -0.0],
        [4.61706052, -2.28282894, 6.93402166]
    ]
}