{
    "atom_type": [
        "N",
        "Zr"
    ],
    "atoms_per_type": [
        4,
        8
    ],
    "coord_mode": "direct",
    "relaxed_basis": [
        [0.5, 0.74827924, 0.49819978],
        [0.0, 0.87354573, 0.24993942],
        [0.5, 0.00145427, 6.058e-05],
        [0.0, 0.12672076, 0.75180022],
        [0.0, 0.00023786, 0.0052506],
        [0.5, 0.11012845, 0.75352984],
        [0.0, 0.24130697, 0.50400713],
        [0.5, 0.37787279, 0.25534671],
        [0.0, 0.49712721, 0.99465329],
        [0.5, 0.63369303, 0.74599287],
        [0.0, 0.76487155, 0.49647016],
        [0.5, 0.87476214, 0.2447494]
    ],
    "relaxed_energy": -115.82733508,
    "relaxed_forces": [
        [0.0, 0.05645878, -0.07360061],
        [0.0, -0.01933901, -0.03068283],
        [0.0, 0.01933901, 0.03068283],
        [0.0, -0.05645878, 0.07360061],
        [0.0, -0.01749252, -0.02764895],
        [0.0, -0.03430552, -0.0019995],
        [0.0, 0.06562627, 0.02101379],
        [0.0, -0.01592682, 0.00926041],
        [0.0, 0.01592682, -0.00926041],
        [0.0, -0.06562627, -0.02101379],
        [0.0, 0.03430552, 0.0019995],
        [0.0, 0.01749252, 0.02764895]
    ],
    "relaxed_lattice": [
        [4.58691763, 0.0, 0.0],
        [0.0, 4.57469612, -4.65924665],
        [0.0, 2.27243141, 6.9745302]
    ]
}