{
    "atom_type": [
        "N",
        "Zr"
    ],
    "atoms_per_type": [
        3,
        8
    ],
    "coord_mode": "direct",
    "relaxed_basis": [
        [0.0, 0.74897845, 0.74897845],
        [0.5, 0.0, 0.0],
        [0.0, 0.25102155, 0.25102155],
        [0.0, 0.0, 0.0],
        [0.0, 0.0, 0.5],
        [0.5, 0.24354647, 0.24354647],
        [0.5, 0.24546976, 0.75453024],
        [0.0, 0.5, 0.5],
        [0.0, 0.5, 0.0],
        [0.5, 0.75645353, 0.75645353],
        [0.5, 0.75453024, 0.24546976]
    ],
    "relaxed_energy": -103.77514536,
    "relaxed_forces": [
        [-0.0, 0.00034576, 0.0],
        [0.0, -0.0, 0.0],
        [0.0, -0.00034576, 0.0],
        [0.0, -0.0, 0.0],
        [0.0, -0.0, 0.0],
        [0.0, -0.09081155, 0.0],
        [0.0, -0.0, -0.04992359],
        [0.0, -0.0, 0.0],
        [0.0, -0.0, 0.0],
        [0.0, 0.09081155, 0.0],
        [0.0, -0.0, 0.04992359]
    ],
    "relaxed_lattice": [
        [-4.56033281, 0.0, 0.0],
        [0.0, 4.62132493, 4.56057345],
        [0.0, 4.62132493, -4.56057345]
    ]
}