{
    "atom_type": [
        "N",
        "Zr"
    ],
    "atoms_per_type": [
        1,
        4
    ],
    "coord_mode": "direct",
    "relaxed_basis": [
        [0.375, 0.375, 0.875],
        [0.00186543, 0.00186543, 0.99440371],
        [0.2483462, 0.2483462, 0.2549614],
        [0.5016538, 0.5016538, 0.4950386],
        [0.74813457, 0.74813457, 0.75559629]
    ],
    "relaxed_energy": -45.84105266,
    "relaxed_forces": [
        [0.0, 0.0, 0.0],
        [0.02610269, -0.02610269, -0.02610269],
        [-0.04127453, 0.04127453, 0.04127453],
        [0.04127453, -0.04127453, -0.04127453],
        [-0.02610269, 0.02610269, 0.02610269]
    ],
    "relaxed_lattice": [
        [2.30935196, 0.0, 2.30935196],
        [2.30935196, 2.30935196, 0.0],
        [-4.53287797, 6.84222992, 6.84222992]
    ]
}