{
    "atom_type": [
        "N",
        "Zr"
    ],
    "atoms_per_type": [
        4,
        8
    ],
    "coord_mode": "direct",
    "relaxed_basis": [
        [0.06208969, 0.56227166, 0.31354896],
        [0.31238878, 0.81103189, 0.56419055],
        [0.93761122, 0.43896811, 0.68580945],
        [0.18791031, 0.68772834, 0.93645104],
        [0.99646543, 0.00233991, 0.00472923],
        [0.625, 0.625, 0.125],
        [0.25353457, 0.24766009, 0.24527077],
        [0.87254699, 0.87273244, 0.38217359],
        [0.49616911, 0.50865056, 0.49901122],
        [0.125, 0.125, 0.625],
        [0.75383089, 0.74134944, 0.75098878],
        [0.37745301, 0.37726756, 0.86782641]
    ],
    "relaxed_energy": -115.73534762,
    "relaxed_forces": [
        [0.04228304, -0.00618577, -0.04228304],
        [-0.08049667, 0.02322629, 0.08049667],
        [0.08049667, -0.02322629, -0.08049667],
        [-0.04228304, 0.00618577, 0.04228304],
        [-0.00886468, 0.04389749, 0.00886468],
        [0.0, -0.0, 0.0],
        [0.00886468, -0.04389749, -0.00886468],
        [-0.01524323, 0.05487044, 0.01524323],
        [0.0038993, -0.00013025, -0.0038993],
        [0.0, 0.0, 0.0],
        [-0.0038993, 0.00013025, 0.0038993],
        [0.01524323, -0.05487044, -0.01524323]
    ],
    "relaxed_lattice": [
        [2.30835072, 0.0, 2.30835072],
        [2.31935876, 6.83549889, -0.01100804],
        [-4.61563576, 2.2596923, 6.92398648]
    ]
}