{
    "atom_type": [
        "N",
        "Zr"
    ],
    "atoms_per_type": [
        4,
        6
    ],
    "coord_mode": "direct",
    "relaxed_basis": [
        [0.24820174, 0.00359653, 0.25],
        [0.41682743, 0.66634523, 0.75],
        [0.58317257, 0.33365477, 0.25],
        [0.75179826, 0.99640347, 0.75],
        [0.0, 0.0, 0.0],
        [0.17827355, 0.68064523, 0.5086806],
        [0.35891869, 0.31935477, 0.0086806],
        [0.5, 0.0, 0.5],
        [0.64108131, 0.68064523, 0.9913194],
        [0.82172645, 0.31935477, 0.4913194]
    ],
    "relaxed_energy": -99.08097684,
    "relaxed_forces": [
        [-0.0, -0.03331738, -0.03331738],
        [-0.0, -0.00653944, -0.00653944],
        [0.0, 0.00653944, 0.00653944],
        [0.0, 0.03331738, 0.03331738],
        [0.0, -0.0, 0.0],
        [0.03014398, -0.01514004, -0.04225134],
        [0.03014398, 0.04225134, 0.01514004],
        [0.0, -0.0, 0.0],
        [-0.03014398, -0.04225134, -0.01514004],
        [-0.03014398, 0.01514004, 0.04225134]
    ],
    "relaxed_lattice": [
        [4.68435182, 2.29340808, -2.29340808],
        [2.34217592, 4.60139116, 2.30798309],
        [4.66707964, -2.27640767, 2.27640767]
    ]
}