{
    "atom_type": [
        "N",
        "Zr"
    ],
    "atoms_per_type": [
        3,
        8
    ],
    "coord_mode": "direct",
    "relaxed_basis": [
        [0.87448078, 0.74896156, 0.81117103],
        [0.375, 0.75, 0.5625],
        [0.87551922, 0.75103844, 0.31382897],
        [0.00269598, 0.00539196, 0.99971547],
        [0.25556729, 0.51113458, 0.87695336],
        [0.49176075, 0.9835215, 0.75090835],
        [0.75761937, 0.51523874, 0.62630768],
        [0.99238063, 0.98476126, 0.49869232],
        [0.25823925, 0.5164785, 0.37409165],
        [0.49443271, 0.98886542, 0.24804664],
        [0.74730402, 0.49460804, 0.12528453]
    ],
    "relaxed_energy": -103.75254157,
    "relaxed_forces": [
        [0.03274127, -0.03274127, -0.0004377],
        [-0.0, 0.0, -0.0],
        [-0.03274127, 0.03274127, 0.0004377],
        [-0.08758094, 0.08758094, 0.03687054],
        [0.03818743, -0.03818743, 0.15761347],
        [-0.02659603, 0.02659603, 0.05706069],
        [0.03198851, -0.03198851, -0.05371454],
        [-0.03198851, 0.03198851, 0.05371454],
        [0.02659603, -0.02659603, -0.05706069],
        [-0.03818743, 0.03818743, -0.15761347],
        [0.08758094, -0.08758094, -0.03687054]
    ],
    "relaxed_lattice": [
        [2.30553018, 2.30553018, 0.0],
        [-4.56915922, 2.26362905, 2.28707762],
        [4.5995802, -4.5995802, 9.28147517]
    ]
}