{
    "atom_type": [
        "N",
        "Zr"
    ],
    "atoms_per_type": [
        4,
        7
    ],
    "coord_mode": "direct",
    "relaxed_basis": [
        [0.92849287, 0.92849287, 0.2145213],
        [0.07117448, 0.07117448, 0.78647666],
        [0.35739702, 0.35739702, 0.92780904],
        [0.50007853, 0.50007853, 0.4997644],
        [0.0004539, 0.0004539, 0.99863831],
        [0.1441171, 0.1441171, 0.5676486],
        [0.2844543, 0.2844543, 0.1466371],
        [0.4281175, 0.4281175, 0.71564739],
        [0.57287117, 0.57287117, 0.2813866],
        [0.7142857, 0.7142857, 0.8571429],
        [0.85570033, 0.85570033, 0.4328991]
    ],
    "relaxed_energy": -107.06601124,
    "relaxed_forces": [
        [-0.02737079, 0.02737079, 0.02737079],
        [-0.02704742, 0.02704742, 0.02704742],
        [0.02704742, -0.02704742, -0.02704742],
        [0.02737079, -0.02737079, -0.02737079],
        [0.03386086, -0.03386086, -0.03386086],
        [0.00596642, -0.00596642, -0.00596642],
        [-0.00596642, 0.00596642, 0.00596642],
        [-0.03386086, 0.03386086, 0.03386086],
        [-0.00965983, 0.00965983, 0.00965983],
        [-0.0, 0.0, 0.0],
        [0.00965983, -0.00965983, -0.00965983]
    ],
    "relaxed_lattice": [
        [2.30737342, -0.0, 2.30737342],
        [2.30737342, 2.30737342, -0.0],
        [-9.18535092, 11.49272433, 11.49272433]
    ]
}