{
    "atom_type": [
        "N",
        "Zr"
    ],
    "atoms_per_type": [
        3,
        4
    ],
    "coord_mode": "direct",
    "relaxed_basis": [
        [0.87451937, 0.87451937, 0.37644188],
        [0.125, 0.125, 0.625],
        [0.37548063, 0.37548063, 0.87355812],
        [0.00123485, 0.00123485, 0.99629545],
        [0.24876515, 0.24876515, 0.25370455],
        [0.50169132, 0.50169132, 0.49492604],
        [0.74830868, 0.74830868, 0.75507396]
    ],
    "relaxed_energy": -69.77054708,
    "relaxed_forces": [
        [-0.04701942, 0.04701942, 0.04701942],
        [-0.0, -0.0, -0.0],
        [0.04701942, -0.04701942, -0.04701942],
        [0.00574018, -0.00574018, -0.00574018],
        [-0.00574018, 0.00574018, 0.00574018],
        [-0.0299544, 0.0299544, 0.0299544],
        [0.0299544, -0.0299544, -0.0299544]
    ],
    "relaxed_lattice": [
        [2.29718745, 0.0, 2.29718745],
        [2.29718745, 2.29718745, 0.0],
        [-4.59188898, 6.88907643, 6.88907643]
    ]
}