{
    "atom_type": [
        "N",
        "Zr"
    ],
    "atoms_per_type": [
        6,
        7
    ],
    "coord_mode": "direct",
    "relaxed_basis": [
        [0.28606844, 0.78606844, 0.57213688],
        [0.42845147, 0.92845147, 0.85690304],
        [0.57137119, 0.07137119, 0.14274228],
        [0.71434311, 0.21434311, 0.42868622],
        [0.85726283, 0.35726283, 0.71452556],
        [0.99964586, 0.49964586, 0.99929172],
        [0.00209187, 0.00209187, 0.00418374],
        [0.1428571, 0.1428571, 0.2857143],
        [0.28362243, 0.28362243, 0.56724486],
        [0.42958506, 0.42958506, 0.85917023],
        [0.56868176, 0.56868176, 0.13736341],
        [0.71703254, 0.71703254, 0.43406509],
        [0.85612924, 0.85612924, 0.71225837]
    ],
    "relaxed_energy": -131.02286775,
    "relaxed_forces": [
        [0.02505348, -0.0, 0.02505348],
        [-0.00831725, 0.0, -0.00831725],
        [0.00286016, -0.0, 0.00286016],
        [-0.00286016, 0.0, -0.00286016],
        [0.00831725, -0.0, 0.00831725],
        [-0.02505348, 0.0, -0.02505348],
        [0.02892103, -0.0, 0.02892103],
        [-0.0, -0.0, -0.0],
        [-0.02892103, 0.0, -0.02892103],
        [-0.00797782, 0.0, -0.00797782],
        [-0.09616169, 0.0, -0.09616169],
        [0.09616169, -0.0, 0.09616169],
        [0.00797782, -0.0, 0.00797782]
    ],
    "relaxed_lattice": [
        [2.30136058, 0.0, -2.30136058],
        [-0.0, 4.60038298, -0.0],
        [6.89212319, -2.3001915, 9.19348377]
    ]
}