{
    "atom_type": [
        "N",
        "Zr"
    ],
    "atoms_per_type": [
        4,
        8
    ],
    "coord_mode": "direct",
    "relaxed_basis": [
        [0.5, 0.5, 0.0],
        [0.0, 0.8773074, 0.25461479],
        [0.5, 0.0, 0.0],
        [0.0, 0.1226926, 0.74538521],
        [0.0, 0.0, 0.0],
        [0.5, 0.13475735, 0.76951471],
        [0.0, 0.2432172, 0.5],
        [0.5, 0.37422254, 0.24844508],
        [0.0, 0.5, 0.0],
        [0.5, 0.62577746, 0.75155492],
        [0.0, 0.7567828, 0.5],
        [0.5, 0.86524265, 0.23048529]
    ],
    "relaxed_energy": -115.71444536,
    "relaxed_forces": [
        [0.0, 0.0, -0.0],
        [0.0, 0.00399586, 0.00399586],
        [0.0, 0.0, -0.0],
        [0.0, -0.00399586, -0.00399586],
        [0.0, 0.0, -0.0],
        [0.0, 0.00472765, 0.00472765],
        [0.0, 0.00913826, -0.00913826],
        [0.0, 0.13092171, 0.13092171],
        [0.0, 0.0, -0.0],
        [0.0, -0.13092171, -0.13092171],
        [0.0, -0.00913826, 0.00913826],
        [0.0, -0.00472765, -0.00472765]
    ],
    "relaxed_lattice": [
        [4.61687318, 0.0, 0.0],
        [0.0, 4.6001889, -4.6001889],
        [0.0, 2.28069641, 6.88088531]
    ]
}