{
    "atom_type": [
        "N",
        "Zr"
    ],
    "atoms_per_type": [
        4,
        6
    ],
    "coord_mode": "direct",
    "relaxed_basis": [
        [0.00014061, 0.5, 0.00028121],
        [0.16569786, 0.0, 0.33139562],
        [0.33430214, 0.5, 0.66860438],
        [0.49985939, 0.0, 0.99971879],
        [0.00830588, 0.0, 0.01661176],
        [0.17011361, 0.5, 0.34022711],
        [0.32988639, 0.0, 0.65977289],
        [0.49169412, 0.5, 0.98338824],
        [0.66211501, 0.0, 0.32422993],
        [0.83788499, 0.5, 0.67577007]
    ],
    "relaxed_energy": -98.81772484,
    "relaxed_forces": [
        [-0.0, 0.0, 0.04439994],
        [-0.0, 0.0, 0.03688161],
        [0.0, 0.0, -0.03688161],
        [0.0, 0.0, -0.04439994],
        [0.0, 0.0, -0.01661332],
        [-0.0, 0.0, 0.0016576],
        [0.0, 0.0, -0.0016576],
        [-0.0, 0.0, 0.01661332],
        [0.0, 0.0, -0.02448532],
        [-0.0, 0.0, 0.02448532]
    ],
    "relaxed_lattice": [
        [4.5703045, 0.0, -0.0],
        [0.0, 4.58964699, 0.0],
        [-2.28515226, 0.0, 6.96817288]
    ]
}