{
    "atom_type": [
        "N",
        "Zr"
    ],
    "atoms_per_type": [
        3,
        8
    ],
    "coord_mode": "direct",
    "relaxed_basis": [
        [0.43721806, 0.81342821, 0.87443612],
        [0.81250261, 0.93888174, 0.62500523],
        [0.93744152, 0.31259796, 0.87488305],
        [0.99806518, 0.99928782, 0.99613036],
        [0.12718458, 0.3775134, 0.25436917],
        [0.25070833, 0.75302768, 0.50141667],
        [0.3760996, 0.11622241, 0.75219919],
        [0.49764406, 0.49927537, 0.99528811],
        [0.62508868, 0.87327258, 0.25017736],
        [0.7476276, 0.24563305, 0.49525519],
        [0.87791978, 0.63335978, 0.75583956]
    ],
    "relaxed_energy": -103.67171015,
    "relaxed_forces": [
        [0.02755718, 0.00047346, 0.02755718],
        [4.683e-05, -0.01353138, 4.683e-05],
        [-0.02369466, 0.01118802, -0.02369466],
        [0.02399077, 0.01324429, 0.02399077],
        [0.08634401, -0.01891137, 0.08634401],
        [0.05266687, -0.02522619, 0.05266687],
        [-0.01660112, 0.08915396, -0.01660112],
        [-0.02302033, -0.01533421, -0.02302033],
        [-0.02466455, -0.03305994, -0.02466455],
        [-0.08525339, 0.02387227, -0.08525339],
        [-0.01737161, -0.03186891, -0.01737161]
    ],
    "relaxed_lattice": [
        [2.29920345, 0.0, -2.29920345],
        [2.29615392, 4.58409134, 2.29615392],
        [4.57682829, -6.86218624, 6.87603174]
    ]
}