{
    "atom_type": [
        "N",
        "Zr"
    ],
    "atoms_per_type": [
        2,
        7
    ],
    "coord_mode": "direct",
    "relaxed_basis": [
        [0.14305259, 0.28610528, 0.92713114],
        [0.71409021, 0.42818042, 0.64429736],
        [0.00129295, 0.00258591, 0.00523272],
        [0.57612525, 0.15225039, 0.7229338],
        [0.14511431, 0.29022872, 0.43501739],
        [0.71202849, 0.42405698, 0.13641111],
        [0.28101765, 0.56203531, 0.8484948],
        [0.85584995, 0.71169979, 0.56619588],
        [0.4285714, 0.8571429, 0.2857143]
    ],
    "relaxed_energy": -83.18707994,
    "relaxed_forces": [
        [0.01101464, 0.01820389, 0.01101464],
        [-0.01101464, -0.01820389, -0.01101464],
        [0.04498625, -0.11419226, 0.04498625],
        [0.0225478, -0.04052519, 0.0225478],
        [0.01332404, -0.00498182, 0.01332404],
        [-0.01332404, 0.00498182, -0.01332404],
        [-0.0225478, 0.04052519, -0.0225478],
        [-0.04498625, 0.11419226, -0.04498625],
        [0.0, 0.0, -0.0]
    ],
    "relaxed_lattice": [
        [2.29224087, 0.0, -2.29224087],
        [0.00604513, 6.8968644, 2.298286],
        [4.58620468, -4.59055055, 4.58620468]
    ]
}