{
    "atom_type": [
        "N",
        "Zr"
    ],
    "atoms_per_type": [
        6,
        8
    ],
    "coord_mode": "direct",
    "relaxed_basis": [
        [0.0, 0.375, 0.25],
        [0.0, 0.62487581, 0.75],
        [0.5, 0.75150343, 0.50300685],
        [0.0, 0.875, 0.25],
        [0.5, 0.99849657, 0.99699315],
        [0.0, 0.12512419, 0.75],
        [0.0, 0.00058816, 0.00117633],
        [0.5, 0.11390855, 0.75],
        [0.0, 0.25099764, 0.50199527],
        [0.5, 0.375, 0.25],
        [0.0, 0.49900236, 0.99800473],
        [0.5, 0.63609145, 0.75],
        [0.0, 0.74941184, 0.49882367],
        [0.5, 0.875, 0.25]
    ],
    "relaxed_energy": -139.51911864,
    "relaxed_forces": [
        [0.0, 0.0, -0.0],
        [0.0, -0.00576521, 0.00576521],
        [0.0, -0.01011785, -0.01011785],
        [0.0, 0.0, -0.0],
        [0.0, 0.01011785, 0.01011785],
        [0.0, 0.00576521, -0.00576521],
        [0.0, 0.01279839, 0.01279839],
        [0.0, -0.06554254, 0.06554254],
        [0.0, 0.03533498, 0.03533498],
        [0.0, 0.0, -0.0],
        [0.0, -0.03533498, -0.03533498],
        [0.0, 0.06554254, -0.06554254],
        [0.0, -0.01279839, -0.01279839],
        [0.0, 0.0, -0.0]
    ],
    "relaxed_lattice": [
        [4.61196074, 0.0, 0.0],
        [0.0, 4.58856246, -4.58856246],
        [0.0, 2.30049, 6.88905246]
    ]
}