{
    "atom_type": [
        "N",
        "Zr"
    ],
    "atoms_per_type": [
        3,
        8
    ],
    "coord_mode": "direct",
    "relaxed_basis": [
        [0.75, 0.875, 0.625],
        [0.49594181, 0.00993407, 0.99818231],
        [0.00405819, 0.74006593, 0.25181769],
        [0.99587411, 0.99430038, 0.0139514],
        [0.25, 0.375, 0.125],
        [0.50412589, 0.75569962, 0.2360486],
        [0.75791401, 0.10104188, 0.38313011],
        [0.9938687, 0.51841941, 0.49384319],
        [0.25, 0.875, 0.625],
        [0.5061313, 0.23158059, 0.75615681],
        [0.74208599, 0.64895812, 0.86686989]
    ],
    "relaxed_energy": -104.12776224,
    "relaxed_forces": [
        [0.0, -0.0, -0.0],
        [0.0, 0.00263876, 0.04331235],
        [-0.0, -0.00263876, -0.04331235],
        [0.0, 0.02726319, 0.07958653],
        [0.0, 0.0, 0.0],
        [-0.0, -0.02726319, -0.07958653],
        [0.0, 0.07336087, 0.04563628],
        [-0.0, -0.05650304, -0.01022935],
        [0.0, 0.0, 0.0],
        [0.0, 0.05650304, 0.01022935],
        [-0.0, -0.07336087, -0.04563628]
    ],
    "relaxed_lattice": [
        [4.54316742, 0.0, 0.0],
        [2.27158372, 4.57247295, -2.32047959],
        [2.27158372, 4.64574055, 7.11144455]
    ]
}