{
    "atom_type": [
        "N",
        "Zr"
    ],
    "atoms_per_type": [
        6,
        8
    ],
    "coord_mode": "direct",
    "relaxed_basis": [
        [0.74930959, 0.87566651, 0.62571432],
        [0.99831657, 0.25132025, 0.75204662],
        [0.24834782, 0.62604509, 0.87725926],
        [0.50165218, 0.99895491, 0.99774074],
        [0.75168343, 0.37367975, 0.12295338],
        [0.00069041, 0.74933349, 0.24928568],
        [0.99339571, 0.00604379, 0.00716479],
        [0.24462467, 0.38795992, 0.12279074],
        [0.51259028, 0.73625855, 0.2385609],
        [0.75951974, 0.10731109, 0.37364944],
        [0.99048026, 0.51768891, 0.50135056],
        [0.23740972, 0.88874145, 0.6364391],
        [0.50537533, 0.23704008, 0.75220926],
        [0.75660429, 0.61895621, 0.86783521]
    ],
    "relaxed_energy": -139.77780721,
    "relaxed_forces": [
        [0.0, 0.03456923, -0.01079545],
        [0.0, 0.03264273, -0.01604865],
        [0.0, 0.01064616, -0.01161715],
        [-0.0, -0.01064616, 0.01161715],
        [-0.0, -0.03264273, 0.01604865],
        [-0.0, -0.03456923, 0.01079545],
        [-0.0, -0.03678676, 0.0318254],
        [-0.0, -0.0278525, 0.01108939],
        [-0.0, -0.04778717, 0.01898304],
        [-0.0, -0.00040704, 0.0186145],
        [0.0, 0.00040704, -0.0186145],
        [0.0, 0.04778717, -0.01898304],
        [0.0, 0.0278525, -0.01108939],
        [0.0, 0.03678676, -0.0318254]
    ],
    "relaxed_lattice": [
        [4.59394105, 0.0, 0.0],
        [2.29697053, 4.62810582, -2.28629151],
        [2.29697053, 4.65460815, 6.91118614]
    ]
}