{
    "atom_type": [
        "N",
        "Zr"
    ],
    "atoms_per_type": [
        5,
        8
    ],
    "coord_mode": "direct",
    "relaxed_basis": [
        [0.0, 0.50046803, 0.99562873],
        [0.0, 0.74324404, 0.74324404],
        [0.5, 0.88112351, 0.12512964],
        [0.0, 0.99562873, 0.50046803],
        [0.5, 0.12512964, 0.88112351],
        [0.0, 0.99236385, 0.99236385],
        [0.5, 0.12071748, 0.38525662],
        [0.0, 0.24273119, 0.75690927],
        [0.5, 0.38525662, 0.12071748],
        [0.0, 0.49670279, 0.49670279],
        [0.5, 0.62775457, 0.88197029],
        [0.0, 0.75690927, 0.24273119],
        [0.5, 0.88197029, 0.62775457]
    ],
    "relaxed_energy": -127.93123719,
    "relaxed_forces": [
        [-0.02498252, 0.02498252, -0.02420162],
        [0.0, 0.0, 0.04223794],
        [-0.00051871, 0.00051871, -0.00726541],
        [0.02498252, -0.02498252, -0.02420162],
        [0.00051871, -0.00051871, -0.00726541],
        [0.0, 0.0, 0.05909907],
        [0.03073868, -0.03073868, 0.11498675],
        [0.07404353, -0.07404353, 0.0056282],
        [-0.03073868, 0.03073868, 0.11498675],
        [0.0, 0.0, -0.16803194],
        [-0.00820333, 0.00820333, -0.05580045],
        [-0.07404353, 0.07404353, 0.0056282],
        [0.00820333, -0.00820333, -0.05580045]
    ],
    "relaxed_lattice": [
        [2.31079568, 2.31079568, 0.0],
        [-4.66635507, 4.66635507, 4.5378971],
        [4.66635507, -4.66635507, 4.5378971]
    ]
}