{
    "atom_type": [
        "N",
        "Zr"
    ],
    "atoms_per_type": [
        4,
        8
    ],
    "coord_mode": "direct",
    "relaxed_basis": [
        [0.74652108, 0.88316075, 0.62379709],
        [0.2524722, 0.61906608, 0.87598952],
        [0.75354844, 0.36850844, 0.12439468],
        [0.0013084, 0.74720561, 0.25017758],
        [0.99652619, 0.99411593, 0.01283169],
        [0.24219958, 0.39856452, 0.11703632],
        [0.51378084, 0.72533797, 0.24710035],
        [0.75950732, 0.10757477, 0.37341059],
        [0.98768623, 0.5253923, 0.49923523],
        [0.24149999, 0.87570244, 0.64129759],
        [0.50315163, 0.25395481, 0.73974194],
        [0.75179809, 0.6264164, 0.86998742]
    ],
    "relaxed_energy": -116.04215493,
    "relaxed_forces": [
        [0.0, 0.12798644, 0.00879312],
        [0.0, 0.0436856, 0.02210077],
        [-0.0, -0.09653819, 0.02286903],
        [0.0, 0.03451394, 0.05724736],
        [0.0, 0.02909853, 0.02986851],
        [-0.0, -0.09886499, 0.02911983],
        [-0.0, -0.02505313, 0.05044138],
        [-0.0, -0.15289809, -0.01732811],
        [0.0, 0.03287998, -0.05212231],
        [0.0, 0.08224226, -0.04417413],
        [-0.0, -0.00641533, -0.06170133],
        [0.0, 0.02936299, -0.04511413]
    ],
    "relaxed_lattice": [
        [4.54998166, 0.0, -0.0],
        [2.27499084, 4.62846401, -2.33780605],
        [2.27499084, 4.62136488, 6.99975224]
    ]
}