{
    "atom_type": [
        "N",
        "Zr"
    ],
    "atoms_per_type": [
        3,
        5
    ],
    "coord_mode": "direct",
    "relaxed_basis": [
        [0.60046026, 0.10046026, 0.20092053],
        [0.8, 0.3, 0.6],
        [0.99953974, 0.49953974, 0.99907947],
        [0.00705391, 0.00705391, 0.01410783],
        [0.20094269, 0.20094269, 0.40188539],
        [0.39905731, 0.39905731, 0.79811461],
        [0.59294609, 0.59294609, 0.18589217],
        [0.8, 0.8, 0.6]
    ],
    "relaxed_energy": -78.39953265,
    "relaxed_forces": [
        [0.07970267, -0.0, 0.07970267],
        [0.0, 0.0, 0.0],
        [-0.07970267, 0.0, -0.07970267],
        [-0.01275724, 0.0, -0.01275724],
        [-0.02017758, 0.0, -0.02017758],
        [0.02017758, -0.0, 0.02017758],
        [0.01275724, -0.0, 0.01275724],
        [0.0, 0.0, 0.0]
    ],
    "relaxed_lattice": [
        [2.3170492, 0.0, -2.3170492],
        [-0.0, 4.50501063, -0.0],
        [4.67060507, -2.25250532, 6.98765427]
    ]
}