{
    "atom_type": [
        "N",
        "Zr"
    ],
    "atoms_per_type": [
        5,
        8
    ],
    "coord_mode": "direct",
    "relaxed_basis": [
        [0.0, 0.37407867, 0.25007972],
        [0.0, 0.62592133, 0.74992028],
        [0.0, 0.87600105, 0.25007972],
        [0.5, 0.0, 0.0],
        [0.0, 0.12399895, 0.74992028],
        [0.0, 0.0, 0.0],
        [0.5, 0.12187492, 0.75834117],
        [0.0, 0.25191457, 0.50382913],
        [0.5, 0.36353375, 0.24165883],
        [0.0, 0.5, 0.0],
        [0.5, 0.63646625, 0.75834117],
        [0.0, 0.74808543, 0.49617087],
        [0.5, 0.87812508, 0.24165883]
    ],
    "relaxed_energy": -127.46913406,
    "relaxed_forces": [
        [-0.0, 0.05997739, 0.02603757],
        [0.0, -0.05997739, -0.02603757],
        [-0.0, 0.02603757, 0.05997739],
        [0.0, 0.0, 0.0],
        [0.0, -0.02603757, -0.05997739],
        [0.0, 0.0, 0.0],
        [0.0, -0.04089234, 0.04976152],
        [0.0, 0.05250394, 0.05250394],
        [0.0, -0.04976152, 0.04089234],
        [0.0, 0.0, 0.0],
        [0.0, 0.04976152, -0.04089234],
        [0.0, -0.05250394, -0.05250394],
        [-0.0, 0.04089234, -0.04976152]
    ],
    "relaxed_lattice": [
        [4.49079693, 0.0, 0.0],
        [0.0, 4.66901681, -4.66901681],
        [0.0, 2.31813933, 6.98715614]
    ]
}