{
    "atom_type": [
        "N",
        "Zr"
    ],
    "atoms_per_type": [
        4,
        6
    ],
    "coord_mode": "direct",
    "relaxed_basis": [
        [0.3333333, 0.6666667, 0.0833333],
        [0.0, 0.0, 0.74929239],
        [0.3333333, 0.6666667, 0.5833333],
        [0.6666667, 0.3333333, 0.41737431],
        [0.0, 0.0, 0.00428009],
        [0.3333333, 0.6666667, 0.83036004],
        [0.6666667, 0.3333333, 0.6697129],
        [0.0, 0.0, 0.4969538],
        [0.3333333, 0.6666667, 0.33630656],
        [0.6666667, 0.3333333, 0.16238661]
    ],
    "relaxed_energy": -98.69150167,
    "relaxed_forces": [
        [0.0, -0.0, -0.0],
        [-0.03642471, -0.03642471, -0.03642471],
        [0.0, -0.0, -0.0],
        [0.03642471, 0.03642471, 0.03642471],
        [0.0355007, 0.0355007, 0.0355007],
        [-0.04396054, -0.04396054, -0.04396054],
        [0.01054485, 0.01054485, 0.01054485],
        [-0.01054485, -0.01054485, -0.01054485],
        [0.04396054, 0.04396054, 0.04396054],
        [-0.0355007, -0.0355007, -0.0355007]
    ],
    "relaxed_lattice": [
        [2.3082579, 0.0, -2.3082579],
        [-2.3082579, 2.3082579, 0.0],
        [9.16903674, 9.16903674, 9.16903674]
    ]
}