{
    "atom_type": [
        "N",
        "Zr"
    ],
    "atoms_per_type": [
        3,
        5
    ],
    "coord_mode": "direct",
    "relaxed_basis": [
        [0.4, 0.3, 0.9],
        [0.60032445, 0.6993706, 0.09998051],
        [0.19967555, 0.9006294, 0.70001949],
        [0.00587054, 0.99516169, 0.99309724],
        [0.60206893, 0.18899513, 0.60686701],
        [0.19793107, 0.41100487, 0.19313299],
        [0.79412946, 0.60483831, 0.80690276],
        [0.4, 0.8, 0.4]
    ],
    "relaxed_energy": -78.4187213,
    "relaxed_forces": [
        [0.0, -0.0, -0.0],
        [-0.03914839, 0.03914839, 0.03791546],
        [0.03914839, -0.03914839, -0.03791546],
        [-0.03317118, 0.03317118, -0.09562792],
        [0.0989378, -0.0989378, 0.03784118],
        [-0.0989378, 0.0989378, -0.03784118],
        [0.03317118, -0.03317118, 0.09562792],
        [0.0, -0.0, 0.0]
    ],
    "relaxed_lattice": [
        [2.32089123, 2.32089123, 0.0],
        [-2.29335886, 4.61425008, 2.27951172],
        [2.32142833, -0.00053709, 6.86797136]
    ]
}