{
    "atom_type": [
        "N",
        "Zr"
    ],
    "atoms_per_type": [
        5,
        8
    ],
    "coord_mode": "direct",
    "relaxed_basis": [
        [0.5, 0.5, 0.5],
        [0.00215817, 0.24456705, 0.75111661],
        [0.24762135, 0.62897526, 0.87578204],
        [0.75237865, 0.37102474, 0.12421796],
        [0.99784183, 0.75543295, 0.24888339],
        [0.0, 0.0, 0.0],
        [0.23859331, 0.40289525, 0.11991812],
        [0.50657548, 0.72448484, 0.26236421],
        [0.75538747, 0.12707769, 0.36214738],
        [0.0, 0.5, 0.5],
        [0.24461253, 0.87292231, 0.63785262],
        [0.49342452, 0.27551516, 0.73763579],
        [0.76140669, 0.59710475, 0.88008188]
    ],
    "relaxed_energy": -128.28042897,
    "relaxed_forces": [
        [-0.0, -0.0, 0.0],
        [-0.0, -0.01231085, 0.0028987],
        [0.0, 0.00938023, -0.00747114],
        [-0.0, -0.00938023, 0.00747114],
        [0.0, 0.01231085, -0.0028987],
        [-0.0, 0.0, 0.0],
        [-0.0, -0.00974998, -0.02439848],
        [0.0, 0.01414255, 0.0123198],
        [0.0, 0.02659243, -0.02905932],
        [-0.0, 0.0, 0.0],
        [-0.0, -0.02659243, 0.02905932],
        [-0.0, -0.01414255, -0.0123198],
        [0.0, 0.00974998, 0.02439848]
    ],
    "relaxed_lattice": [
        [4.5490629, 0.0, -0.0],
        [2.27453146, 4.63048564, -2.35766885],
        [2.27453146, 4.59231913, 6.99657242]
    ]
}