{
    "atom_type": [
        "N",
        "Zr"
    ],
    "atoms_per_type": [
        2,
        3
    ],
    "coord_mode": "direct",
    "relaxed_basis": [
        [0.66921511, 0.16921511, 0.33843012],
        [0.99745159, 0.49745159, 0.99490318],
        [0.01365684, 0.01365684, 0.02731367],
        [0.3333333, 0.3333333, 0.6666667],
        [0.65300986, 0.65300986, 0.30601963]
    ],
    "relaxed_energy": -49.57020763,
    "relaxed_forces": [
        [0.0457678, -0.0, 0.0457678],
        [-0.0457678, 0.0, -0.0457678],
        [0.01379413, -0.0, 0.01379413],
        [-0.0, 0.0, -0.0],
        [-0.01379413, 0.0, -0.01379413]
    ],
    "relaxed_lattice": [
        [2.3226844, 0.0, -2.3226844],
        [-0.0, 4.53950911, -0.0],
        [2.33618689, -2.26975456, 4.65887129]
    ]
}