{
    "atom_type": [
        "N",
        "Zr"
    ],
    "atoms_per_type": [
        5,
        7
    ],
    "coord_mode": "direct",
    "relaxed_basis": [
        [0.28643964, 0.78643964, 0.57287927],
        [0.42784606, 0.92784606, 0.85569223],
        [0.71474262, 0.21474262, 0.42948524],
        [0.8571429, 0.3571429, 0.7142857],
        [0.99954308, 0.49954308, 0.99908616],
        [0.99850626, 0.99850626, 0.99701252],
        [0.14502999, 0.14502999, 0.29006007],
        [0.28265463, 0.28265463, 0.56530926],
        [0.43163107, 0.43163107, 0.86326224],
        [0.56925571, 0.56925571, 0.13851133],
        [0.71577944, 0.71577944, 0.43155888],
        [0.8571429, 0.8571429, 0.7142857]
    ],
    "relaxed_energy": -119.16687992,
    "relaxed_forces": [
        [0.07334029, -0.0, 0.07334029],
        [-0.07334029, 0.0, -0.07334029],
        [-0.00146906, 0.0, -0.00146906],
        [-0.0, 0.0, 0.0],
        [0.00146906, -0.0, 0.00146906],
        [-0.07620025, 0.0, -0.07620025],
        [0.06490625, -0.0, 0.06490625],
        [0.01034898, -0.0, 0.01034898],
        [-0.01034898, 0.0, -0.01034898],
        [-0.06490625, 0.0, -0.06490625],
        [0.07620025, -0.0, 0.07620025],
        [-0.0, -0.0, 0.0]
    ],
    "relaxed_lattice": [
        [2.30391781, 0.0, -2.30391781],
        [-0.0, 4.58359218, -0.0],
        [6.91837213, -2.29179609, 9.22228994]
    ]
}