{
    "atom_type": [
        "N",
        "Zr"
    ],
    "atoms_per_type": [
        3,
        8
    ],
    "coord_mode": "direct",
    "relaxed_basis": [
        [0.7518171, 0.12055142, 0.18711777],
        [0.25, 0.875, 0.3125],
        [0.7481829, 0.62944858, 0.43788223],
        [0.99903417, 0.01025043, 0.00887273],
        [0.49311223, 0.75829612, 0.13735778],
        [0.98756671, 0.50323682, 0.25780165],
        [0.51243329, 0.24676318, 0.36719835],
        [0.00688777, 0.99170388, 0.48764222],
        [0.50096583, 0.73974957, 0.61612727],
        [0.99722947, 0.49952187, 0.75047119],
        [0.50277053, 0.25047813, 0.87452881]
    ],
    "relaxed_energy": -103.77877576,
    "relaxed_forces": [
        [-0.00717457, -0.01445076, 0.06465322],
        [-0.0, -0.0, 0.0],
        [0.00717457, 0.01445076, -0.06465322],
        [-0.07097431, -0.0193173, 0.03727574],
        [-0.03858279, -0.04033564, -0.03026497],
        [-0.00970914, 0.00298531, -0.03616263],
        [0.00970914, -0.00298531, 0.03616263],
        [0.03858279, 0.04033564, 0.03026497],
        [0.07097431, 0.0193173, -0.03727574],
        [0.03510296, 0.00636235, 0.00479377],
        [-0.03510296, -0.00636235, -0.00479377]
    ],
    "relaxed_lattice": [
        [2.26423489, 2.26135532, -4.70161311],
        [-2.30026311, 4.55526083, 2.34886029],
        [4.56566705, -0.02288679, 4.70879336]
    ]
}