{
    "atom_type": [
        "N",
        "Zr"
    ],
    "atoms_per_type": [
        5,
        8
    ],
    "coord_mode": "direct",
    "relaxed_basis": [
        [0.43757435, 0.43757435, 0.68727694],
        [0.18733618, 0.18733618, 0.43799147],
        [0.06266034, 0.06266034, 0.81201899],
        [0.93759835, 0.93759835, 0.18720495],
        [0.81241521, 0.81241521, 0.56275438],
        [0.00015469, 0.00015469, 0.99953593],
        [0.87432818, 0.87432818, 0.37701547],
        [0.74950478, 0.74950478, 0.75148565],
        [0.62407397, 0.62407397, 0.1277781],
        [0.5006693, 0.5006693, 0.4979921],
        [0.37525141, 0.37525141, 0.87424578],
        [0.25103158, 0.25103158, 0.24690526],
        [0.12490167, 0.12490167, 0.62529499]
    ],
    "relaxed_energy": -127.40564484,
    "relaxed_forces": [
        [-0.01781666, -0.01781666, 0.01781666],
        [0.01223821, 0.01223821, -0.01223821],
        [0.007586, 0.007586, -0.007586],
        [0.01856898, 0.01856898, -0.01856898],
        [-0.00048796, -0.00048796, 0.00048796],
        [0.02215411, 0.02215411, -0.02215411],
        [-0.00803788, -0.00803788, 0.00803788],
        [0.02142484, 0.02142484, -0.02142484],
        [-0.04859383, -0.04859383, 0.04859383],
        [-0.06506943, -0.06506943, 0.06506943],
        [0.02045503, 0.02045503, -0.02045503],
        [0.02414079, 0.02414079, -0.02414079],
        [0.01343779, 0.01343779, -0.01343779]
    ],
    "relaxed_lattice": [
        [2.2996275, 0.0, 2.2996275],
        [0.0, 2.2996275, 2.2996275],
        [-11.47881739, -11.47881739, 13.77844489]
    ]
}