{
    "atom_type": [
        "N",
        "Zr"
    ],
    "atoms_per_type": [
        5,
        8
    ],
    "coord_mode": "direct",
    "relaxed_basis": [
        [0.50053976, 0.00053976, 0.50107952],
        [0.8756356, 0.8756356, 0.2512712],
        [0.62688889, 0.62688889, 0.75377778],
        [0.00053976, 0.50053976, 0.50107952],
        [0.37307098, 0.37307098, 0.24614196],
        [0.99870221, 0.99870221, 0.00570693],
        [0.37777628, 0.86087561, 0.73865189],
        [0.73930415, 0.73930415, 0.49282477],
        [0.12925989, 0.63188153, 0.26114142],
        [0.50700472, 0.50700472, 0.00570693],
        [0.86087561, 0.37777628, 0.73865189],
        [0.25352062, 0.25352062, 0.49282477],
        [0.63188153, 0.12925989, 0.26114142]
    ],
    "relaxed_energy": -127.97158786,
    "relaxed_forces": [
        [-0.0, -0.02267474, 0.02267474],
        [-0.0, -0.02334597, 0.02334597],
        [-0.0, 0.01677075, -0.01677075],
        [-0.0, -0.02267474, 0.02267474],
        [-0.0, 0.06105244, -0.06105244],
        [-0.0, 0.03798625, 0.01800102],
        [0.00218323, -0.01340783, 0.01340783],
        [-0.0, -0.04909527, -0.03653016],
        [0.01829024, 0.00513389, -0.00513389],
        [-0.0, -0.01800102, -0.03798625],
        [-0.00218323, -0.01340783, 0.01340783],
        [-0.0, 0.03653016, 0.04909527],
        [-0.01829024, 0.00513389, -0.00513389]
    ],
    "relaxed_lattice": [
        [4.61738387, 2.30652675, 2.30652675],
        [-4.61738387, 2.30652675, 2.30652675],
        [0.0, -6.89959205, 2.28653857]
    ]
}