{
    "atom_type": [
        "N",
        "Zr"
    ],
    "atoms_per_type": [
        3,
        6
    ],
    "coord_mode": "direct",
    "relaxed_basis": [
        [0.0, 0.5, 0.33607005],
        [0.0, 0.5, 0.66510035],
        [0.5, 0.0, 0.83598162],
        [0.0, 0.0, 0.99355389],
        [0.5, 0.5, 0.17853724],
        [0.0, 0.0, 0.32670567],
        [0.5, 0.5, 0.49576508],
        [0.0, 0.0, 0.67904782],
        [0.5, 0.5, 0.82257158]
    ],
    "relaxed_energy": -86.98422217,
    "relaxed_forces": [
        [-0.00865156, 0.0, 0.00865156],
        [0.03338516, 0.0, -0.03338516],
        [-0.03121481, 0.0, 0.03121481],
        [-0.04064043, 0.0, 0.04064043],
        [-0.00229571, 0.0, 0.00229571],
        [-0.00138142, 0.0, 0.00138142],
        [-0.00666807, 0.0, 0.00666807],
        [0.0509666, 0.0, -0.0509666],
        [0.00650023, 0.0, -0.00650023]
    ],
    "relaxed_lattice": [
        [2.33011196, 0.0, 2.33011196],
        [0.0, 4.53202383, 0.0],
        [-6.947858, 0.0, 6.947858]
    ]
}