{
    "atom_type": [
        "N",
        "Zr"
    ],
    "atoms_per_type": [
        6,
        8
    ],
    "coord_mode": "direct",
    "relaxed_basis": [
        [0.5, 0.50051138, 0.50034045],
        [0.0, 0.74948862, 0.74965955],
        [0.5, 0.00073573, 0.50073573],
        [0.5, 0.00034045, 0.00051138],
        [0.0, 0.24926427, 0.74926427],
        [0.0, 0.24965955, 0.24948862],
        [0.0, 0.00546992, 0.99471745],
        [0.0, 0.00531966, 0.50531966],
        [0.5, 0.24453008, 0.25528255],
        [0.5, 0.24468034, 0.74468034],
        [0.0, 0.49471745, 0.50546992],
        [0.0, 0.49729278, 0.99729278],
        [0.5, 0.75528255, 0.74453008],
        [0.5, 0.75270722, 0.25270722]
    ],
    "relaxed_energy": -139.80251386,
    "relaxed_forces": [
        [0.0, -0.01735086, 0.03263102],
        [-0.0, 0.01735086, -0.03263102],
        [-0.0, -0.00431433, -0.0],
        [-0.0, -0.01735086, -0.03263102],
        [-0.0, 0.00431433, -0.0],
        [0.0, 0.01735086, 0.03263102],
        [-0.0, 0.02980754, 0.06919528],
        [-0.0, -0.00391477, -0.0],
        [0.0, -0.02980754, -0.06919528],
        [0.0, 0.00391477, -0.0],
        [0.0, 0.02980754, -0.06919528],
        [-0.0, -0.01263585, -0.0],
        [-0.0, -0.02980754, 0.06919528],
        [-0.0, 0.01263585, -0.0]
    ],
    "relaxed_lattice": [
        [-4.61270197, 0.0, 0.0],
        [0.0, 4.58821526, 4.59926193],
        [0.0, 4.58821526, -4.59926193]
    ]
}