{
    "atom_type": [
        "N",
        "Zr"
    ],
    "atoms_per_type": [
        5,
        8
    ],
    "coord_mode": "direct",
    "relaxed_basis": [
        [0.5, 0.50005022, 0.99897332],
        [0.5, 0.75019522, 0.5],
        [0.0, 0.8767565, 0.25264728],
        [0.5, 0.0010769, 0.00102668],
        [0.0, 0.12410921, 0.74735272],
        [0.0, 0.99997283, 0.00128385],
        [0.5, 0.1207294, 0.75842065],
        [0.0, 0.2416601, 0.5],
        [0.5, 0.38054593, 0.2495675],
        [0.0, 0.49868899, 0.99871615],
        [0.5, 0.63097843, 0.7504325],
        [0.0, 0.76292753, 0.5],
        [0.5, 0.86230875, 0.24157935]
    ],
    "relaxed_energy": -127.74293652,
    "relaxed_forces": [
        [0.0, -0.06674825, -0.05704151],
        [0.0, -0.00577629, 0.00577629],
        [0.0, -0.01237902, -0.04223025],
        [0.0, 0.05704151, 0.06674825],
        [0.0, 0.04223025, 0.01237902],
        [0.0, 0.02310303, 0.05358199],
        [0.0, 0.01775975, 0.05132505],
        [0.0, 0.00167496, -0.00167496],
        [0.0, 0.0234815, 0.01488665],
        [0.0, -0.05358199, -0.02310303],
        [0.0, -0.01488665, -0.0234815],
        [0.0, 0.03940627, -0.03940627],
        [0.0, -0.05132505, -0.01775975]
    ],
    "relaxed_lattice": [
        [4.6111337, 0.0, 0.0],
        [0.0, 4.60406117, -4.60406117],
        [0.0, 2.28581167, 6.88987284]
    ]
}