{
    "atom_type": [
        "N",
        "Zr"
    ],
    "atoms_per_type": [
        2,
        8
    ],
    "coord_mode": "direct",
    "relaxed_basis": [
        [0.0, 0.5, 0.49888279],
        [0.5, 0.0, 0.87611721],
        [0.0, 0.0, 0.99471322],
        [0.5, 0.5, 0.13262516],
        [0.0, 0.0, 0.24237484],
        [0.5, 0.5, 0.38028678],
        [0.0, 0.0, 0.49964303],
        [0.5, 0.5, 0.61756699],
        [0.0, 0.0, 0.75743301],
        [0.5, 0.5, 0.87535697]
    ],
    "relaxed_energy": -92.00448509,
    "relaxed_forces": [
        [0.01895957, 0.0, -0.01895957],
        [-0.01895957, 0.0, 0.01895957],
        [-0.01560181, 0.0, 0.01560181],
        [0.0052114, 0.0, -0.0052114],
        [-0.0052114, 0.0, 0.0052114],
        [0.01560181, 0.0, -0.01560181],
        [-0.00844588, 0.0, 0.00844588],
        [-0.01483072, 0.0, 0.01483072],
        [0.01483072, 0.0, -0.01483072],
        [0.00844588, 0.0, -0.00844588]
    ],
    "relaxed_lattice": [
        [2.31510355, 0.0, 2.31510355],
        [0.0, 4.54740166, 0.0],
        [-9.16754013, 0.0, 9.16754013]
    ]
}