{
    "atom_type": [
        "N",
        "Zr"
    ],
    "atoms_per_type": [
        1,
        7
    ],
    "coord_mode": "direct",
    "relaxed_basis": [
        [0.5, 0.0, 0.5],
        [0.0, 0.0, 0.0],
        [0.71667455, 0.43334909, 0.86232769],
        [0.4271252, 0.8542505, 0.71693526],
        [0.13628284, 0.27256577, 0.57099799],
        [0.86371716, 0.72743423, 0.42900201],
        [0.5728748, 0.1457495, 0.28306474],
        [0.28332545, 0.56665091, 0.13767231]
    ],
    "relaxed_energy": -71.32704335,
    "relaxed_forces": [
        [0.0, -0.0, 0.0],
        [0.0, -0.0, 0.0],
        [0.02166309, 0.02166309, 0.03512871],
        [-0.02904586, -0.02904586, 0.05859405],
        [-0.12042394, -0.12042394, 0.06469414],
        [0.12042394, 0.12042394, -0.06469414],
        [0.02904586, 0.02904586, -0.05859405],
        [-0.02166309, -0.02166309, -0.03512871]
    ],
    "relaxed_lattice": [
        [2.28951783, -2.28951783, 0.0],
        [2.27908641, 4.56860423, -2.27494953],
        [2.29231235, 2.29231235, 9.12868616]
    ]
}