{
    "atom_type": [
        "N",
        "Zr"
    ],
    "atoms_per_type": [
        4,
        6
    ],
    "coord_mode": "direct",
    "relaxed_basis": [
        [0.5, 0.8333333, 0.8333333],
        [0.5, 0.16438186, 0.16648916],
        [0.0, 0.3333333, 0.8333333],
        [0.5, 0.50228484, 0.50017754],
        [0.0, 0.00781119, 0.99916668],
        [0.5, 0.17337517, 0.67342049],
        [0.0, 0.3333333, 0.3333333],
        [0.5, 0.49329153, 0.99324621],
        [0.0, 0.65885551, 0.66750002],
        [0.5, 0.8333333, 0.3333333]
    ],
    "relaxed_energy": -98.88764397,
    "relaxed_forces": [
        [0.0, -0.0, 0.0],
        [-0.02082544, -0.04267033, -0.02082544],
        [0.0, -0.0, 0.0],
        [0.02082544, 0.04267033, 0.02082544],
        [0.02154098, 0.00256174, 0.02154098],
        [0.02769922, -0.00133824, 0.02769922],
        [0.0, -0.0, 0.0],
        [-0.02769922, 0.00133824, -0.02769922],
        [-0.02154098, -0.00256174, -0.02154098],
        [0.0, -0.0, 0.0]
    ],
    "relaxed_lattice": [
        [2.31328514, 0.0, -2.31328514],
        [2.29177926, 4.5666083, 2.29177926],
        [4.61088684, -4.59388048, 4.61088684]
    ]
}