{
    "atom_type": [
        "N",
        "Zr"
    ],
    "atoms_per_type": [
        3,
        8
    ],
    "coord_mode": "direct",
    "relaxed_basis": [
        [0.5, 0.25183047, 0.49966782],
        [0.0, 0.5, 0.25202332],
        [0.5, 0.74816953, 0.49966782],
        [0.0, 0.0, 0.99607225],
        [0.0, 0.0, 0.50247451],
        [0.5, 0.24958839, 0.75401589],
        [0.5, 0.25841015, 0.25064793],
        [0.0, 0.5, 0.49519895],
        [0.0, 0.5, 0.99556771],
        [0.5, 0.74158985, 0.25064793],
        [0.5, 0.75041161, 0.75401589]
    ],
    "relaxed_energy": -103.75035688,
    "relaxed_forces": [
        [0.00045238, -0.00045238, 0.02486067],
        [0.0, -0.0, -0.06765272],
        [-0.00045238, 0.00045238, 0.02486067],
        [0.0, 0.0, -0.0684043],
        [0.0, -0.0, 0.06763848],
        [0.00644283, -0.00644283, 0.07695159],
        [0.00145722, -0.00145722, -0.05709328],
        [0.0, 0.0, 0.1219662],
        [0.0, 0.0, -0.14298561],
        [-0.00145722, 0.00145722, -0.05709328],
        [-0.00644283, 0.00644283, 0.07695159]
    ],
    "relaxed_lattice": [
        [2.30485244, 2.30485244, 0.0],
        [-4.593433, 4.593433, 0.0],
        [0.0, 0.0, 9.06459075]
    ]
}