{
    "atom_type": [
        "N",
        "Zr"
    ],
    "atoms_per_type": [
        4,
        8
    ],
    "coord_mode": "direct",
    "relaxed_basis": [
        [0.5, 0.5, 0.24897767],
        [0.5, 0.5, 0.5014934],
        [0.0, 0.0, 0.6250035],
        [0.5, 0.5, 0.74843644],
        [0.0, 0.0, 0.00092151],
        [0.5, 0.5, 0.12334203],
        [0.0, 0.0, 0.24986959],
        [0.5, 0.5, 0.3736649],
        [0.0, 0.0, 0.4987021],
        [0.5, 0.5, 0.62466044],
        [0.0, 0.0, 0.75182429],
        [0.5, 0.5, 0.87810413]
    ],
    "relaxed_energy": -115.55399255,
    "relaxed_forces": [
        [-0.0, -0.0, 0.12368512],
        [-0.0, -0.0, 0.03107814],
        [-0.0, -0.0, -0.02596743],
        [-0.0, -0.0, -0.05736902],
        [-0.0, -0.0, -0.08263497],
        [-0.0, -0.0, 0.02247082],
        [-0.0, -0.0, 0.05514599],
        [0.0, 0.0, 0.01117347],
        [0.0, 0.0, 0.10032919],
        [0.0, -0.0, -0.01379212],
        [-0.0, -0.0, -0.15240791],
        [0.0, 0.0, -0.01171129]
    ],
    "relaxed_lattice": [
        [2.29690795, 2.29690795, 0.0],
        [2.29690795, -2.29690795, 0.0],
        [0.0, 0.0, -18.24978317]
    ]
}