{
    "atom_type": [
        "N",
        "Zr"
    ],
    "atoms_per_type": [
        3,
        7
    ],
    "coord_mode": "direct",
    "relaxed_basis": [
        [0.50130151, 0.50130151, 0.00260303],
        [0.3571429, 0.3571429, 0.7142857],
        [0.21298419, 0.21298419, 0.42596837],
        [0.0001003, 0.0001003, 0.00020061],
        [0.8571429, 0.8571429, 0.7142857],
        [0.7141854, 0.7141854, 0.42837079],
        [0.57304672, 0.57304672, 0.14609334],
        [0.42871321, 0.42871321, 0.85742652],
        [0.28557249, 0.28557249, 0.57114498],
        [0.14123898, 0.14123898, 0.28247806]
    ],
    "relaxed_energy": -95.12526271,
    "relaxed_forces": [
        [0.0, -0.0, 0.04999754],
        [0.0, 0.0, -0.0],
        [-0.0, -0.0, -0.04999754],
        [-0.0, 0.0, 0.01161601],
        [0.0, 0.0, -0.0],
        [0.0, -0.0, -0.01161601],
        [0.0, -0.0, -0.06320007],
        [-0.0, -0.0, 0.13907591],
        [0.0, -0.0, -0.13907591],
        [-0.0, -0.0, 0.06320007]
    ],
    "relaxed_lattice": [
        [2.30322092, -2.30322092, 0.0],
        [2.30322092, 2.30322092, 0.0],
        [-2.30322092, 0.0, 15.72531968]
    ]
}