{
    "atom_type": [
        "N",
        "Zr"
    ],
    "atoms_per_type": [
        1,
        7
    ],
    "coord_mode": "direct",
    "relaxed_basis": [
        [0.9285714, 0.3571429, 0.2142857],
        [0.000336, 0.00764898, 0.99908753],
        [0.57907758, 0.14194463, 0.2860503],
        [0.14376957, 0.2853783, 0.56377962],
        [0.71337323, 0.4289074, 0.86479188],
        [0.27806532, 0.57234107, 0.1425211],
        [0.8568069, 0.70663672, 0.42948387],
        [0.4285714, 0.8571429, 0.7142857]
    ],
    "relaxed_energy": -71.24152867,
    "relaxed_forces": [
        [0.0, -0.0, -0.0],
        [-0.06957716, -0.03795546, 0.0462795],
        [0.0462795, -0.06957716, -0.03795546],
        [0.03795546, -0.0462795, 0.06957716],
        [-0.03795546, 0.0462795, -0.06957716],
        [-0.0462795, 0.06957716, 0.03795546],
        [0.06957716, 0.03795546, -0.0462795],
        [0.0, -0.0, 0.0]
    ],
    "relaxed_lattice": [
        [2.27321885, -4.57645682, -2.29323161],
        [-4.57645682, -2.29323161, 2.27321885],
        [-2.29323161, 2.27321885, -4.57645682]
    ]
}