{
    "atom_type": [
        "N",
        "Zr"
    ],
    "atoms_per_type": [
        4,
        8
    ],
    "coord_mode": "direct",
    "relaxed_basis": [
        [0.75, 0.875, 0.625],
        [0.49831801, 0.00416399, 0.99919998],
        [0.75, 0.375, 0.125],
        [0.00168199, 0.74583601, 0.25080002],
        [0.98492614, 0.01514028, 0.01500745],
        [0.25, 0.375, 0.125],
        [0.51507386, 0.73485972, 0.23499255],
        [0.7597123, 0.10490796, 0.37566744],
        [0.98799115, 0.52146236, 0.50255534],
        [0.25, 0.875, 0.625],
        [0.51200885, 0.22853764, 0.74744466],
        [0.7402877, 0.64509204, 0.87433256]
    ],
    "relaxed_energy": -116.23435379,
    "relaxed_forces": [
        [-0.0, 0.0, 0.0],
        [0.0, 0.03876519, -0.01595345],
        [-0.0, 0.0, 0.0],
        [-0.0, -0.03876519, 0.01595345],
        [0.0, 0.02156754, 0.03765826],
        [-0.0, 0.0, 0.0],
        [-0.0, -0.02156754, -0.03765826],
        [-0.0, -0.070065, 0.02444085],
        [-0.0, -0.0086025, 0.00949023],
        [-0.0, 0.0, 0.0],
        [0.0, 0.0086025, -0.00949023],
        [0.0, 0.070065, -0.02444085]
    ],
    "relaxed_lattice": [
        [4.56589653, 0.0, 0.0],
        [2.28294827, 4.68099919, -2.2645999],
        [2.28294827, 4.74313559, 6.91567959]
    ]
}