{
    "atom_type": [
        "N",
        "Zr"
    ],
    "atoms_per_type": [
        4,
        8
    ],
    "coord_mode": "direct",
    "relaxed_basis": [
        [0.0, 0.6237759, 0.74640749],
        [0.0, 0.87775348, 0.25141983],
        [0.5, 0.0012229, 0.00215101],
        [0.0, 0.12537918, 0.75192631],
        [0.0, 0.98566202, 0.99296644],
        [0.5, 0.12189811, 0.76418427],
        [0.0, 0.24673338, 0.50853742],
        [0.5, 0.37248615, 0.24651996],
        [0.0, 0.50289685, 0.9968337],
        [0.5, 0.63089215, 0.75077828],
        [0.0, 0.75707038, 0.49821088],
        [0.5, 0.8792295, 0.24006442]
    ],
    "relaxed_energy": -115.69135154,
    "relaxed_forces": [
        [0.0, -0.0063866, 0.01353764],
        [0.0, 0.02733429, -0.01834547],
        [0.0, 0.01759741, -0.00308089],
        [0.0, 0.00953474, 0.02697052],
        [0.0, 0.00631978, -0.01556796],
        [0.0, 0.04024326, 0.02005935],
        [0.0, 0.00655905, 0.03441992],
        [0.0, 0.01503921, -0.05454843],
        [0.0, -0.04146842, -0.02765002],
        [0.0, -0.07575918, 0.01144379],
        [0.0, -0.00011718, -0.0058851],
        [0.0, 0.00110364, 0.01864663]
    ],
    "relaxed_lattice": [
        [4.538956, 0.0, 0.0],
        [0.0, 4.618197, -4.67555585],
        [0.0, 2.27401424, 6.97837675]
    ]
}