{
    "atom_type": [
        "N",
        "Zr"
    ],
    "atoms_per_type": [
        5,
        8
    ],
    "coord_mode": "direct",
    "relaxed_basis": [
        [0.0, 0.0, 0.12445627],
        [0.5, 0.5, 0.25019789],
        [0.5, 0.5, 0.50076237],
        [0.0, 0.0, 0.62497999],
        [0.5, 0.5, 0.74973185],
        [0.0, 0.0, 0.9974839],
        [0.5, 0.5, 0.12791784],
        [0.0, 0.0, 0.2478425],
        [0.5, 0.5, 0.37485194],
        [0.0, 0.0, 0.50014914],
        [0.5, 0.5, 0.62470114],
        [0.0, 0.0, 0.7497427],
        [0.5, 0.5, 0.87718247]
    ],
    "relaxed_energy": -127.54151505,
    "relaxed_forces": [
        [0.0, 0.0, 0.07105361],
        [0.0, 0.0, -0.002438],
        [0.0, 0.0, 0.00903204],
        [0.0, 0.0, -0.01549602],
        [-0.0, -0.0, 0.00862166],
        [0.0, 0.0, 0.00904384],
        [-0.0, -0.0, -0.13416322],
        [0.0, 0.0, 0.14602724],
        [0.0, 0.0, -0.04119262],
        [0.0, 0.0, -0.03540508],
        [0.0, -0.0, -0.00165611],
        [0.0, 0.0, -0.00260544],
        [-0.0, -0.0, -0.0108219]
    ],
    "relaxed_lattice": [
        [2.29978604, 2.29978604, 0.0],
        [2.29978604, -2.29978604, 0.0],
        [0.0, 0.0, -18.32511183]
    ]
}