{
    "atom_type": [
        "N",
        "Zr"
    ],
    "atoms_per_type": [
        2,
        7
    ],
    "coord_mode": "direct",
    "relaxed_basis": [
        [0.85673264, 0.35673264, 0.71346518],
        [0.00041026, 0.50041026, 0.00082052],
        [0.00084042, 0.00084042, 0.00168085],
        [0.14657314, 0.14657314, 0.29314637],
        [0.28876826, 0.28876826, 0.57753651],
        [0.4285714, 0.4285714, 0.8571429],
        [0.56837464, 0.56837464, 0.13674919],
        [0.71056966, 0.71056966, 0.42113933],
        [0.85630248, 0.85630248, 0.71260485]
    ],
    "relaxed_energy": -83.39211981,
    "relaxed_forces": [
        [0.00036463, -0.0, 0.00036463],
        [-0.00036463, 0.0, -0.00036463],
        [-0.04563755, 0.0, -0.04563755],
        [0.04228559, -0.0, 0.04228559],
        [0.03392449, -0.0, 0.03392449],
        [0.0, 0.0, -0.0],
        [-0.03392449, 0.0, -0.03392449],
        [-0.04228559, 0.0, -0.04228559],
        [0.04563755, -0.0, 0.04563755]
    ],
    "relaxed_lattice": [
        [2.29323071, 0.0, -2.29323071],
        [0.0, 4.588481, 0.0],
        [6.8551514, -2.29424051, 9.14838211]
    ]
}