{
    "atom_type": [
        "N",
        "Zr"
    ],
    "atoms_per_type": [
        1,
        8
    ],
    "coord_mode": "direct",
    "relaxed_basis": [
        [0.5, 0.0, 0.0],
        [0.0, 0.0, 0.0],
        [0.12943818, 0.62943818, 0.25887635],
        [0.25, 0.25, 0.5],
        [0.3771635, 0.8771635, 0.75432699],
        [0.5, 0.5, 0.0],
        [0.6228365, 0.1228365, 0.24567301],
        [0.75, 0.75, 0.5],
        [0.87056182, 0.37056182, 0.74112365]
    ],
    "relaxed_energy": -80.00239381,
    "relaxed_forces": [
        [0.0, -0.0, 0.0],
        [0.0, -0.0, 0.0],
        [-0.0, -0.0, 0.05062902],
        [-0.0, 0.0, 0.0],
        [-0.0, -0.0, 0.051956],
        [0.0, -0.0, 0.0],
        [0.0, 0.0, -0.051956],
        [-0.0, -0.0, 0.0],
        [0.0, 0.0, -0.05062902]
    ],
    "relaxed_lattice": [
        [4.55544035, 0.0, 0.0],
        [0.0, 4.55544035, 0.0],
        [-2.27772018, -2.27772018, 9.12356975]
    ]
}